Series_reference,Period,Data_value,STATUS,Group,Subject,Series_title_1,Series_title_2,Series_title_3,Series_title_4,Series_title_5,UNITS,MAGNTUDE
GFSA.SLS01G01Z90,2009.06,715,FINAL,"Local Government, Operating Statement, Net Balances",Government Financial Statistics - GFS,Net operating balance,,,,,Dollars,6
GFSA.SLS01G01Z90,2010.06,907,FINAL,"Local Government, Operating Statement, Net Balances",Government Financial Statistics - GFS,Net operating balance,,,,,Dollars,6
GFSA.SLS01G01Z90,2011.06,350,FINAL,"Local Government, Operating Statement, Net Balances",Government Financial Statistics - GFS,Net operating balance,,,,,Dollars,6
GFSA.SLS01G01Z90,2012.06,512,FINAL,"Local Government, Operating Statement, Net Balances",Government Financial Statistics - GFS,Net operating balance,,,,,Dollars,6
GFSA.SLS01G01Z90,2013.06,1033,FINAL,"Local Government, Operating Statement, Net Balances",Government Financial Statistics - GFS,Net operating balance,,,,,Dollars,6
GFSA.SLS01G01Z90,2014.06,944,FINAL,"Local Government, Operating Statement, Net Balances",Government Financial Statistics - GFS,Net operating balance,,,,,Dollars,6
GFSA.SLS01G01Z90,2015.06,1033,FINAL,"Local Government, Operating Statement, Net Balances",Government Financial Statistics - GFS,Net operating balance,,,,,Dollars,6
GFSA.SLS01G01Z90,2016.06,1154,FINAL,"Local Government, Operating Statement, Net Balances",Government Financial Statistics - GFS,Net operating balance,,,,,Dollars,6
GFSA.SLS01G01Z90,2017.06,1106,FINAL,"Local Government, Operating Statement, Net Balances",Government Financial Statistics - GFS,Net operating balance,,,,,Dollars,6
GFSA.SLS01G01Z90,2018.06,1639,REVISED,"Local Government, Operating Statement, Net Balances",Government Financial Statistics - GFS,Net operating balance,,,,,Dollars,6
GFSA.SLS01G01Z90,2019.06,1872,REVISED,"Local Government, Operating Statement, Net Balances",Government Financial Statistics - GFS,Net operating balance,,,,,Dollars,6
GFSA.SLS01G01Z90,2020.06,1609,REVISED,"Local Government, Operating Statement, Net Balances",Government Financial Statistics - GFS,Net operating balance,,,,,Dollars,6
GFSA.SLS01G01Z90,2021.06,2295,REVISED,"Local Government, Operating Statement, Net Balances",Government Financial Statistics - GFS,Net operating balance,,,,,Dollars,6
GFSA.SLS01G01Z90,2022.06,2520,REVISED,"Local Government, Operating Statement, Net Balances",Government Financial Statistics - GFS,Net operating balance,,,,,Dollars,6
GFSA.SLS01G01Z90,2023.06,2399,REVISED,"Local Government, Operating Statement, Net Balances",Government Financial Statistics - GFS,Net operating balance,,,,,Dollars,6
GFSA.SLS01G01Z90,2024.06,2436,REVISED,"Local Government, Operating Statement, Net Balances",Government Financial Statistics - GFS,Net operating balance,,,,,Dollars,6
GFSA.SLS01G01Z90,2025.06,2894,PROVISIONAL,"Local Government, Operating Statement, Net Balances",Government Financial Statistics - GFS,Net operating balance,,,,,Dollars,6
GFSA.SLS01G01Z91,2009.06,-1092,FINAL,"Local Government, Operating Statement, Net Balances",Government Financial Statistics - GFS,Net lending/borrowing,,,,,Dollars,6
GFSA.SLS01G01Z91,2010.06,-927,REVISED,"Local Government, Operating Statement, Net Balances",Government Financial Statistics - GFS,Net lending/borrowing,,,,,Dollars,6
GFSA.SLS01G01Z91,2011.06,-849,FINAL,"Local Government, Operating Statement, Net Balances",Government Financial Statistics - GFS,Net lending/borrowing,,,,,Dollars,6
GFSA.SLS01G01Z91,2012.06,-545,FINAL,"Local Government, Operating Statement, Net Balances",Government Financial Statistics - GFS,Net lending/borrowing,,,,,Dollars,6
GFSA.SLS01G01Z91,2013.06,-1196,FINAL,"Local Government, Operating Statement, Net Balances",Government Financial Statistics - GFS,Net lending/borrowing,,,,,Dollars,6
GFSA.SLS01G01Z91,2014.06,-714,FINAL,"Local Government, Operating Statement, Net Balances",Government Financial Statistics - GFS,Net lending/borrowing,,,,,Dollars,6
GFSA.SLS01G01Z91,2015.06,-778,FINAL,"Local Government, Operating Statement, Net Balances",Government Financial Statistics - GFS,Net lending/borrowing,,,,,Dollars,6
GFSA.SLS01G01Z91,2016.06,-402,FINAL,"Local Government, Operating Statement, Net Balances",Government Financial Statistics - GFS,Net lending/borrowing,,,,,Dollars,6
GFSA.SLS01G01Z91,2017.06,-522,FINAL,"Local Government, Operating Statement, Net Balances",Government Financial Statistics - GFS,Net lending/borrowing,,,,,Dollars,6
GFSA.SLS01G01Z91,2018.06,-628,REVISED,"Local Government, Operating Statement, Net Balances",Government Financial Statistics - GFS,Net lending/borrowing,,,,,Dollars,6
GFSA.SLS01G01Z91,2019.06,-688,FINAL,"Local Government, Operating Statement, Net Balances",Government Financial Statistics - GFS,Net lending/borrowing,,,,,Dollars,6
GFSA.SLS01G01Z91,2020.06,-1335,FINAL,"Local Government, Operating Statement, Net Balances",Government Financial Statistics - GFS,Net lending/borrowing,,,,,Dollars,6
GFSA.SLS01G01Z91,2021.06,-1100,FINAL,"Local Government, Operating Statement, Net Balances",Government Financial Statistics - GFS,Net lending/borrowing,,,,,Dollars,6
GFSA.SLS01G01Z91,2022.06,-976,FINAL,"Local Government, Operating Statement, Net Balances",Government Financial Statistics - GFS,Net lending/borrowing,,,,,Dollars,6
GFSA.SLS01G01Z91,2023.06,-2317,REVISED,"Local Government, Operating Statement, Net Balances",Government Financial Statistics - GFS,Net lending/borrowing,,,,,Dollars,6
GFSA.SLS01G01Z91,2024.06,-2478,REVISED,"Local Government, Operating Statement, Net Balances",Government Financial Statistics - GFS,Net lending/borrowing,,,,,Dollars,6
GFSA.SLS01G01Z91,2025.06,-2734,PROVISIONAL,"Local Government, Operating Statement, Net Balances",Government Financial Statistics - GFS,Net lending/borrowing,,,,,Dollars,6
GFSA.SLS01G02121,2009.06,0,FINAL,"Local Government, Operating Statement, Operating Income",Government Financial Statistics - GFS,Social security contributions,,,,,Dollars,6
GFSA.SLS01G02121,2010.06,0,FINAL,"Local Government, Operating Statement, Operating Income",Government Financial Statistics - GFS,Social security contributions,,,,,Dollars,6
GFSA.SLS01G02121,2011.06,0,FINAL,"Local Government, Operating Statement, Operating Income",Government Financial Statistics - GFS,Social security contributions,,,,,Dollars,6
GFSA.SLS01G02121,2012.06,0,FINAL,"Local Government, Operating Statement, Operating Income",Government Financial Statistics - GFS,Social security contributions,,,,,Dollars,6
GFSA.SLS01G02121,2013.06,0,FINAL,"Local Government, Operating Statement, Operating Income",Government Financial Statistics - GFS,Social security contributions,,,,,Dollars,6
GFSA.SLS01G02121,2014.06,0,FINAL,"Local Government, Operating Statement, Operating Income",Government Financial Statistics - GFS,Social security contributions,,,,,Dollars,6
GFSA.SLS01G02121,2015.06,0,FINAL,"Local Government, Operating Statement, Operating Income",Government Financial Statistics - GFS,Social security contributions,,,,,Dollars,6
GFSA.SLS01G02121,2016.06,0,FINAL,"Local Government, Operating Statement, Operating Income",Government Financial Statistics - GFS,Social security contributions,,,,,Dollars,6
GFSA.SLS01G02121,2017.06,0,FINAL,"Local Government, Operating Statement, Operating Income",Government Financial Statistics - GFS,Social security contributions,,,,,Dollars,6
GFSA.SLS01G02121,2018.06,0,FINAL,"Local Government, Operating Statement, Operating Income",Government Financial Statistics - GFS,Social security contributions,,,,,Dollars,6
GFSA.SLS01G02121,2019.06,0,FINAL,"Local Government, Operating Statement, Operating Income",Government Financial Statistics - GFS,Social security contributions,,,,,Dollars,6
GFSA.SLS01G02121,2020.06,0,FINAL,"Local Government, Operating Statement, Operating Income",Government Financial Statistics - GFS,Social security contributions,,,,,Dollars,6
GFSA.SLS01G02121,2021.06,0,FINAL,"Local Government, Operating Statement, Operating Income",Government Financial Statistics - GFS,Social security contributions,,,,,Dollars,6
GFSA.SLS01G02121,2022.06,0,FINAL,"Local Government, Operating Statement, Operating Income",Government Financial Statistics - GFS,Social security contributions,,,,,Dollars,6
GFSA.SLS01G02121,2023.06,0,FINAL,"Local Government, Operating Statement, Operating Income",Government Financial Statistics - GFS,Social security contributions,,,,,Dollars,6
GFSA.SLS01G02121,2024.06,0,FINAL,"Local Government, Operating Statement, Operating Income",Government Financial Statistics - GFS,Social security contributions,,,,,Dollars,6
GFSA.SLS01G02121,2025.06,0,PROVISIONAL,"Local Government, Operating Statement, Operating Income",Government Financial Statistics - GFS,Social security contributions,,,,,Dollars,6
GFSA.SLS01G02140,2009.06,0,FINAL,"Local Government, Operating Statement, Operating Income",Government Financial Statistics - GFS,Other income,,,,,Dollars,6
GFSA.SLS01G02140,2010.06,0,FINAL,"Local Government, Operating Statement, Operating Income",Government Financial Statistics - GFS,Other income,,,,,Dollars,6
GFSA.SLS01G02140,2011.06,0,FINAL,"Local Government, Operating Statement, Operating Income",Government Financial Statistics - GFS,Other income,,,,,Dollars,6
GFSA.SLS01G02140,2012.06,0,FINAL,"Local Government, Operating Statement, Operating Income",Government Financial Statistics - GFS,Other income,,,,,Dollars,6
GFSA.SLS01G02140,2013.06,0,FINAL,"Local Government, Operating Statement, Operating Income",Government Financial Statistics - GFS,Other income,,,,,Dollars,6
GFSA.SLS01G02140,2014.06,0,FINAL,"Local Government, Operating Statement, Operating Income",Government Financial Statistics - GFS,Other income,,,,,Dollars,6
GFSA.SLS01G02140,2015.06,0,FINAL,"Local Government, Operating Statement, Operating Income",Government Financial Statistics - GFS,Other income,,,,,Dollars,6
GFSA.SLS01G02140,2016.06,0,FINAL,"Local Government, Operating Statement, Operating Income",Government Financial Statistics - GFS,Other income,,,,,Dollars,6
GFSA.SLS01G02140,2017.06,0,FINAL,"Local Government, Operating Statement, Operating Income",Government Financial Statistics - GFS,Other income,,,,,Dollars,6
GFSA.SLS01G02140,2018.06,0,FINAL,"Local Government, Operating Statement, Operating Income",Government Financial Statistics - GFS,Other income,,,,,Dollars,6
GFSA.SLS01G02140,2019.06,0,FINAL,"Local Government, Operating Statement, Operating Income",Government Financial Statistics - GFS,Other income,,,,,Dollars,6
GFSA.SLS01G02140,2020.06,0,FINAL,"Local Government, Operating Statement, Operating Income",Government Financial Statistics - GFS,Other income,,,,,Dollars,6
GFSA.SLS01G02140,2021.06,0,FINAL,"Local Government, Operating Statement, Operating Income",Government Financial Statistics - GFS,Other income,,,,,Dollars,6
GFSA.SLS01G02140,2022.06,0,FINAL,"Local Government, Operating Statement, Operating Income",Government Financial Statistics - GFS,Other income,,,,,Dollars,6
GFSA.SLS01G02140,2023.06,0,FINAL,"Local Government, Operating Statement, Operating Income",Government Financial Statistics - GFS,Other income,,,,,Dollars,6
GFSA.SLS01G02140,2024.06,0,FINAL,"Local Government, Operating Statement, Operating Income",Government Financial Statistics - GFS,Other income,,,,,Dollars,6
GFSA.SLS01G02140,2025.06,0,PROVISIONAL,"Local Government, Operating Statement, Operating Income",Government Financial Statistics - GFS,Other income,,,,,Dollars,6
GFSA.SLS01G02142,2009.06,1375,FINAL,"Local Government, Operating Statement, Operating Income",Government Financial Statistics - GFS,Sales of goods and services,,,,,Dollars,6
GFSA.SLS01G02142,2010.06,1481,FINAL,"Local Government, Operating Statement, Operating Income",Government Financial Statistics - GFS,Sales of goods and services,,,,,Dollars,6
GFSA.SLS01G02142,2011.06,1473,FINAL,"Local Government, Operating Statement, Operating Income",Government Financial Statistics - GFS,Sales of goods and services,,,,,Dollars,6
GFSA.SLS01G02142,2012.06,1633,FINAL,"Local Government, Operating Statement, Operating Income",Government Financial Statistics - GFS,Sales of goods and services,,,,,Dollars,6
GFSA.SLS01G02142,2013.06,1625,FINAL,"Local Government, Operating Statement, Operating Income",Government Financial Statistics - GFS,Sales of goods and services,,,,,Dollars,6
GFSA.SLS01G02142,2014.06,1678,FINAL,"Local Government, Operating Statement, Operating Income",Government Financial Statistics - GFS,Sales of goods and services,,,,,Dollars,6
GFSA.SLS01G02142,2015.06,1742,FINAL,"Local Government, Operating Statement, Operating Income",Government Financial Statistics - GFS,Sales of goods and services,,,,,Dollars,6
GFSA.SLS01G02142,2016.06,1772,FINAL,"Local Government, Operating Statement, Operating Income",Government Financial Statistics - GFS,Sales of goods and services,,,,,Dollars,6
GFSA.SLS01G02142,2017.06,1978,FINAL,"Local Government, Operating Statement, Operating Income",Government Financial Statistics - GFS,Sales of goods and services,,,,,Dollars,6
GFSA.SLS01G02142,2018.06,2041,FINAL,"Local Government, Operating Statement, Operating Income",Government Financial Statistics - GFS,Sales of goods and services,,,,,Dollars,6
GFSA.SLS01G02142,2019.06,2191,FINAL,"Local Government, Operating Statement, Operating Income",Government Financial Statistics - GFS,Sales of goods and services,,,,,Dollars,6
GFSA.SLS01G02142,2020.06,2156,FINAL,"Local Government, Operating Statement, Operating Income",Government Financial Statistics - GFS,Sales of goods and services,,,,,Dollars,6
GFSA.SLS01G02142,2021.06,2304,FINAL,"Local Government, Operating Statement, Operating Income",Government Financial Statistics - GFS,Sales of goods and services,,,,,Dollars,6
GFSA.SLS01G02142,2022.06,2217,FINAL,"Local Government, Operating Statement, Operating Income",Government Financial Statistics - GFS,Sales of goods and services,,,,,Dollars,6
GFSA.SLS01G02142,2023.06,2433,REVISED,"Local Government, Operating Statement, Operating Income",Government Financial Statistics - GFS,Sales of goods and services,,,,,Dollars,6
GFSA.SLS01G02142,2024.06,2838,REVISED,"Local Government, Operating Statement, Operating Income",Government Financial Statistics - GFS,Sales of goods and services,,,,,Dollars,6
GFSA.SLS01G02142,2025.06,3108,PROVISIONAL,"Local Government, Operating Statement, Operating Income",Government Financial Statistics - GFS,Sales of goods and services,,,,,Dollars,6
GFSA.SLS01G02143,2009.06,137,FINAL,"Local Government, Operating Statement, Operating Income",Government Financial Statistics - GFS,Dividend income,,,,,Dollars,6
GFSA.SLS01G02143,2010.06,225,FINAL,"Local Government, Operating Statement, Operating Income",Government Financial Statistics - GFS,Dividend income,,,,,Dollars,6
GFSA.SLS01G02143,2011.06,163,FINAL,"Local Government, Operating Statement, Operating Income",Government Financial Statistics - GFS,Dividend income,,,,,Dollars,6
GFSA.SLS01G02143,2012.06,192,FINAL,"Local Government, Operating Statement, Operating Income",Government Financial Statistics - GFS,Dividend income,,,,,Dollars,6
GFSA.SLS01G02143,2013.06,190,FINAL,"Local Government, Operating Statement, Operating Income",Government Financial Statistics - GFS,Dividend income,,,,,Dollars,6
GFSA.SLS01G02143,2014.06,317,FINAL,"Local Government, Operating Statement, Operating Income",Government Financial Statistics - GFS,Dividend income,,,,,Dollars,6
GFSA.SLS01G02143,2015.06,256,FINAL,"Local Government, Operating Statement, Operating Income",Government Financial Statistics - GFS,Dividend income,,,,,Dollars,6
GFSA.SLS01G02143,2016.06,337,FINAL,"Local Government, Operating Statement, Operating Income",Government Financial Statistics - GFS,Dividend income,,,,,Dollars,6
GFSA.SLS01G02143,2017.06,415,FINAL,"Local Government, Operating Statement, Operating Income",Government Financial Statistics - GFS,Dividend income,,,,,Dollars,6
GFSA.SLS01G02143,2018.06,435,FINAL,"Local Government, Operating Statement, Operating Income",Government Financial Statistics - GFS,Dividend income,,,,,Dollars,6
GFSA.SLS01G02143,2019.06,499,FINAL,"Local Government, Operating Statement, Operating Income",Government Financial Statistics - GFS,Dividend income,,,,,Dollars,6
GFSA.SLS01G02143,2020.06,202,FINAL,"Local Government, Operating Statement, Operating Income",Government Financial Statistics - GFS,Dividend income,,,,,Dollars,6
GFSA.SLS01G02143,2021.06,176,FINAL,"Local Government, Operating Statement, Operating Income",Government Financial Statistics - GFS,Dividend income,,,,,Dollars,6
GFSA.SLS01G02143,2022.06,179,FINAL,"Local Government, Operating Statement, Operating Income",Government Financial Statistics - GFS,Dividend income,,,,,Dollars,6
GFSA.SLS01G02143,2023.06,241,REVISED,"Local Government, Operating Statement, Operating Income",Government Financial Statistics - GFS,Dividend income,,,,,Dollars,6
GFSA.SLS01G02143,2024.06,296,REVISED,"Local Government, Operating Statement, Operating Income",Government Financial Statistics - GFS,Dividend income,,,,,Dollars,6
GFSA.SLS01G02143,2025.06,295,PROVISIONAL,"Local Government, Operating Statement, Operating Income",Government Financial Statistics - GFS,Dividend income,,,,,Dollars,6
GFSA.SLS01G02144,2009.06,171,FINAL,"Local Government, Operating Statement, Operating Income",Government Financial Statistics - GFS,Interest income,,,,,Dollars,6
GFSA.SLS01G02144,2010.06,160,FINAL,"Local Government, Operating Statement, Operating Income",Government Financial Statistics - GFS,Interest income,,,,,Dollars,6
GFSA.SLS01G02144,2011.06,169,FINAL,"Local Government, Operating Statement, Operating Income",Government Financial Statistics - GFS,Interest income,,,,,Dollars,6
GFSA.SLS01G02144,2012.06,151,FINAL,"Local Government, Operating Statement, Operating Income",Government Financial Statistics - GFS,Interest income,,,,,Dollars,6
GFSA.SLS01G02144,2013.06,143,FINAL,"Local Government, Operating Statement, Operating Income",Government Financial Statistics - GFS,Interest income,,,,,Dollars,6
GFSA.SLS01G02144,2014.06,158,FINAL,"Local Government, Operating Statement, Operating Income",Government Financial Statistics - GFS,Interest income,,,,,Dollars,6
GFSA.SLS01G02144,2015.06,189,FINAL,"Local Government, Operating Statement, Operating Income",Government Financial Statistics - GFS,Interest income,,,,,Dollars,6
GFSA.SLS01G02144,2016.06,178,FINAL,"Local Government, Operating Statement, Operating Income",Government Financial Statistics - GFS,Interest income,,,,,Dollars,6
GFSA.SLS01G02144,2017.06,165,FINAL,"Local Government, Operating Statement, Operating Income",Government Financial Statistics - GFS,Interest income,,,,,Dollars,6
GFSA.SLS01G02144,2018.06,187,FINAL,"Local Government, Operating Statement, Operating Income",Government Financial Statistics - GFS,Interest income,,,,,Dollars,6
GFSA.SLS01G02144,2019.06,213,FINAL,"Local Government, Operating Statement, Operating Income",Government Financial Statistics - GFS,Interest income,,,,,Dollars,6
GFSA.SLS01G02144,2020.06,177,FINAL,"Local Government, Operating Statement, Operating Income",Government Financial Statistics - GFS,Interest income,,,,,Dollars,6
GFSA.SLS01G02144,2021.06,161,FINAL,"Local Government, Operating Statement, Operating Income",Government Financial Statistics - GFS,Interest income,,,,,Dollars,6
GFSA.SLS01G02144,2022.06,181,FINAL,"Local Government, Operating Statement, Operating Income",Government Financial Statistics - GFS,Interest income,,,,,Dollars,6
GFSA.SLS01G02144,2023.06,328,FINAL,"Local Government, Operating Statement, Operating Income",Government Financial Statistics - GFS,Interest income,,,,,Dollars,6
GFSA.SLS01G02144,2024.06,475,REVISED,"Local Government, Operating Statement, Operating Income",Government Financial Statistics - GFS,Interest income,,,,,Dollars,6
GFSA.SLS01G02144,2025.06,486,PROVISIONAL,"Local Government, Operating Statement, Operating Income",Government Financial Statistics - GFS,Interest income,,,,,Dollars,6
GFSA.SLS01G02981,2009.06,747,FINAL,"Local Government, Operating Statement, Operating Income",Government Financial Statistics - GFS,Current grants,,,,,Dollars,6
GFSA.SLS01G02981,2010.06,806,FINAL,"Local Government, Operating Statement, Operating Income",Government Financial Statistics - GFS,Current grants,,,,,Dollars,6
GFSA.SLS01G02981,2011.06,948,FINAL,"Local Government, Operating Statement, Operating Income",Government Financial Statistics - GFS,Current grants,,,,,Dollars,6
GFSA.SLS01G02981,2012.06,901,FINAL,"Local Government, Operating Statement, Operating Income",Government Financial Statistics - GFS,Current grants,,,,,Dollars,6
GFSA.SLS01G02981,2013.06,810,FINAL,"Local Government, Operating Statement, Operating Income",Government Financial Statistics - GFS,Current grants,,,,,Dollars,6
GFSA.SLS01G02981,2014.06,723,FINAL,"Local Government, Operating Statement, Operating Income",Government Financial Statistics - GFS,Current grants,,,,,Dollars,6
GFSA.SLS01G02981,2015.06,681,FINAL,"Local Government, Operating Statement, Operating Income",Government Financial Statistics - GFS,Current grants,,,,,Dollars,6
GFSA.SLS01G02981,2016.06,791,FINAL,"Local Government, Operating Statement, Operating Income",Government Financial Statistics - GFS,Current grants,,,,,Dollars,6
GFSA.SLS01G02981,2017.06,833,FINAL,"Local Government, Operating Statement, Operating Income",Government Financial Statistics - GFS,Current grants,,,,,Dollars,6
GFSA.SLS01G02981,2018.06,899,FINAL,"Local Government, Operating Statement, Operating Income",Government Financial Statistics - GFS,Current grants,,,,,Dollars,6
GFSA.SLS01G02981,2019.06,917,FINAL,"Local Government, Operating Statement, Operating Income",Government Financial Statistics - GFS,Current grants,,,,,Dollars,6
GFSA.SLS01G02981,2020.06,966,FINAL,"Local Government, Operating Statement, Operating Income",Government Financial Statistics - GFS,Current grants,,,,,Dollars,6
GFSA.SLS01G02981,2021.06,1359,FINAL,"Local Government, Operating Statement, Operating Income",Government Financial Statistics - GFS,Current grants,,,,,Dollars,6
GFSA.SLS01G02981,2022.06,1450,FINAL,"Local Government, Operating Statement, Operating Income",Government Financial Statistics - GFS,Current grants,,,,,Dollars,6
GFSA.SLS01G02981,2023.06,1836,REVISED,"Local Government, Operating Statement, Operating Income",Government Financial Statistics - GFS,Current grants,,,,,Dollars,6
GFSA.SLS01G02981,2024.06,2095,REVISED,"Local Government, Operating Statement, Operating Income",Government Financial Statistics - GFS,Current grants,,,,,Dollars,6
GFSA.SLS01G02981,2025.06,2148,PROVISIONAL,"Local Government, Operating Statement, Operating Income",Government Financial Statistics - GFS,Current grants,,,,,Dollars,6
GFSA.SLS01G02982,2009.06,118,FINAL,"Local Government, Operating Statement, Operating Income",Government Financial Statistics - GFS,Other current transfers,,,,,Dollars,6
GFSA.SLS01G02982,2010.06,115,FINAL,"Local Government, Operating Statement, Operating Income",Government Financial Statistics - GFS,Other current transfers,,,,,Dollars,6
GFSA.SLS01G02982,2011.06,130,FINAL,"Local Government, Operating Statement, Operating Income",Government Financial Statistics - GFS,Other current transfers,,,,,Dollars,6
GFSA.SLS01G02982,2012.06,137,FINAL,"Local Government, Operating Statement, Operating Income",Government Financial Statistics - GFS,Other current transfers,,,,,Dollars,6
GFSA.SLS01G02982,2013.06,133,FINAL,"Local Government, Operating Statement, Operating Income",Government Financial Statistics - GFS,Other current transfers,,,,,Dollars,6
GFSA.SLS01G02982,2014.06,124,FINAL,"Local Government, Operating Statement, Operating Income",Government Financial Statistics - GFS,Other current transfers,,,,,Dollars,6
GFSA.SLS01G02982,2015.06,137,FINAL,"Local Government, Operating Statement, Operating Income",Government Financial Statistics - GFS,Other current transfers,,,,,Dollars,6
GFSA.SLS01G02982,2016.06,117,FINAL,"Local Government, Operating Statement, Operating Income",Government Financial Statistics - GFS,Other current transfers,,,,,Dollars,6
GFSA.SLS01G02982,2017.06,127,FINAL,"Local Government, Operating Statement, Operating Income",Government Financial Statistics - GFS,Other current transfers,,,,,Dollars,6
GFSA.SLS01G02982,2018.06,127,FINAL,"Local Government, Operating Statement, Operating Income",Government Financial Statistics - GFS,Other current transfers,,,,,Dollars,6
GFSA.SLS01G02982,2019.06,141,FINAL,"Local Government, Operating Statement, Operating Income",Government Financial Statistics - GFS,Other current transfers,,,,,Dollars,6
GFSA.SLS01G02982,2020.06,145,FINAL,"Local Government, Operating Statement, Operating Income",Government Financial Statistics - GFS,Other current transfers,,,,,Dollars,6
GFSA.SLS01G02982,2021.06,145,FINAL,"Local Government, Operating Statement, Operating Income",Government Financial Statistics - GFS,Other current transfers,,,,,Dollars,6
GFSA.SLS01G02982,2022.06,139,FINAL,"Local Government, Operating Statement, Operating Income",Government Financial Statistics - GFS,Other current transfers,,,,,Dollars,6
GFSA.SLS01G02982,2023.06,177,REVISED,"Local Government, Operating Statement, Operating Income",Government Financial Statistics - GFS,Other current transfers,,,,,Dollars,6
GFSA.SLS01G02982,2024.06,211,REVISED,"Local Government, Operating Statement, Operating Income",Government Financial Statistics - GFS,Other current transfers,,,,,Dollars,6
GFSA.SLS01G02982,2025.06,232,PROVISIONAL,"Local Government, Operating Statement, Operating Income",Government Financial Statistics - GFS,Other current transfers,,,,,Dollars,6
GFSA.SLS01G02991,2009.06,637,FINAL,"Local Government, Operating Statement, Operating Income",Government Financial Statistics - GFS,Capital grants,,,,,Dollars,6
GFSA.SLS01G02991,2010.06,652,FINAL,"Local Government, Operating Statement, Operating Income",Government Financial Statistics - GFS,Capital grants,,,,,Dollars,6
GFSA.SLS01G02991,2011.06,703,FINAL,"Local Government, Operating Statement, Operating Income",Government Financial Statistics - GFS,Capital grants,,,,,Dollars,6
GFSA.SLS01G02991,2012.06,957,FINAL,"Local Government, Operating Statement, Operating Income",Government Financial Statistics - GFS,Capital grants,,,,,Dollars,6
GFSA.SLS01G02991,2013.06,1103,FINAL,"Local Government, Operating Statement, Operating Income",Government Financial Statistics - GFS,Capital grants,,,,,Dollars,6
GFSA.SLS01G02991,2014.06,699,FINAL,"Local Government, Operating Statement, Operating Income",Government Financial Statistics - GFS,Capital grants,,,,,Dollars,6
GFSA.SLS01G02991,2015.06,783,FINAL,"Local Government, Operating Statement, Operating Income",Government Financial Statistics - GFS,Capital grants,,,,,Dollars,6
GFSA.SLS01G02991,2016.06,743,FINAL,"Local Government, Operating Statement, Operating Income",Government Financial Statistics - GFS,Capital grants,,,,,Dollars,6
GFSA.SLS01G02991,2017.06,677,FINAL,"Local Government, Operating Statement, Operating Income",Government Financial Statistics - GFS,Capital grants,,,,,Dollars,6
GFSA.SLS01G02991,2018.06,730,FINAL,"Local Government, Operating Statement, Operating Income",Government Financial Statistics - GFS,Capital grants,,,,,Dollars,6
GFSA.SLS01G02991,2019.06,845,FINAL,"Local Government, Operating Statement, Operating Income",Government Financial Statistics - GFS,Capital grants,,,,,Dollars,6
GFSA.SLS01G02991,2020.06,1245,FINAL,"Local Government, Operating Statement, Operating Income",Government Financial Statistics - GFS,Capital grants,,,,,Dollars,6
GFSA.SLS01G02991,2021.06,1296,FINAL,"Local Government, Operating Statement, Operating Income",Government Financial Statistics - GFS,Capital grants,,,,,Dollars,6
GFSA.SLS01G02991,2022.06,1402,FINAL,"Local Government, Operating Statement, Operating Income",Government Financial Statistics - GFS,Capital grants,,,,,Dollars,6
GFSA.SLS01G02991,2023.06,1777,REVISED,"Local Government, Operating Statement, Operating Income",Government Financial Statistics - GFS,Capital grants,,,,,Dollars,6
GFSA.SLS01G02991,2024.06,1941,REVISED,"Local Government, Operating Statement, Operating Income",Government Financial Statistics - GFS,Capital grants,,,,,Dollars,6
GFSA.SLS01G02991,2025.06,2363,PROVISIONAL,"Local Government, Operating Statement, Operating Income",Government Financial Statistics - GFS,Capital grants,,,,,Dollars,6
GFSA.SLS01G02992,2009.06,338,FINAL,"Local Government, Operating Statement, Operating Income",Government Financial Statistics - GFS,Other capital transfers,,,,,Dollars,6
GFSA.SLS01G02992,2010.06,395,FINAL,"Local Government, Operating Statement, Operating Income",Government Financial Statistics - GFS,Other capital transfers,,,,,Dollars,6
GFSA.SLS01G02992,2011.06,241,FINAL,"Local Government, Operating Statement, Operating Income",Government Financial Statistics - GFS,Other capital transfers,,,,,Dollars,6
GFSA.SLS01G02992,2012.06,200,FINAL,"Local Government, Operating Statement, Operating Income",Government Financial Statistics - GFS,Other capital transfers,,,,,Dollars,6
GFSA.SLS01G02992,2013.06,275,FINAL,"Local Government, Operating Statement, Operating Income",Government Financial Statistics - GFS,Other capital transfers,,,,,Dollars,6
GFSA.SLS01G02992,2014.06,349,FINAL,"Local Government, Operating Statement, Operating Income",Government Financial Statistics - GFS,Other capital transfers,,,,,Dollars,6
GFSA.SLS01G02992,2015.06,595,FINAL,"Local Government, Operating Statement, Operating Income",Government Financial Statistics - GFS,Other capital transfers,,,,,Dollars,6
GFSA.SLS01G02992,2016.06,619,FINAL,"Local Government, Operating Statement, Operating Income",Government Financial Statistics - GFS,Other capital transfers,,,,,Dollars,6
GFSA.SLS01G02992,2017.06,575,FINAL,"Local Government, Operating Statement, Operating Income",Government Financial Statistics - GFS,Other capital transfers,,,,,Dollars,6
GFSA.SLS01G02992,2018.06,988,REVISED,"Local Government, Operating Statement, Operating Income",Government Financial Statistics - GFS,Other capital transfers,,,,,Dollars,6
GFSA.SLS01G02992,2019.06,961,REVISED,"Local Government, Operating Statement, Operating Income",Government Financial Statistics - GFS,Other capital transfers,,,,,Dollars,6
GFSA.SLS01G02992,2020.06,1188,REVISED,"Local Government, Operating Statement, Operating Income",Government Financial Statistics - GFS,Other capital transfers,,,,,Dollars,6
GFSA.SLS01G02992,2021.06,1274,REVISED,"Local Government, Operating Statement, Operating Income",Government Financial Statistics - GFS,Other capital transfers,,,,,Dollars,6
GFSA.SLS01G02992,2022.06,1480,REVISED,"Local Government, Operating Statement, Operating Income",Government Financial Statistics - GFS,Other capital transfers,,,,,Dollars,6
GFSA.SLS01G02992,2023.06,1905,REVISED,"Local Government, Operating Statement, Operating Income",Government Financial Statistics - GFS,Other capital transfers,,,,,Dollars,6
GFSA.SLS01G02992,2024.06,1727,REVISED,"Local Government, Operating Statement, Operating Income",Government Financial Statistics - GFS,Other capital transfers,,,,,Dollars,6
GFSA.SLS01G02992,2025.06,1514,PROVISIONAL,"Local Government, Operating Statement, Operating Income",Government Financial Statistics - GFS,Other capital transfers,,,,,Dollars,6
GFSA.SLS01G02998,2009.06,4097,FINAL,"Local Government, Operating Statement, Operating Income",Government Financial Statistics - GFS,Taxation revenue,,,,,Dollars,6
GFSA.SLS01G02998,2010.06,4289,FINAL,"Local Government, Operating Statement, Operating Income",Government Financial Statistics - GFS,Taxation revenue,,,,,Dollars,6
GFSA.SLS01G02998,2011.06,4473,FINAL,"Local Government, Operating Statement, Operating Income",Government Financial Statistics - GFS,Taxation revenue,,,,,Dollars,6
GFSA.SLS01G02998,2012.06,4653,FINAL,"Local Government, Operating Statement, Operating Income",Government Financial Statistics - GFS,Taxation revenue,,,,,Dollars,6
GFSA.SLS01G02998,2013.06,4814,FINAL,"Local Government, Operating Statement, Operating Income",Government Financial Statistics - GFS,Taxation revenue,,,,,Dollars,6
GFSA.SLS01G02998,2014.06,5107,FINAL,"Local Government, Operating Statement, Operating Income",Government Financial Statistics - GFS,Taxation revenue,,,,,Dollars,6
GFSA.SLS01G02998,2015.06,5389,FINAL,"Local Government, Operating Statement, Operating Income",Government Financial Statistics - GFS,Taxation revenue,,,,,Dollars,6
GFSA.SLS01G02998,2016.06,5749,FINAL,"Local Government, Operating Statement, Operating Income",Government Financial Statistics - GFS,Taxation revenue,,,,,Dollars,6
GFSA.SLS01G02998,2017.06,6051,FINAL,"Local Government, Operating Statement, Operating Income",Government Financial Statistics - GFS,Taxation revenue,,,,,Dollars,6
GFSA.SLS01G02998,2018.06,6360,FINAL,"Local Government, Operating Statement, Operating Income",Government Financial Statistics - GFS,Taxation revenue,,,,,Dollars,6
GFSA.SLS01G02998,2019.06,6895,FINAL,"Local Government, Operating Statement, Operating Income",Government Financial Statistics - GFS,Taxation revenue,,,,,Dollars,6
GFSA.SLS01G02998,2020.06,7147,FINAL,"Local Government, Operating Statement, Operating Income",Government Financial Statistics - GFS,Taxation revenue,,,,,Dollars,6
GFSA.SLS01G02998,2021.06,7527,FINAL,"Local Government, Operating Statement, Operating Income",Government Financial Statistics - GFS,Taxation revenue,,,,,Dollars,6
GFSA.SLS01G02998,2022.06,8239,FINAL,"Local Government, Operating Statement, Operating Income",Government Financial Statistics - GFS,Taxation revenue,,,,,Dollars,6
GFSA.SLS01G02998,2023.06,8830,REVISED,"Local Government, Operating Statement, Operating Income",Government Financial Statistics - GFS,Taxation revenue,,,,,Dollars,6
GFSA.SLS01G02998,2024.06,9473,REVISED,"Local Government, Operating Statement, Operating Income",Government Financial Statistics - GFS,Taxation revenue,,,,,Dollars,6
GFSA.SLS01G02998,2025.06,10484,PROVISIONAL,"Local Government, Operating Statement, Operating Income",Government Financial Statistics - GFS,Taxation revenue,,,,,Dollars,6
GFSA.SLS01G02Z99,2009.06,7620,FINAL,"Local Government, Operating Statement, Operating Income",Government Financial Statistics - GFS,Total,,,,,Dollars,6
GFSA.SLS01G02Z99,2010.06,8122,FINAL,"Local Government, Operating Statement, Operating Income",Government Financial Statistics - GFS,Total,,,,,Dollars,6
GFSA.SLS01G02Z99,2011.06,8301,FINAL,"Local Government, Operating Statement, Operating Income",Government Financial Statistics - GFS,Total,,,,,Dollars,6
GFSA.SLS01G02Z99,2012.06,8826,FINAL,"Local Government, Operating Statement, Operating Income",Government Financial Statistics - GFS,Total,,,,,Dollars,6
GFSA.SLS01G02Z99,2013.06,9094,FINAL,"Local Government, Operating Statement, Operating Income",Government Financial Statistics - GFS,Total,,,,,Dollars,6
GFSA.SLS01G02Z99,2014.06,9157,FINAL,"Local Government, Operating Statement, Operating Income",Government Financial Statistics - GFS,Total,,,,,Dollars,6
GFSA.SLS01G02Z99,2015.06,9772,FINAL,"Local Government, Operating Statement, Operating Income",Government Financial Statistics - GFS,Total,,,,,Dollars,6
GFSA.SLS01G02Z99,2016.06,10310,FINAL,"Local Government, Operating Statement, Operating Income",Government Financial Statistics - GFS,Total,,,,,Dollars,6
GFSA.SLS01G02Z99,2017.06,10823,FINAL,"Local Government, Operating Statement, Operating Income",Government Financial Statistics - GFS,Total,,,,,Dollars,6
GFSA.SLS01G02Z99,2018.06,11767,REVISED,"Local Government, Operating Statement, Operating Income",Government Financial Statistics - GFS,Total,,,,,Dollars,6
GFSA.SLS01G02Z99,2019.06,12662,REVISED,"Local Government, Operating Statement, Operating Income",Government Financial Statistics - GFS,Total,,,,,Dollars,6
GFSA.SLS01G02Z99,2020.06,13225,REVISED,"Local Government, Operating Statement, Operating Income",Government Financial Statistics - GFS,Total,,,,,Dollars,6
GFSA.SLS01G02Z99,2021.06,14243,REVISED,"Local Government, Operating Statement, Operating Income",Government Financial Statistics - GFS,Total,,,,,Dollars,6
GFSA.SLS01G02Z99,2022.06,15285,REVISED,"Local Government, Operating Statement, Operating Income",Government Financial Statistics - GFS,Total,,,,,Dollars,6
GFSA.SLS01G02Z99,2023.06,17526,REVISED,"Local Government, Operating Statement, Operating Income",Government Financial Statistics - GFS,Total,,,,,Dollars,6
GFSA.SLS01G02Z99,2024.06,19055,REVISED,"Local Government, Operating Statement, Operating Income",Government Financial Statistics - GFS,Total,,,,,Dollars,6
GFSA.SLS01G02Z99,2025.06,20632,PROVISIONAL,"Local Government, Operating Statement, Operating Income",Government Financial Statistics - GFS,Total,,,,,Dollars,6
GFSA.SLS01G03210,2009.06,1555,FINAL,"Local Government, Operating Statement, Operating Expenses",Government Financial Statistics - GFS,Employee expenses,,,,,Dollars,6
GFSA.SLS01G03210,2010.06,1641,FINAL,"Local Government, Operating Statement, Operating Expenses",Government Financial Statistics - GFS,Employee expenses,,,,,Dollars,6
GFSA.SLS01G03210,2011.06,1741,FINAL,"Local Government, Operating Statement, Operating Expenses",Government Financial Statistics - GFS,Employee expenses,,,,,Dollars,6
GFSA.SLS01G03210,2012.06,1805,FINAL,"Local Government, Operating Statement, Operating Expenses",Government Financial Statistics - GFS,Employee expenses,,,,,Dollars,6
GFSA.SLS01G03210,2013.06,1865,FINAL,"Local Government, Operating Statement, Operating Expenses",Government Financial Statistics - GFS,Employee expenses,,,,,Dollars,6
GFSA.SLS01G03210,2014.06,1945,FINAL,"Local Government, Operating Statement, Operating Expenses",Government Financial Statistics - GFS,Employee expenses,,,,,Dollars,6
GFSA.SLS01G03210,2015.06,2054,FINAL,"Local Government, Operating Statement, Operating Expenses",Government Financial Statistics - GFS,Employee expenses,,,,,Dollars,6
GFSA.SLS01G03210,2016.06,2138,FINAL,"Local Government, Operating Statement, Operating Expenses",Government Financial Statistics - GFS,Employee expenses,,,,,Dollars,6
GFSA.SLS01G03210,2017.06,2268,FINAL,"Local Government, Operating Statement, Operating Expenses",Government Financial Statistics - GFS,Employee expenses,,,,,Dollars,6
GFSA.SLS01G03210,2018.06,2367,FINAL,"Local Government, Operating Statement, Operating Expenses",Government Financial Statistics - GFS,Employee expenses,,,,,Dollars,6
GFSA.SLS01G03210,2019.06,2522,FINAL,"Local Government, Operating Statement, Operating Expenses",Government Financial Statistics - GFS,Employee expenses,,,,,Dollars,6
GFSA.SLS01G03210,2020.06,2755,FINAL,"Local Government, Operating Statement, Operating Expenses",Government Financial Statistics - GFS,Employee expenses,,,,,Dollars,6
GFSA.SLS01G03210,2021.06,2764,FINAL,"Local Government, Operating Statement, Operating Expenses",Government Financial Statistics - GFS,Employee expenses,,,,,Dollars,6
GFSA.SLS01G03210,2022.06,2970,FINAL,"Local Government, Operating Statement, Operating Expenses",Government Financial Statistics - GFS,Employee expenses,,,,,Dollars,6
GFSA.SLS01G03210,2023.06,3267,REVISED,"Local Government, Operating Statement, Operating Expenses",Government Financial Statistics - GFS,Employee expenses,,,,,Dollars,6
GFSA.SLS01G03210,2024.06,3564,REVISED,"Local Government, Operating Statement, Operating Expenses",Government Financial Statistics - GFS,Employee expenses,,,,,Dollars,6
GFSA.SLS01G03210,2025.06,3869,PROVISIONAL,"Local Government, Operating Statement, Operating Expenses",Government Financial Statistics - GFS,Employee expenses,,,,,Dollars,6
GFSA.SLS01G03220,2009.06,2953,FINAL,"Local Government, Operating Statement, Operating Expenses",Government Financial Statistics - GFS,Purchases of goods and services,,,,,Dollars,6
GFSA.SLS01G03220,2010.06,2970,FINAL,"Local Government, Operating Statement, Operating Expenses",Government Financial Statistics - GFS,Purchases of goods and services,,,,,Dollars,6
GFSA.SLS01G03220,2011.06,3278,FINAL,"Local Government, Operating Statement, Operating Expenses",Government Financial Statistics - GFS,Purchases of goods and services,,,,,Dollars,6
GFSA.SLS01G03220,2012.06,3536,FINAL,"Local Government, Operating Statement, Operating Expenses",Government Financial Statistics - GFS,Purchases of goods and services,,,,,Dollars,6
GFSA.SLS01G03220,2013.06,3237,FINAL,"Local Government, Operating Statement, Operating Expenses",Government Financial Statistics - GFS,Purchases of goods and services,,,,,Dollars,6
GFSA.SLS01G03220,2014.06,3238,FINAL,"Local Government, Operating Statement, Operating Expenses",Government Financial Statistics - GFS,Purchases of goods and services,,,,,Dollars,6
GFSA.SLS01G03220,2015.06,3410,FINAL,"Local Government, Operating Statement, Operating Expenses",Government Financial Statistics - GFS,Purchases of goods and services,,,,,Dollars,6
GFSA.SLS01G03220,2016.06,3606,FINAL,"Local Government, Operating Statement, Operating Expenses",Government Financial Statistics - GFS,Purchases of goods and services,,,,,Dollars,6
GFSA.SLS01G03220,2017.06,3841,FINAL,"Local Government, Operating Statement, Operating Expenses",Government Financial Statistics - GFS,Purchases of goods and services,,,,,Dollars,6
GFSA.SLS01G03220,2018.06,4035,FINAL,"Local Government, Operating Statement, Operating Expenses",Government Financial Statistics - GFS,Purchases of goods and services,,,,,Dollars,6
GFSA.SLS01G03220,2019.06,4293,FINAL,"Local Government, Operating Statement, Operating Expenses",Government Financial Statistics - GFS,Purchases of goods and services,,,,,Dollars,6
GFSA.SLS01G03220,2020.06,4566,FINAL,"Local Government, Operating Statement, Operating Expenses",Government Financial Statistics - GFS,Purchases of goods and services,,,,,Dollars,6
GFSA.SLS01G03220,2021.06,4863,FINAL,"Local Government, Operating Statement, Operating Expenses",Government Financial Statistics - GFS,Purchases of goods and services,,,,,Dollars,6
GFSA.SLS01G03220,2022.06,4994,FINAL,"Local Government, Operating Statement, Operating Expenses",Government Financial Statistics - GFS,Purchases of goods and services,,,,,Dollars,6
GFSA.SLS01G03220,2023.06,6051,REVISED,"Local Government, Operating Statement, Operating Expenses",Government Financial Statistics - GFS,Purchases of goods and services,,,,,Dollars,6
GFSA.SLS01G03220,2024.06,6600,REVISED,"Local Government, Operating Statement, Operating Expenses",Government Financial Statistics - GFS,Purchases of goods and services,,,,,Dollars,6
GFSA.SLS01G03220,2025.06,6898,PROVISIONAL,"Local Government, Operating Statement, Operating Expenses",Government Financial Statistics - GFS,Purchases of goods and services,,,,,Dollars,6
GFSA.SLS01G03240,2009.06,333,FINAL,"Local Government, Operating Statement, Operating Expenses",Government Financial Statistics - GFS,Interest expense,,,,,Dollars,6
GFSA.SLS01G03240,2010.06,378,FINAL,"Local Government, Operating Statement, Operating Expenses",Government Financial Statistics - GFS,Interest expense,,,,,Dollars,6
GFSA.SLS01G03240,2011.06,508,FINAL,"Local Government, Operating Statement, Operating Expenses",Government Financial Statistics - GFS,Interest expense,,,,,Dollars,6
GFSA.SLS01G03240,2012.06,496,FINAL,"Local Government, Operating Statement, Operating Expenses",Government Financial Statistics - GFS,Interest expense,,,,,Dollars,6
GFSA.SLS01G03240,2013.06,542,FINAL,"Local Government, Operating Statement, Operating Expenses",Government Financial Statistics - GFS,Interest expense,,,,,Dollars,6
GFSA.SLS01G03240,2014.06,585,FINAL,"Local Government, Operating Statement, Operating Expenses",Government Financial Statistics - GFS,Interest expense,,,,,Dollars,6
GFSA.SLS01G03240,2015.06,663,FINAL,"Local Government, Operating Statement, Operating Expenses",Government Financial Statistics - GFS,Interest expense,,,,,Dollars,6
GFSA.SLS01G03240,2016.06,669,FINAL,"Local Government, Operating Statement, Operating Expenses",Government Financial Statistics - GFS,Interest expense,,,,,Dollars,6
GFSA.SLS01G03240,2017.06,730,FINAL,"Local Government, Operating Statement, Operating Expenses",Government Financial Statistics - GFS,Interest expense,,,,,Dollars,6
GFSA.SLS01G03240,2018.06,739,FINAL,"Local Government, Operating Statement, Operating Expenses",Government Financial Statistics - GFS,Interest expense,,,,,Dollars,6
GFSA.SLS01G03240,2019.06,802,FINAL,"Local Government, Operating Statement, Operating Expenses",Government Financial Statistics - GFS,Interest expense,,,,,Dollars,6
GFSA.SLS01G03240,2020.06,756,FINAL,"Local Government, Operating Statement, Operating Expenses",Government Financial Statistics - GFS,Interest expense,,,,,Dollars,6
GFSA.SLS01G03240,2021.06,699,FINAL,"Local Government, Operating Statement, Operating Expenses",Government Financial Statistics - GFS,Interest expense,,,,,Dollars,6
GFSA.SLS01G03240,2022.06,759,FINAL,"Local Government, Operating Statement, Operating Expenses",Government Financial Statistics - GFS,Interest expense,,,,,Dollars,6
GFSA.SLS01G03240,2023.06,1066,FINAL,"Local Government, Operating Statement, Operating Expenses",Government Financial Statistics - GFS,Interest expense,,,,,Dollars,6
GFSA.SLS01G03240,2024.06,1367,REVISED,"Local Government, Operating Statement, Operating Expenses",Government Financial Statistics - GFS,Interest expense,,,,,Dollars,6
GFSA.SLS01G03240,2025.06,1495,PROVISIONAL,"Local Government, Operating Statement, Operating Expenses",Government Financial Statistics - GFS,Interest expense,,,,,Dollars,6
GFSA.SLS01G03270,2009.06,0,FINAL,"Local Government, Operating Statement, Operating Expenses",Government Financial Statistics - GFS,Social benefits,,,,,Dollars,6
GFSA.SLS01G03270,2010.06,0,FINAL,"Local Government, Operating Statement, Operating Expenses",Government Financial Statistics - GFS,Social benefits,,,,,Dollars,6
GFSA.SLS01G03270,2011.06,0,FINAL,"Local Government, Operating Statement, Operating Expenses",Government Financial Statistics - GFS,Social benefits,,,,,Dollars,6
GFSA.SLS01G03270,2012.06,0,FINAL,"Local Government, Operating Statement, Operating Expenses",Government Financial Statistics - GFS,Social benefits,,,,,Dollars,6
GFSA.SLS01G03270,2013.06,0,FINAL,"Local Government, Operating Statement, Operating Expenses",Government Financial Statistics - GFS,Social benefits,,,,,Dollars,6
GFSA.SLS01G03270,2014.06,0,FINAL,"Local Government, Operating Statement, Operating Expenses",Government Financial Statistics - GFS,Social benefits,,,,,Dollars,6
GFSA.SLS01G03270,2015.06,0,FINAL,"Local Government, Operating Statement, Operating Expenses",Government Financial Statistics - GFS,Social benefits,,,,,Dollars,6
GFSA.SLS01G03270,2016.06,0,FINAL,"Local Government, Operating Statement, Operating Expenses",Government Financial Statistics - GFS,Social benefits,,,,,Dollars,6
GFSA.SLS01G03270,2017.06,0,FINAL,"Local Government, Operating Statement, Operating Expenses",Government Financial Statistics - GFS,Social benefits,,,,,Dollars,6
GFSA.SLS01G03270,2018.06,0,FINAL,"Local Government, Operating Statement, Operating Expenses",Government Financial Statistics - GFS,Social benefits,,,,,Dollars,6
GFSA.SLS01G03270,2019.06,0,FINAL,"Local Government, Operating Statement, Operating Expenses",Government Financial Statistics - GFS,Social benefits,,,,,Dollars,6
GFSA.SLS01G03270,2020.06,0,FINAL,"Local Government, Operating Statement, Operating Expenses",Government Financial Statistics - GFS,Social benefits,,,,,Dollars,6
GFSA.SLS01G03270,2021.06,0,FINAL,"Local Government, Operating Statement, Operating Expenses",Government Financial Statistics - GFS,Social benefits,,,,,Dollars,6
GFSA.SLS01G03270,2022.06,0,FINAL,"Local Government, Operating Statement, Operating Expenses",Government Financial Statistics - GFS,Social benefits,,,,,Dollars,6
GFSA.SLS01G03270,2023.06,0,FINAL,"Local Government, Operating Statement, Operating Expenses",Government Financial Statistics - GFS,Social benefits,,,,,Dollars,6
GFSA.SLS01G03270,2024.06,0,FINAL,"Local Government, Operating Statement, Operating Expenses",Government Financial Statistics - GFS,Social benefits,,,,,Dollars,6
GFSA.SLS01G03270,2025.06,0,PROVISIONAL,"Local Government, Operating Statement, Operating Expenses",Government Financial Statistics - GFS,Social benefits,,,,,Dollars,6
GFSA.SLS01G03280,2009.06,6,FINAL,"Local Government, Operating Statement, Operating Expenses",Government Financial Statistics - GFS,Other expenses,,,,,Dollars,6
GFSA.SLS01G03280,2010.06,6,FINAL,"Local Government, Operating Statement, Operating Expenses",Government Financial Statistics - GFS,Other expenses,,,,,Dollars,6
GFSA.SLS01G03280,2011.06,5,FINAL,"Local Government, Operating Statement, Operating Expenses",Government Financial Statistics - GFS,Other expenses,,,,,Dollars,6
GFSA.SLS01G03280,2012.06,5,FINAL,"Local Government, Operating Statement, Operating Expenses",Government Financial Statistics - GFS,Other expenses,,,,,Dollars,6
GFSA.SLS01G03280,2013.06,5,FINAL,"Local Government, Operating Statement, Operating Expenses",Government Financial Statistics - GFS,Other expenses,,,,,Dollars,6
GFSA.SLS01G03280,2014.06,5,FINAL,"Local Government, Operating Statement, Operating Expenses",Government Financial Statistics - GFS,Other expenses,,,,,Dollars,6
GFSA.SLS01G03280,2015.06,5,FINAL,"Local Government, Operating Statement, Operating Expenses",Government Financial Statistics - GFS,Other expenses,,,,,Dollars,6
GFSA.SLS01G03280,2016.06,5,FINAL,"Local Government, Operating Statement, Operating Expenses",Government Financial Statistics - GFS,Other expenses,,,,,Dollars,6
GFSA.SLS01G03280,2017.06,6,FINAL,"Local Government, Operating Statement, Operating Expenses",Government Financial Statistics - GFS,Other expenses,,,,,Dollars,6
GFSA.SLS01G03280,2018.06,5,FINAL,"Local Government, Operating Statement, Operating Expenses",Government Financial Statistics - GFS,Other expenses,,,,,Dollars,6
GFSA.SLS01G03280,2019.06,6,FINAL,"Local Government, Operating Statement, Operating Expenses",Government Financial Statistics - GFS,Other expenses,,,,,Dollars,6
GFSA.SLS01G03280,2020.06,7,FINAL,"Local Government, Operating Statement, Operating Expenses",Government Financial Statistics - GFS,Other expenses,,,,,Dollars,6
GFSA.SLS01G03280,2021.06,6,FINAL,"Local Government, Operating Statement, Operating Expenses",Government Financial Statistics - GFS,Other expenses,,,,,Dollars,6
GFSA.SLS01G03280,2022.06,5,FINAL,"Local Government, Operating Statement, Operating Expenses",Government Financial Statistics - GFS,Other expenses,,,,,Dollars,6
GFSA.SLS01G03280,2023.06,6,FINAL,"Local Government, Operating Statement, Operating Expenses",Government Financial Statistics - GFS,Other expenses,,,,,Dollars,6
GFSA.SLS01G03280,2024.06,9,FINAL,"Local Government, Operating Statement, Operating Expenses",Government Financial Statistics - GFS,Other expenses,,,,,Dollars,6
GFSA.SLS01G03280,2025.06,13,PROVISIONAL,"Local Government, Operating Statement, Operating Expenses",Government Financial Statistics - GFS,Other expenses,,,,,Dollars,6
GFSA.SLS01G03981,2009.06,0,FINAL,"Local Government, Operating Statement, Operating Expenses",Government Financial Statistics - GFS,Current grants,,,,,Dollars,6
GFSA.SLS01G03981,2010.06,0,FINAL,"Local Government, Operating Statement, Operating Expenses",Government Financial Statistics - GFS,Current grants,,,,,Dollars,6
GFSA.SLS01G03981,2011.06,0,FINAL,"Local Government, Operating Statement, Operating Expenses",Government Financial Statistics - GFS,Current grants,,,,,Dollars,6
GFSA.SLS01G03981,2012.06,0,FINAL,"Local Government, Operating Statement, Operating Expenses",Government Financial Statistics - GFS,Current grants,,,,,Dollars,6
GFSA.SLS01G03981,2013.06,0,FINAL,"Local Government, Operating Statement, Operating Expenses",Government Financial Statistics - GFS,Current grants,,,,,Dollars,6
GFSA.SLS01G03981,2014.06,0,FINAL,"Local Government, Operating Statement, Operating Expenses",Government Financial Statistics - GFS,Current grants,,,,,Dollars,6
GFSA.SLS01G03981,2015.06,0,FINAL,"Local Government, Operating Statement, Operating Expenses",Government Financial Statistics - GFS,Current grants,,,,,Dollars,6
GFSA.SLS01G03981,2016.06,0,FINAL,"Local Government, Operating Statement, Operating Expenses",Government Financial Statistics - GFS,Current grants,,,,,Dollars,6
GFSA.SLS01G03981,2017.06,0,FINAL,"Local Government, Operating Statement, Operating Expenses",Government Financial Statistics - GFS,Current grants,,,,,Dollars,6
GFSA.SLS01G03981,2018.06,0,FINAL,"Local Government, Operating Statement, Operating Expenses",Government Financial Statistics - GFS,Current grants,,,,,Dollars,6
GFSA.SLS01G03981,2019.06,0,FINAL,"Local Government, Operating Statement, Operating Expenses",Government Financial Statistics - GFS,Current grants,,,,,Dollars,6
GFSA.SLS01G03981,2020.06,0,FINAL,"Local Government, Operating Statement, Operating Expenses",Government Financial Statistics - GFS,Current grants,,,,,Dollars,6
GFSA.SLS01G03981,2021.06,0,FINAL,"Local Government, Operating Statement, Operating Expenses",Government Financial Statistics - GFS,Current grants,,,,,Dollars,6
GFSA.SLS01G03981,2022.06,0,FINAL,"Local Government, Operating Statement, Operating Expenses",Government Financial Statistics - GFS,Current grants,,,,,Dollars,6
GFSA.SLS01G03981,2023.06,0,FINAL,"Local Government, Operating Statement, Operating Expenses",Government Financial Statistics - GFS,Current grants,,,,,Dollars,6
GFSA.SLS01G03981,2024.06,0,FINAL,"Local Government, Operating Statement, Operating Expenses",Government Financial Statistics - GFS,Current grants,,,,,Dollars,6
GFSA.SLS01G03981,2025.06,0,PROVISIONAL,"Local Government, Operating Statement, Operating Expenses",Government Financial Statistics - GFS,Current grants,,,,,Dollars,6
GFSA.SLS01G03982,2009.06,293,FINAL,"Local Government, Operating Statement, Operating Expenses",Government Financial Statistics - GFS,Other current transfers,,,,,Dollars,6
GFSA.SLS01G03982,2010.06,314,FINAL,"Local Government, Operating Statement, Operating Expenses",Government Financial Statistics - GFS,Other current transfers,,,,,Dollars,6
GFSA.SLS01G03982,2011.06,384,FINAL,"Local Government, Operating Statement, Operating Expenses",Government Financial Statistics - GFS,Other current transfers,,,,,Dollars,6
GFSA.SLS01G03982,2012.06,403,FINAL,"Local Government, Operating Statement, Operating Expenses",Government Financial Statistics - GFS,Other current transfers,,,,,Dollars,6
GFSA.SLS01G03982,2013.06,362,FINAL,"Local Government, Operating Statement, Operating Expenses",Government Financial Statistics - GFS,Other current transfers,,,,,Dollars,6
GFSA.SLS01G03982,2014.06,333,FINAL,"Local Government, Operating Statement, Operating Expenses",Government Financial Statistics - GFS,Other current transfers,,,,,Dollars,6
GFSA.SLS01G03982,2015.06,396,FINAL,"Local Government, Operating Statement, Operating Expenses",Government Financial Statistics - GFS,Other current transfers,,,,,Dollars,6
GFSA.SLS01G03982,2016.06,380,FINAL,"Local Government, Operating Statement, Operating Expenses",Government Financial Statistics - GFS,Other current transfers,,,,,Dollars,6
GFSA.SLS01G03982,2017.06,377,FINAL,"Local Government, Operating Statement, Operating Expenses",Government Financial Statistics - GFS,Other current transfers,,,,,Dollars,6
GFSA.SLS01G03982,2018.06,409,FINAL,"Local Government, Operating Statement, Operating Expenses",Government Financial Statistics - GFS,Other current transfers,,,,,Dollars,6
GFSA.SLS01G03982,2019.06,429,FINAL,"Local Government, Operating Statement, Operating Expenses",Government Financial Statistics - GFS,Other current transfers,,,,,Dollars,6
GFSA.SLS01G03982,2020.06,453,FINAL,"Local Government, Operating Statement, Operating Expenses",Government Financial Statistics - GFS,Other current transfers,,,,,Dollars,6
GFSA.SLS01G03982,2021.06,446,FINAL,"Local Government, Operating Statement, Operating Expenses",Government Financial Statistics - GFS,Other current transfers,,,,,Dollars,6
GFSA.SLS01G03982,2022.06,581,FINAL,"Local Government, Operating Statement, Operating Expenses",Government Financial Statistics - GFS,Other current transfers,,,,,Dollars,6
GFSA.SLS01G03982,2023.06,675,FINAL,"Local Government, Operating Statement, Operating Expenses",Government Financial Statistics - GFS,Other current transfers,,,,,Dollars,6
GFSA.SLS01G03982,2024.06,703,REVISED,"Local Government, Operating Statement, Operating Expenses",Government Financial Statistics - GFS,Other current transfers,,,,,Dollars,6
GFSA.SLS01G03982,2025.06,789,PROVISIONAL,"Local Government, Operating Statement, Operating Expenses",Government Financial Statistics - GFS,Other current transfers,,,,,Dollars,6
GFSA.SLS01G03983,2009.06,248,FINAL,"Local Government, Operating Statement, Operating Expenses",Government Financial Statistics - GFS,Subsidies,,,,,Dollars,6
GFSA.SLS01G03983,2010.06,266,FINAL,"Local Government, Operating Statement, Operating Expenses",Government Financial Statistics - GFS,Subsidies,,,,,Dollars,6
GFSA.SLS01G03983,2011.06,277,FINAL,"Local Government, Operating Statement, Operating Expenses",Government Financial Statistics - GFS,Subsidies,,,,,Dollars,6
GFSA.SLS01G03983,2012.06,316,FINAL,"Local Government, Operating Statement, Operating Expenses",Government Financial Statistics - GFS,Subsidies,,,,,Dollars,6
GFSA.SLS01G03983,2013.06,312,FINAL,"Local Government, Operating Statement, Operating Expenses",Government Financial Statistics - GFS,Subsidies,,,,,Dollars,6
GFSA.SLS01G03983,2014.06,337,FINAL,"Local Government, Operating Statement, Operating Expenses",Government Financial Statistics - GFS,Subsidies,,,,,Dollars,6
GFSA.SLS01G03983,2015.06,346,FINAL,"Local Government, Operating Statement, Operating Expenses",Government Financial Statistics - GFS,Subsidies,,,,,Dollars,6
GFSA.SLS01G03983,2016.06,339,FINAL,"Local Government, Operating Statement, Operating Expenses",Government Financial Statistics - GFS,Subsidies,,,,,Dollars,6
GFSA.SLS01G03983,2017.06,362,FINAL,"Local Government, Operating Statement, Operating Expenses",Government Financial Statistics - GFS,Subsidies,,,,,Dollars,6
GFSA.SLS01G03983,2018.06,391,FINAL,"Local Government, Operating Statement, Operating Expenses",Government Financial Statistics - GFS,Subsidies,,,,,Dollars,6
GFSA.SLS01G03983,2019.06,436,FINAL,"Local Government, Operating Statement, Operating Expenses",Government Financial Statistics - GFS,Subsidies,,,,,Dollars,6
GFSA.SLS01G03983,2020.06,535,FINAL,"Local Government, Operating Statement, Operating Expenses",Government Financial Statistics - GFS,Subsidies,,,,,Dollars,6
GFSA.SLS01G03983,2021.06,585,FINAL,"Local Government, Operating Statement, Operating Expenses",Government Financial Statistics - GFS,Subsidies,,,,,Dollars,6
GFSA.SLS01G03983,2022.06,647,FINAL,"Local Government, Operating Statement, Operating Expenses",Government Financial Statistics - GFS,Subsidies,,,,,Dollars,6
GFSA.SLS01G03983,2023.06,783,FINAL,"Local Government, Operating Statement, Operating Expenses",Government Financial Statistics - GFS,Subsidies,,,,,Dollars,6
GFSA.SLS01G03983,2024.06,774,REVISED,"Local Government, Operating Statement, Operating Expenses",Government Financial Statistics - GFS,Subsidies,,,,,Dollars,6
GFSA.SLS01G03983,2025.06,828,PROVISIONAL,"Local Government, Operating Statement, Operating Expenses",Government Financial Statistics - GFS,Subsidies,,,,,Dollars,6
GFSA.SLS01G03991,2009.06,0,FINAL,"Local Government, Operating Statement, Operating Expenses",Government Financial Statistics - GFS,Capital grants,,,,,Dollars,6
GFSA.SLS01G03991,2010.06,0,FINAL,"Local Government, Operating Statement, Operating Expenses",Government Financial Statistics - GFS,Capital grants,,,,,Dollars,6
GFSA.SLS01G03991,2011.06,0,FINAL,"Local Government, Operating Statement, Operating Expenses",Government Financial Statistics - GFS,Capital grants,,,,,Dollars,6
GFSA.SLS01G03991,2012.06,0,FINAL,"Local Government, Operating Statement, Operating Expenses",Government Financial Statistics - GFS,Capital grants,,,,,Dollars,6
GFSA.SLS01G03991,2013.06,0,FINAL,"Local Government, Operating Statement, Operating Expenses",Government Financial Statistics - GFS,Capital grants,,,,,Dollars,6
GFSA.SLS01G03991,2014.06,0,FINAL,"Local Government, Operating Statement, Operating Expenses",Government Financial Statistics - GFS,Capital grants,,,,,Dollars,6
GFSA.SLS01G03991,2015.06,0,FINAL,"Local Government, Operating Statement, Operating Expenses",Government Financial Statistics - GFS,Capital grants,,,,,Dollars,6
GFSA.SLS01G03991,2016.06,0,FINAL,"Local Government, Operating Statement, Operating Expenses",Government Financial Statistics - GFS,Capital grants,,,,,Dollars,6
GFSA.SLS01G03991,2017.06,0,FINAL,"Local Government, Operating Statement, Operating Expenses",Government Financial Statistics - GFS,Capital grants,,,,,Dollars,6
GFSA.SLS01G03991,2018.06,0,FINAL,"Local Government, Operating Statement, Operating Expenses",Government Financial Statistics - GFS,Capital grants,,,,,Dollars,6
GFSA.SLS01G03991,2019.06,0,FINAL,"Local Government, Operating Statement, Operating Expenses",Government Financial Statistics - GFS,Capital grants,,,,,Dollars,6
GFSA.SLS01G03991,2020.06,0,FINAL,"Local Government, Operating Statement, Operating Expenses",Government Financial Statistics - GFS,Capital grants,,,,,Dollars,6
GFSA.SLS01G03991,2021.06,0,FINAL,"Local Government, Operating Statement, Operating Expenses",Government Financial Statistics - GFS,Capital grants,,,,,Dollars,6
GFSA.SLS01G03991,2022.06,0,FINAL,"Local Government, Operating Statement, Operating Expenses",Government Financial Statistics - GFS,Capital grants,,,,,Dollars,6
GFSA.SLS01G03991,2023.06,0,FINAL,"Local Government, Operating Statement, Operating Expenses",Government Financial Statistics - GFS,Capital grants,,,,,Dollars,6
GFSA.SLS01G03991,2024.06,0,FINAL,"Local Government, Operating Statement, Operating Expenses",Government Financial Statistics - GFS,Capital grants,,,,,Dollars,6
GFSA.SLS01G03991,2025.06,0,PROVISIONAL,"Local Government, Operating Statement, Operating Expenses",Government Financial Statistics - GFS,Capital grants,,,,,Dollars,6
GFSA.SLS01G03992,2009.06,94,FINAL,"Local Government, Operating Statement, Operating Expenses",Government Financial Statistics - GFS,Other capital transfers,,,,,Dollars,6
GFSA.SLS01G03992,2010.06,126,FINAL,"Local Government, Operating Statement, Operating Expenses",Government Financial Statistics - GFS,Other capital transfers,,,,,Dollars,6
GFSA.SLS01G03992,2011.06,175,FINAL,"Local Government, Operating Statement, Operating Expenses",Government Financial Statistics - GFS,Other capital transfers,,,,,Dollars,6
GFSA.SLS01G03992,2012.06,134,FINAL,"Local Government, Operating Statement, Operating Expenses",Government Financial Statistics - GFS,Other capital transfers,,,,,Dollars,6
GFSA.SLS01G03992,2013.06,43,FINAL,"Local Government, Operating Statement, Operating Expenses",Government Financial Statistics - GFS,Other capital transfers,,,,,Dollars,6
GFSA.SLS01G03992,2014.06,3,FINAL,"Local Government, Operating Statement, Operating Expenses",Government Financial Statistics - GFS,Other capital transfers,,,,,Dollars,6
GFSA.SLS01G03992,2015.06,4,FINAL,"Local Government, Operating Statement, Operating Expenses",Government Financial Statistics - GFS,Other capital transfers,,,,,Dollars,6
GFSA.SLS01G03992,2016.06,27,FINAL,"Local Government, Operating Statement, Operating Expenses",Government Financial Statistics - GFS,Other capital transfers,,,,,Dollars,6
GFSA.SLS01G03992,2017.06,50,FINAL,"Local Government, Operating Statement, Operating Expenses",Government Financial Statistics - GFS,Other capital transfers,,,,,Dollars,6
GFSA.SLS01G03992,2018.06,23,FINAL,"Local Government, Operating Statement, Operating Expenses",Government Financial Statistics - GFS,Other capital transfers,,,,,Dollars,6
GFSA.SLS01G03992,2019.06,27,FINAL,"Local Government, Operating Statement, Operating Expenses",Government Financial Statistics - GFS,Other capital transfers,,,,,Dollars,6
GFSA.SLS01G03992,2020.06,137,FINAL,"Local Government, Operating Statement, Operating Expenses",Government Financial Statistics - GFS,Other capital transfers,,,,,Dollars,6
GFSA.SLS01G03992,2021.06,3,FINAL,"Local Government, Operating Statement, Operating Expenses",Government Financial Statistics - GFS,Other capital transfers,,,,,Dollars,6
GFSA.SLS01G03992,2022.06,72,FINAL,"Local Government, Operating Statement, Operating Expenses",Government Financial Statistics - GFS,Other capital transfers,,,,,Dollars,6
GFSA.SLS01G03992,2023.06,13,FINAL,"Local Government, Operating Statement, Operating Expenses",Government Financial Statistics - GFS,Other capital transfers,,,,,Dollars,6
GFSA.SLS01G03992,2024.06,72,REVISED,"Local Government, Operating Statement, Operating Expenses",Government Financial Statistics - GFS,Other capital transfers,,,,,Dollars,6
GFSA.SLS01G03992,2025.06,0,PROVISIONAL,"Local Government, Operating Statement, Operating Expenses",Government Financial Statistics - GFS,Other capital transfers,,,,,Dollars,6
GFSA.SLS01G03K00,2009.06,1421,FINAL,"Local Government, Operating Statement, Operating Expenses",Government Financial Statistics - GFS,Depreciation,,,,,Dollars,6
GFSA.SLS01G03K00,2010.06,1513,FINAL,"Local Government, Operating Statement, Operating Expenses",Government Financial Statistics - GFS,Depreciation,,,,,Dollars,6
GFSA.SLS01G03K00,2011.06,1583,FINAL,"Local Government, Operating Statement, Operating Expenses",Government Financial Statistics - GFS,Depreciation,,,,,Dollars,6
GFSA.SLS01G03K00,2012.06,1618,FINAL,"Local Government, Operating Statement, Operating Expenses",Government Financial Statistics - GFS,Depreciation,,,,,Dollars,6
GFSA.SLS01G03K00,2013.06,1695,FINAL,"Local Government, Operating Statement, Operating Expenses",Government Financial Statistics - GFS,Depreciation,,,,,Dollars,6
GFSA.SLS01G03K00,2014.06,1766,FINAL,"Local Government, Operating Statement, Operating Expenses",Government Financial Statistics - GFS,Depreciation,,,,,Dollars,6
GFSA.SLS01G03K00,2015.06,1859,FINAL,"Local Government, Operating Statement, Operating Expenses",Government Financial Statistics - GFS,Depreciation,,,,,Dollars,6
GFSA.SLS01G03K00,2016.06,1991,FINAL,"Local Government, Operating Statement, Operating Expenses",Government Financial Statistics - GFS,Depreciation,,,,,Dollars,6
GFSA.SLS01G03K00,2017.06,2083,FINAL,"Local Government, Operating Statement, Operating Expenses",Government Financial Statistics - GFS,Depreciation,,,,,Dollars,6
GFSA.SLS01G03K00,2018.06,2158,FINAL,"Local Government, Operating Statement, Operating Expenses",Government Financial Statistics - GFS,Depreciation,,,,,Dollars,6
GFSA.SLS01G03K00,2019.06,2275,FINAL,"Local Government, Operating Statement, Operating Expenses",Government Financial Statistics - GFS,Depreciation,,,,,Dollars,6
GFSA.SLS01G03K00,2020.06,2409,FINAL,"Local Government, Operating Statement, Operating Expenses",Government Financial Statistics - GFS,Depreciation,,,,,Dollars,6
GFSA.SLS01G03K00,2021.06,2581,FINAL,"Local Government, Operating Statement, Operating Expenses",Government Financial Statistics - GFS,Depreciation,,,,,Dollars,6
GFSA.SLS01G03K00,2022.06,2735,FINAL,"Local Government, Operating Statement, Operating Expenses",Government Financial Statistics - GFS,Depreciation,,,,,Dollars,6
GFSA.SLS01G03K00,2023.06,3263,FINAL,"Local Government, Operating Statement, Operating Expenses",Government Financial Statistics - GFS,Depreciation,,,,,Dollars,6
GFSA.SLS01G03K00,2024.06,3530,REVISED,"Local Government, Operating Statement, Operating Expenses",Government Financial Statistics - GFS,Depreciation,,,,,Dollars,6
GFSA.SLS01G03K00,2025.06,3847,PROVISIONAL,"Local Government, Operating Statement, Operating Expenses",Government Financial Statistics - GFS,Depreciation,,,,,Dollars,6
GFSA.SLS01G03Z99,2009.06,6904,FINAL,"Local Government, Operating Statement, Operating Expenses",Government Financial Statistics - GFS,Total,,,,,Dollars,6
GFSA.SLS01G03Z99,2010.06,7215,FINAL,"Local Government, Operating Statement, Operating Expenses",Government Financial Statistics - GFS,Total,,,,,Dollars,6
GFSA.SLS01G03Z99,2011.06,7951,FINAL,"Local Government, Operating Statement, Operating Expenses",Government Financial Statistics - GFS,Total,,,,,Dollars,6
GFSA.SLS01G03Z99,2012.06,8314,FINAL,"Local Government, Operating Statement, Operating Expenses",Government Financial Statistics - GFS,Total,,,,,Dollars,6
GFSA.SLS01G03Z99,2013.06,8061,FINAL,"Local Government, Operating Statement, Operating Expenses",Government Financial Statistics - GFS,Total,,,,,Dollars,6
GFSA.SLS01G03Z99,2014.06,8213,FINAL,"Local Government, Operating Statement, Operating Expenses",Government Financial Statistics - GFS,Total,,,,,Dollars,6
GFSA.SLS01G03Z99,2015.06,8739,FINAL,"Local Government, Operating Statement, Operating Expenses",Government Financial Statistics - GFS,Total,,,,,Dollars,6
GFSA.SLS01G03Z99,2016.06,9156,FINAL,"Local Government, Operating Statement, Operating Expenses",Government Financial Statistics - GFS,Total,,,,,Dollars,6
GFSA.SLS01G03Z99,2017.06,9717,FINAL,"Local Government, Operating Statement, Operating Expenses",Government Financial Statistics - GFS,Total,,,,,Dollars,6
GFSA.SLS01G03Z99,2018.06,10129,FINAL,"Local Government, Operating Statement, Operating Expenses",Government Financial Statistics - GFS,Total,,,,,Dollars,6
GFSA.SLS01G03Z99,2019.06,10790,FINAL,"Local Government, Operating Statement, Operating Expenses",Government Financial Statistics - GFS,Total,,,,,Dollars,6
GFSA.SLS01G03Z99,2020.06,11616,FINAL,"Local Government, Operating Statement, Operating Expenses",Government Financial Statistics - GFS,Total,,,,,Dollars,6
GFSA.SLS01G03Z99,2021.06,11947,FINAL,"Local Government, Operating Statement, Operating Expenses",Government Financial Statistics - GFS,Total,,,,,Dollars,6
GFSA.SLS01G03Z99,2022.06,12765,FINAL,"Local Government, Operating Statement, Operating Expenses",Government Financial Statistics - GFS,Total,,,,,Dollars,6
GFSA.SLS01G03Z99,2023.06,15127,REVISED,"Local Government, Operating Statement, Operating Expenses",Government Financial Statistics - GFS,Total,,,,,Dollars,6
GFSA.SLS01G03Z99,2024.06,16620,REVISED,"Local Government, Operating Statement, Operating Expenses",Government Financial Statistics - GFS,Total,,,,,Dollars,6
GFSA.SLS01G03Z99,2025.06,17738,PROVISIONAL,"Local Government, Operating Statement, Operating Expenses",Government Financial Statistics - GFS,Total,,,,,Dollars,6
GFSA.SLS01G04611,2009.06,2863,FINAL,"Local Government, Operating Statement, Net Acquisition of Non-financial Assets",Government Financial Statistics - GFS,Fixed assets,,,,,Dollars,6
GFSA.SLS01G04611,2010.06,3116,FINAL,"Local Government, Operating Statement, Net Acquisition of Non-financial Assets",Government Financial Statistics - GFS,Fixed assets,,,,,Dollars,6
GFSA.SLS01G04611,2011.06,2571,FINAL,"Local Government, Operating Statement, Net Acquisition of Non-financial Assets",Government Financial Statistics - GFS,Fixed assets,,,,,Dollars,6
GFSA.SLS01G04611,2012.06,2519,FINAL,"Local Government, Operating Statement, Net Acquisition of Non-financial Assets",Government Financial Statistics - GFS,Fixed assets,,,,,Dollars,6
GFSA.SLS01G04611,2013.06,3317,FINAL,"Local Government, Operating Statement, Net Acquisition of Non-financial Assets",Government Financial Statistics - GFS,Fixed assets,,,,,Dollars,6
GFSA.SLS01G04611,2014.06,3167,FINAL,"Local Government, Operating Statement, Net Acquisition of Non-financial Assets",Government Financial Statistics - GFS,Fixed assets,,,,,Dollars,6
GFSA.SLS01G04611,2015.06,3352,FINAL,"Local Government, Operating Statement, Net Acquisition of Non-financial Assets",Government Financial Statistics - GFS,Fixed assets,,,,,Dollars,6
GFSA.SLS01G04611,2016.06,3390,FINAL,"Local Government, Operating Statement, Net Acquisition of Non-financial Assets",Government Financial Statistics - GFS,Fixed assets,,,,,Dollars,6
GFSA.SLS01G04611,2017.06,3495,FINAL,"Local Government, Operating Statement, Net Acquisition of Non-financial Assets",Government Financial Statistics - GFS,Fixed assets,,,,,Dollars,6
GFSA.SLS01G04611,2018.06,3926,REVISED,"Local Government, Operating Statement, Net Acquisition of Non-financial Assets",Government Financial Statistics - GFS,Fixed assets,,,,,Dollars,6
GFSA.SLS01G04611,2019.06,4372,REVISED,"Local Government, Operating Statement, Net Acquisition of Non-financial Assets",Government Financial Statistics - GFS,Fixed assets,,,,,Dollars,6
GFSA.SLS01G04611,2020.06,4829,REVISED,"Local Government, Operating Statement, Net Acquisition of Non-financial Assets",Government Financial Statistics - GFS,Fixed assets,,,,,Dollars,6
GFSA.SLS01G04611,2021.06,5675,REVISED,"Local Government, Operating Statement, Net Acquisition of Non-financial Assets",Government Financial Statistics - GFS,Fixed assets,,,,,Dollars,6
GFSA.SLS01G04611,2022.06,5793,REVISED,"Local Government, Operating Statement, Net Acquisition of Non-financial Assets",Government Financial Statistics - GFS,Fixed assets,,,,,Dollars,6
GFSA.SLS01G04611,2023.06,7430,REVISED,"Local Government, Operating Statement, Net Acquisition of Non-financial Assets",Government Financial Statistics - GFS,Fixed assets,,,,,Dollars,6
GFSA.SLS01G04611,2024.06,8007,REVISED,"Local Government, Operating Statement, Net Acquisition of Non-financial Assets",Government Financial Statistics - GFS,Fixed assets,,,,,Dollars,6
GFSA.SLS01G04611,2025.06,8821,PROVISIONAL,"Local Government, Operating Statement, Net Acquisition of Non-financial Assets",Government Financial Statistics - GFS,Fixed assets,,,,,Dollars,6
GFSA.SLS01G04613,2009.06,0,FINAL,"Local Government, Operating Statement, Net Acquisition of Non-financial Assets",Government Financial Statistics - GFS,Valuables,,,,,Dollars,6
GFSA.SLS01G04613,2010.06,0,FINAL,"Local Government, Operating Statement, Net Acquisition of Non-financial Assets",Government Financial Statistics - GFS,Valuables,,,,,Dollars,6
GFSA.SLS01G04613,2011.06,0,FINAL,"Local Government, Operating Statement, Net Acquisition of Non-financial Assets",Government Financial Statistics - GFS,Valuables,,,,,Dollars,6
GFSA.SLS01G04613,2012.06,0,FINAL,"Local Government, Operating Statement, Net Acquisition of Non-financial Assets",Government Financial Statistics - GFS,Valuables,,,,,Dollars,6
GFSA.SLS01G04613,2013.06,0,FINAL,"Local Government, Operating Statement, Net Acquisition of Non-financial Assets",Government Financial Statistics - GFS,Valuables,,,,,Dollars,6
GFSA.SLS01G04613,2014.06,0,FINAL,"Local Government, Operating Statement, Net Acquisition of Non-financial Assets",Government Financial Statistics - GFS,Valuables,,,,,Dollars,6
GFSA.SLS01G04613,2015.06,0,FINAL,"Local Government, Operating Statement, Net Acquisition of Non-financial Assets",Government Financial Statistics - GFS,Valuables,,,,,Dollars,6
GFSA.SLS01G04613,2016.06,0,FINAL,"Local Government, Operating Statement, Net Acquisition of Non-financial Assets",Government Financial Statistics - GFS,Valuables,,,,,Dollars,6
GFSA.SLS01G04613,2017.06,0,FINAL,"Local Government, Operating Statement, Net Acquisition of Non-financial Assets",Government Financial Statistics - GFS,Valuables,,,,,Dollars,6
GFSA.SLS01G04613,2018.06,0,FINAL,"Local Government, Operating Statement, Net Acquisition of Non-financial Assets",Government Financial Statistics - GFS,Valuables,,,,,Dollars,6
GFSA.SLS01G04613,2019.06,0,FINAL,"Local Government, Operating Statement, Net Acquisition of Non-financial Assets",Government Financial Statistics - GFS,Valuables,,,,,Dollars,6
GFSA.SLS01G04613,2020.06,0,FINAL,"Local Government, Operating Statement, Net Acquisition of Non-financial Assets",Government Financial Statistics - GFS,Valuables,,,,,Dollars,6
GFSA.SLS01G04613,2021.06,0,FINAL,"Local Government, Operating Statement, Net Acquisition of Non-financial Assets",Government Financial Statistics - GFS,Valuables,,,,,Dollars,6
GFSA.SLS01G04613,2022.06,0,FINAL,"Local Government, Operating Statement, Net Acquisition of Non-financial Assets",Government Financial Statistics - GFS,Valuables,,,,,Dollars,6
GFSA.SLS01G04613,2023.06,0,FINAL,"Local Government, Operating Statement, Net Acquisition of Non-financial Assets",Government Financial Statistics - GFS,Valuables,,,,,Dollars,6
GFSA.SLS01G04613,2024.06,0,FINAL,"Local Government, Operating Statement, Net Acquisition of Non-financial Assets",Government Financial Statistics - GFS,Valuables,,,,,Dollars,6
GFSA.SLS01G04613,2025.06,0,PROVISIONAL,"Local Government, Operating Statement, Net Acquisition of Non-financial Assets",Government Financial Statistics - GFS,Valuables,,,,,Dollars,6
GFSA.SLS01G04615,2009.06,353,FINAL,"Local Government, Operating Statement, Net Acquisition of Non-financial Assets",Government Financial Statistics - GFS,Land,,,,,Dollars,6
GFSA.SLS01G04615,2010.06,220,FINAL,"Local Government, Operating Statement, Net Acquisition of Non-financial Assets",Government Financial Statistics - GFS,Land,,,,,Dollars,6
GFSA.SLS01G04615,2011.06,170,FINAL,"Local Government, Operating Statement, Net Acquisition of Non-financial Assets",Government Financial Statistics - GFS,Land,,,,,Dollars,6
GFSA.SLS01G04615,2012.06,114,FINAL,"Local Government, Operating Statement, Net Acquisition of Non-financial Assets",Government Financial Statistics - GFS,Land,,,,,Dollars,6
GFSA.SLS01G04615,2013.06,593,FINAL,"Local Government, Operating Statement, Net Acquisition of Non-financial Assets",Government Financial Statistics - GFS,Land,,,,,Dollars,6
GFSA.SLS01G04615,2014.06,235,FINAL,"Local Government, Operating Statement, Net Acquisition of Non-financial Assets",Government Financial Statistics - GFS,Land,,,,,Dollars,6
GFSA.SLS01G04615,2015.06,278,FINAL,"Local Government, Operating Statement, Net Acquisition of Non-financial Assets",Government Financial Statistics - GFS,Land,,,,,Dollars,6
GFSA.SLS01G04615,2016.06,123,FINAL,"Local Government, Operating Statement, Net Acquisition of Non-financial Assets",Government Financial Statistics - GFS,Land,,,,,Dollars,6
GFSA.SLS01G04615,2017.06,174,FINAL,"Local Government, Operating Statement, Net Acquisition of Non-financial Assets",Government Financial Statistics - GFS,Land,,,,,Dollars,6
GFSA.SLS01G04615,2018.06,460,FINAL,"Local Government, Operating Statement, Net Acquisition of Non-financial Assets",Government Financial Statistics - GFS,Land,,,,,Dollars,6
GFSA.SLS01G04615,2019.06,447,FINAL,"Local Government, Operating Statement, Net Acquisition of Non-financial Assets",Government Financial Statistics - GFS,Land,,,,,Dollars,6
GFSA.SLS01G04615,2020.06,443,FINAL,"Local Government, Operating Statement, Net Acquisition of Non-financial Assets",Government Financial Statistics - GFS,Land,,,,,Dollars,6
GFSA.SLS01G04615,2021.06,247,FINAL,"Local Government, Operating Statement, Net Acquisition of Non-financial Assets",Government Financial Statistics - GFS,Land,,,,,Dollars,6
GFSA.SLS01G04615,2022.06,414,FINAL,"Local Government, Operating Statement, Net Acquisition of Non-financial Assets",Government Financial Statistics - GFS,Land,,,,,Dollars,6
GFSA.SLS01G04615,2023.06,556,REVISED,"Local Government, Operating Statement, Net Acquisition of Non-financial Assets",Government Financial Statistics - GFS,Land,,,,,Dollars,6
GFSA.SLS01G04615,2024.06,405,REVISED,"Local Government, Operating Statement, Net Acquisition of Non-financial Assets",Government Financial Statistics - GFS,Land,,,,,Dollars,6
GFSA.SLS01G04615,2025.06,599,PROVISIONAL,"Local Government, Operating Statement, Net Acquisition of Non-financial Assets",Government Financial Statistics - GFS,Land,,,,,Dollars,6
GFSA.SLS01G04698,2009.06,13,FINAL,"Local Government, Operating Statement, Net Acquisition of Non-financial Assets",Government Financial Statistics - GFS,Other non-produced non-financial assets,,,,,Dollars,6
GFSA.SLS01G04698,2010.06,6,FINAL,"Local Government, Operating Statement, Net Acquisition of Non-financial Assets",Government Financial Statistics - GFS,Other non-produced non-financial assets,,,,,Dollars,6
GFSA.SLS01G04698,2011.06,11,FINAL,"Local Government, Operating Statement, Net Acquisition of Non-financial Assets",Government Financial Statistics - GFS,Other non-produced non-financial assets,,,,,Dollars,6
GFSA.SLS01G04698,2012.06,24,FINAL,"Local Government, Operating Statement, Net Acquisition of Non-financial Assets",Government Financial Statistics - GFS,Other non-produced non-financial assets,,,,,Dollars,6
GFSA.SLS01G04698,2013.06,6,FINAL,"Local Government, Operating Statement, Net Acquisition of Non-financial Assets",Government Financial Statistics - GFS,Other non-produced non-financial assets,,,,,Dollars,6
GFSA.SLS01G04698,2014.06,47,FINAL,"Local Government, Operating Statement, Net Acquisition of Non-financial Assets",Government Financial Statistics - GFS,Other non-produced non-financial assets,,,,,Dollars,6
GFSA.SLS01G04698,2015.06,13,FINAL,"Local Government, Operating Statement, Net Acquisition of Non-financial Assets",Government Financial Statistics - GFS,Other non-produced non-financial assets,,,,,Dollars,6
GFSA.SLS01G04698,2016.06,14,FINAL,"Local Government, Operating Statement, Net Acquisition of Non-financial Assets",Government Financial Statistics - GFS,Other non-produced non-financial assets,,,,,Dollars,6
GFSA.SLS01G04698,2017.06,18,FINAL,"Local Government, Operating Statement, Net Acquisition of Non-financial Assets",Government Financial Statistics - GFS,Other non-produced non-financial assets,,,,,Dollars,6
GFSA.SLS01G04698,2018.06,31,FINAL,"Local Government, Operating Statement, Net Acquisition of Non-financial Assets",Government Financial Statistics - GFS,Other non-produced non-financial assets,,,,,Dollars,6
GFSA.SLS01G04698,2019.06,8,FINAL,"Local Government, Operating Statement, Net Acquisition of Non-financial Assets",Government Financial Statistics - GFS,Other non-produced non-financial assets,,,,,Dollars,6
GFSA.SLS01G04698,2020.06,49,FINAL,"Local Government, Operating Statement, Net Acquisition of Non-financial Assets",Government Financial Statistics - GFS,Other non-produced non-financial assets,,,,,Dollars,6
GFSA.SLS01G04698,2021.06,44,FINAL,"Local Government, Operating Statement, Net Acquisition of Non-financial Assets",Government Financial Statistics - GFS,Other non-produced non-financial assets,,,,,Dollars,6
GFSA.SLS01G04698,2022.06,35,FINAL,"Local Government, Operating Statement, Net Acquisition of Non-financial Assets",Government Financial Statistics - GFS,Other non-produced non-financial assets,,,,,Dollars,6
GFSA.SLS01G04698,2023.06,32,FINAL,"Local Government, Operating Statement, Net Acquisition of Non-financial Assets",Government Financial Statistics - GFS,Other non-produced non-financial assets,,,,,Dollars,6
GFSA.SLS01G04698,2024.06,29,REVISED,"Local Government, Operating Statement, Net Acquisition of Non-financial Assets",Government Financial Statistics - GFS,Other non-produced non-financial assets,,,,,Dollars,6
GFSA.SLS01G04698,2025.06,47,PROVISIONAL,"Local Government, Operating Statement, Net Acquisition of Non-financial Assets",Government Financial Statistics - GFS,Other non-produced non-financial assets,,,,,Dollars,6
GFSA.SLS01G04K00,2009.06,1421,FINAL,"Local Government, Operating Statement, Net Acquisition of Non-financial Assets",Government Financial Statistics - GFS,Depreciation,,,,,Dollars,6
GFSA.SLS01G04K00,2010.06,1513,FINAL,"Local Government, Operating Statement, Net Acquisition of Non-financial Assets",Government Financial Statistics - GFS,Depreciation,,,,,Dollars,6
GFSA.SLS01G04K00,2011.06,1583,FINAL,"Local Government, Operating Statement, Net Acquisition of Non-financial Assets",Government Financial Statistics - GFS,Depreciation,,,,,Dollars,6
GFSA.SLS01G04K00,2012.06,1618,FINAL,"Local Government, Operating Statement, Net Acquisition of Non-financial Assets",Government Financial Statistics - GFS,Depreciation,,,,,Dollars,6
GFSA.SLS01G04K00,2013.06,1695,FINAL,"Local Government, Operating Statement, Net Acquisition of Non-financial Assets",Government Financial Statistics - GFS,Depreciation,,,,,Dollars,6
GFSA.SLS01G04K00,2014.06,1766,FINAL,"Local Government, Operating Statement, Net Acquisition of Non-financial Assets",Government Financial Statistics - GFS,Depreciation,,,,,Dollars,6
GFSA.SLS01G04K00,2015.06,1859,FINAL,"Local Government, Operating Statement, Net Acquisition of Non-financial Assets",Government Financial Statistics - GFS,Depreciation,,,,,Dollars,6
GFSA.SLS01G04K00,2016.06,1991,FINAL,"Local Government, Operating Statement, Net Acquisition of Non-financial Assets",Government Financial Statistics - GFS,Depreciation,,,,,Dollars,6
GFSA.SLS01G04K00,2017.06,2083,FINAL,"Local Government, Operating Statement, Net Acquisition of Non-financial Assets",Government Financial Statistics - GFS,Depreciation,,,,,Dollars,6
GFSA.SLS01G04K00,2018.06,2158,FINAL,"Local Government, Operating Statement, Net Acquisition of Non-financial Assets",Government Financial Statistics - GFS,Depreciation,,,,,Dollars,6
GFSA.SLS01G04K00,2019.06,2275,FINAL,"Local Government, Operating Statement, Net Acquisition of Non-financial Assets",Government Financial Statistics - GFS,Depreciation,,,,,Dollars,6
GFSA.SLS01G04K00,2020.06,2409,FINAL,"Local Government, Operating Statement, Net Acquisition of Non-financial Assets",Government Financial Statistics - GFS,Depreciation,,,,,Dollars,6
GFSA.SLS01G04K00,2021.06,2581,FINAL,"Local Government, Operating Statement, Net Acquisition of Non-financial Assets",Government Financial Statistics - GFS,Depreciation,,,,,Dollars,6
GFSA.SLS01G04K00,2022.06,2735,FINAL,"Local Government, Operating Statement, Net Acquisition of Non-financial Assets",Government Financial Statistics - GFS,Depreciation,,,,,Dollars,6
GFSA.SLS01G04K00,2023.06,3263,FINAL,"Local Government, Operating Statement, Net Acquisition of Non-financial Assets",Government Financial Statistics - GFS,Depreciation,,,,,Dollars,6
GFSA.SLS01G04K00,2024.06,3530,REVISED,"Local Government, Operating Statement, Net Acquisition of Non-financial Assets",Government Financial Statistics - GFS,Depreciation,,,,,Dollars,6
GFSA.SLS01G04K00,2025.06,3847,PROVISIONAL,"Local Government, Operating Statement, Net Acquisition of Non-financial Assets",Government Financial Statistics - GFS,Depreciation,,,,,Dollars,6
GFSA.SLS01G04Z94,2009.06,0,FINAL,"Local Government, Operating Statement, Net Acquisition of Non-financial Assets",Government Financial Statistics - GFS,Change in inventories,,,,,Dollars,6
GFSA.SLS01G04Z94,2010.06,5,REVISED,"Local Government, Operating Statement, Net Acquisition of Non-financial Assets",Government Financial Statistics - GFS,Change in inventories,,,,,Dollars,6
GFSA.SLS01G04Z94,2011.06,29,FINAL,"Local Government, Operating Statement, Net Acquisition of Non-financial Assets",Government Financial Statistics - GFS,Change in inventories,,,,,Dollars,6
GFSA.SLS01G04Z94,2012.06,15,FINAL,"Local Government, Operating Statement, Net Acquisition of Non-financial Assets",Government Financial Statistics - GFS,Change in inventories,,,,,Dollars,6
GFSA.SLS01G04Z94,2013.06,7,FINAL,"Local Government, Operating Statement, Net Acquisition of Non-financial Assets",Government Financial Statistics - GFS,Change in inventories,,,,,Dollars,6
GFSA.SLS01G04Z94,2014.06,-25,FINAL,"Local Government, Operating Statement, Net Acquisition of Non-financial Assets",Government Financial Statistics - GFS,Change in inventories,,,,,Dollars,6
GFSA.SLS01G04Z94,2015.06,29,FINAL,"Local Government, Operating Statement, Net Acquisition of Non-financial Assets",Government Financial Statistics - GFS,Change in inventories,,,,,Dollars,6
GFSA.SLS01G04Z94,2016.06,20,FINAL,"Local Government, Operating Statement, Net Acquisition of Non-financial Assets",Government Financial Statistics - GFS,Change in inventories,,,,,Dollars,6
GFSA.SLS01G04Z94,2017.06,22,FINAL,"Local Government, Operating Statement, Net Acquisition of Non-financial Assets",Government Financial Statistics - GFS,Change in inventories,,,,,Dollars,6
GFSA.SLS01G04Z94,2018.06,10,FINAL,"Local Government, Operating Statement, Net Acquisition of Non-financial Assets",Government Financial Statistics - GFS,Change in inventories,,,,,Dollars,6
GFSA.SLS01G04Z94,2019.06,9,FINAL,"Local Government, Operating Statement, Net Acquisition of Non-financial Assets",Government Financial Statistics - GFS,Change in inventories,,,,,Dollars,6
GFSA.SLS01G04Z94,2020.06,33,FINAL,"Local Government, Operating Statement, Net Acquisition of Non-financial Assets",Government Financial Statistics - GFS,Change in inventories,,,,,Dollars,6
GFSA.SLS01G04Z94,2021.06,11,FINAL,"Local Government, Operating Statement, Net Acquisition of Non-financial Assets",Government Financial Statistics - GFS,Change in inventories,,,,,Dollars,6
GFSA.SLS01G04Z94,2022.06,-8,FINAL,"Local Government, Operating Statement, Net Acquisition of Non-financial Assets",Government Financial Statistics - GFS,Change in inventories,,,,,Dollars,6
GFSA.SLS01G04Z94,2023.06,-41,REVISED,"Local Government, Operating Statement, Net Acquisition of Non-financial Assets",Government Financial Statistics - GFS,Change in inventories,,,,,Dollars,6
GFSA.SLS01G04Z94,2024.06,4,REVISED,"Local Government, Operating Statement, Net Acquisition of Non-financial Assets",Government Financial Statistics - GFS,Change in inventories,,,,,Dollars,6
GFSA.SLS01G04Z94,2025.06,8,PROVISIONAL,"Local Government, Operating Statement, Net Acquisition of Non-financial Assets",Government Financial Statistics - GFS,Change in inventories,,,,,Dollars,6
GFSA.SLS01G04Z99,2009.06,1808,FINAL,"Local Government, Operating Statement, Net Acquisition of Non-financial Assets",Government Financial Statistics - GFS,Total,,,,,Dollars,6
GFSA.SLS01G04Z99,2010.06,1834,REVISED,"Local Government, Operating Statement, Net Acquisition of Non-financial Assets",Government Financial Statistics - GFS,Total,,,,,Dollars,6
GFSA.SLS01G04Z99,2011.06,1198,FINAL,"Local Government, Operating Statement, Net Acquisition of Non-financial Assets",Government Financial Statistics - GFS,Total,,,,,Dollars,6
GFSA.SLS01G04Z99,2012.06,1057,FINAL,"Local Government, Operating Statement, Net Acquisition of Non-financial Assets",Government Financial Statistics - GFS,Total,,,,,Dollars,6
GFSA.SLS01G04Z99,2013.06,2228,FINAL,"Local Government, Operating Statement, Net Acquisition of Non-financial Assets",Government Financial Statistics - GFS,Total,,,,,Dollars,6
GFSA.SLS01G04Z99,2014.06,1657,FINAL,"Local Government, Operating Statement, Net Acquisition of Non-financial Assets",Government Financial Statistics - GFS,Total,,,,,Dollars,6
GFSA.SLS01G04Z99,2015.06,1811,FINAL,"Local Government, Operating Statement, Net Acquisition of Non-financial Assets",Government Financial Statistics - GFS,Total,,,,,Dollars,6
GFSA.SLS01G04Z99,2016.06,1556,FINAL,"Local Government, Operating Statement, Net Acquisition of Non-financial Assets",Government Financial Statistics - GFS,Total,,,,,Dollars,6
GFSA.SLS01G04Z99,2017.06,1628,FINAL,"Local Government, Operating Statement, Net Acquisition of Non-financial Assets",Government Financial Statistics - GFS,Total,,,,,Dollars,6
GFSA.SLS01G04Z99,2018.06,2267,REVISED,"Local Government, Operating Statement, Net Acquisition of Non-financial Assets",Government Financial Statistics - GFS,Total,,,,,Dollars,6
GFSA.SLS01G04Z99,2019.06,2560,REVISED,"Local Government, Operating Statement, Net Acquisition of Non-financial Assets",Government Financial Statistics - GFS,Total,,,,,Dollars,6
GFSA.SLS01G04Z99,2020.06,2944,REVISED,"Local Government, Operating Statement, Net Acquisition of Non-financial Assets",Government Financial Statistics - GFS,Total,,,,,Dollars,6
GFSA.SLS01G04Z99,2021.06,3395,REVISED,"Local Government, Operating Statement, Net Acquisition of Non-financial Assets",Government Financial Statistics - GFS,Total,,,,,Dollars,6
GFSA.SLS01G04Z99,2022.06,3497,REVISED,"Local Government, Operating Statement, Net Acquisition of Non-financial Assets",Government Financial Statistics - GFS,Total,,,,,Dollars,6
GFSA.SLS01G04Z99,2023.06,4715,REVISED,"Local Government, Operating Statement, Net Acquisition of Non-financial Assets",Government Financial Statistics - GFS,Total,,,,,Dollars,6
GFSA.SLS01G04Z99,2024.06,4914,REVISED,"Local Government, Operating Statement, Net Acquisition of Non-financial Assets",Government Financial Statistics - GFS,Total,,,,,Dollars,6
GFSA.SLS01G04Z99,2025.06,5628,PROVISIONAL,"Local Government, Operating Statement, Net Acquisition of Non-financial Assets",Government Financial Statistics - GFS,Total,,,,,Dollars,6
GFSA.SLS02G00Z61Z99,2009.06,89732,FINAL,"Local Government, Balance Sheet, Total Assets and Non-financial Assets",Government Financial Statistics - GFS,Non-financial assets,Total,,,,Dollars,6
GFSA.SLS02G00Z61Z99,2010.06,93048,FINAL,"Local Government, Balance Sheet, Total Assets and Non-financial Assets",Government Financial Statistics - GFS,Non-financial assets,Total,,,,Dollars,6
GFSA.SLS02G00Z61Z99,2011.06,95503,FINAL,"Local Government, Balance Sheet, Total Assets and Non-financial Assets",Government Financial Statistics - GFS,Non-financial assets,Total,,,,Dollars,6
GFSA.SLS02G00Z61Z99,2012.06,97293,FINAL,"Local Government, Balance Sheet, Total Assets and Non-financial Assets",Government Financial Statistics - GFS,Non-financial assets,Total,,,,Dollars,6
GFSA.SLS02G00Z61Z99,2013.06,99404,FINAL,"Local Government, Balance Sheet, Total Assets and Non-financial Assets",Government Financial Statistics - GFS,Non-financial assets,Total,,,,Dollars,6
GFSA.SLS02G00Z61Z99,2014.06,105179,FINAL,"Local Government, Balance Sheet, Total Assets and Non-financial Assets",Government Financial Statistics - GFS,Non-financial assets,Total,,,,Dollars,6
GFSA.SLS02G00Z61Z99,2015.06,109548,FINAL,"Local Government, Balance Sheet, Total Assets and Non-financial Assets",Government Financial Statistics - GFS,Non-financial assets,Total,,,,Dollars,6
GFSA.SLS02G00Z61Z99,2016.06,113598,FINAL,"Local Government, Balance Sheet, Total Assets and Non-financial Assets",Government Financial Statistics - GFS,Non-financial assets,Total,,,,Dollars,6
GFSA.SLS02G00Z61Z99,2017.06,120009,FINAL,"Local Government, Balance Sheet, Total Assets and Non-financial Assets",Government Financial Statistics - GFS,Non-financial assets,Total,,,,Dollars,6
GFSA.SLS02G00Z61Z99,2018.06,125741,REVISED,"Local Government, Balance Sheet, Total Assets and Non-financial Assets",Government Financial Statistics - GFS,Non-financial assets,Total,,,,Dollars,6
GFSA.SLS02G00Z61Z99,2019.06,132799,REVISED,"Local Government, Balance Sheet, Total Assets and Non-financial Assets",Government Financial Statistics - GFS,Non-financial assets,Total,,,,Dollars,6
GFSA.SLS02G00Z61Z99,2020.06,141496,REVISED,"Local Government, Balance Sheet, Total Assets and Non-financial Assets",Government Financial Statistics - GFS,Non-financial assets,Total,,,,Dollars,6
GFSA.SLS02G00Z61Z99,2021.06,150797,REVISED,"Local Government, Balance Sheet, Total Assets and Non-financial Assets",Government Financial Statistics - GFS,Non-financial assets,Total,,,,Dollars,6
GFSA.SLS02G00Z61Z99,2022.06,178045,REVISED,"Local Government, Balance Sheet, Total Assets and Non-financial Assets",Government Financial Statistics - GFS,Non-financial assets,Total,,,,Dollars,6
GFSA.SLS02G00Z61Z99,2023.06,187747,REVISED,"Local Government, Balance Sheet, Total Assets and Non-financial Assets",Government Financial Statistics - GFS,Non-financial assets,Total,,,,Dollars,6
GFSA.SLS02G00Z61Z99,2024.06,199692,REVISED,"Local Government, Balance Sheet, Total Assets and Non-financial Assets",Government Financial Statistics - GFS,Non-financial assets,Total,,,,Dollars,6
GFSA.SLS02G00Z61Z99,2025.06,205856,PROVISIONAL,"Local Government, Balance Sheet, Total Assets and Non-financial Assets",Government Financial Statistics - GFS,Non-financial assets,Total,,,,Dollars,6
GFSA.SLS02G00Z63Z99,2009.06,99415,FINAL,"Local Government, Balance Sheet, Total Assets and Non-financial Assets",Government Financial Statistics - GFS,Assets,Total,,,,Dollars,6
GFSA.SLS02G00Z63Z99,2010.06,103602,FINAL,"Local Government, Balance Sheet, Total Assets and Non-financial Assets",Government Financial Statistics - GFS,Assets,Total,,,,Dollars,6
GFSA.SLS02G00Z63Z99,2011.06,109189,FINAL,"Local Government, Balance Sheet, Total Assets and Non-financial Assets",Government Financial Statistics - GFS,Assets,Total,,,,Dollars,6
GFSA.SLS02G00Z63Z99,2012.06,111703,FINAL,"Local Government, Balance Sheet, Total Assets and Non-financial Assets",Government Financial Statistics - GFS,Assets,Total,,,,Dollars,6
GFSA.SLS02G00Z63Z99,2013.06,114264,FINAL,"Local Government, Balance Sheet, Total Assets and Non-financial Assets",Government Financial Statistics - GFS,Assets,Total,,,,Dollars,6
GFSA.SLS02G00Z63Z99,2014.06,120311,FINAL,"Local Government, Balance Sheet, Total Assets and Non-financial Assets",Government Financial Statistics - GFS,Assets,Total,,,,Dollars,6
GFSA.SLS02G00Z63Z99,2015.06,125717,FINAL,"Local Government, Balance Sheet, Total Assets and Non-financial Assets",Government Financial Statistics - GFS,Assets,Total,,,,Dollars,6
GFSA.SLS02G00Z63Z99,2016.06,130937,FINAL,"Local Government, Balance Sheet, Total Assets and Non-financial Assets",Government Financial Statistics - GFS,Assets,Total,,,,Dollars,6
GFSA.SLS02G00Z63Z99,2017.06,138094,FINAL,"Local Government, Balance Sheet, Total Assets and Non-financial Assets",Government Financial Statistics - GFS,Assets,Total,,,,Dollars,6
GFSA.SLS02G00Z63Z99,2018.06,144570,REVISED,"Local Government, Balance Sheet, Total Assets and Non-financial Assets",Government Financial Statistics - GFS,Assets,Total,,,,Dollars,6
GFSA.SLS02G00Z63Z99,2019.06,153022,REVISED,"Local Government, Balance Sheet, Total Assets and Non-financial Assets",Government Financial Statistics - GFS,Assets,Total,,,,Dollars,6
GFSA.SLS02G00Z63Z99,2020.06,163227,REVISED,"Local Government, Balance Sheet, Total Assets and Non-financial Assets",Government Financial Statistics - GFS,Assets,Total,,,,Dollars,6
GFSA.SLS02G00Z63Z99,2021.06,173276,REVISED,"Local Government, Balance Sheet, Total Assets and Non-financial Assets",Government Financial Statistics - GFS,Assets,Total,,,,Dollars,6
GFSA.SLS02G00Z63Z99,2022.06,201836,REVISED,"Local Government, Balance Sheet, Total Assets and Non-financial Assets",Government Financial Statistics - GFS,Assets,Total,,,,Dollars,6
GFSA.SLS02G00Z63Z99,2023.06,213985,REVISED,"Local Government, Balance Sheet, Total Assets and Non-financial Assets",Government Financial Statistics - GFS,Assets,Total,,,,Dollars,6
GFSA.SLS02G00Z63Z99,2024.06,227095,REVISED,"Local Government, Balance Sheet, Total Assets and Non-financial Assets",Government Financial Statistics - GFS,Assets,Total,,,,Dollars,6
GFSA.SLS02G00Z63Z99,2025.06,234213,PROVISIONAL,"Local Government, Balance Sheet, Total Assets and Non-financial Assets",Government Financial Statistics - GFS,Assets,Total,,,,Dollars,6
GFSA.SLS02G01Z92,2009.06,91886,FINAL,"Local Government, Balance Sheet, Net Balances and Memorandum Items",Government Financial Statistics - GFS,Net worth,,,,,Dollars,6
GFSA.SLS02G01Z92,2010.06,93982,FINAL,"Local Government, Balance Sheet, Net Balances and Memorandum Items",Government Financial Statistics - GFS,Net worth,,,,,Dollars,6
GFSA.SLS02G01Z92,2011.06,98633,FINAL,"Local Government, Balance Sheet, Net Balances and Memorandum Items",Government Financial Statistics - GFS,Net worth,,,,,Dollars,6
GFSA.SLS02G01Z92,2012.06,99634,FINAL,"Local Government, Balance Sheet, Net Balances and Memorandum Items",Government Financial Statistics - GFS,Net worth,,,,,Dollars,6
GFSA.SLS02G01Z92,2013.06,101317,FINAL,"Local Government, Balance Sheet, Net Balances and Memorandum Items",Government Financial Statistics - GFS,Net worth,,,,,Dollars,6
GFSA.SLS02G01Z92,2014.06,106622,FINAL,"Local Government, Balance Sheet, Net Balances and Memorandum Items",Government Financial Statistics - GFS,Net worth,,,,,Dollars,6
GFSA.SLS02G01Z92,2015.06,109988,FINAL,"Local Government, Balance Sheet, Net Balances and Memorandum Items",Government Financial Statistics - GFS,Net worth,,,,,Dollars,6
GFSA.SLS02G01Z92,2016.06,113402,FINAL,"Local Government, Balance Sheet, Net Balances and Memorandum Items",Government Financial Statistics - GFS,Net worth,,,,,Dollars,6
GFSA.SLS02G01Z92,2017.06,119475,FINAL,"Local Government, Balance Sheet, Net Balances and Memorandum Items",Government Financial Statistics - GFS,Net worth,,,,,Dollars,6
GFSA.SLS02G01Z92,2018.06,124675,REVISED,"Local Government, Balance Sheet, Net Balances and Memorandum Items",Government Financial Statistics - GFS,Net worth,,,,,Dollars,6
GFSA.SLS02G01Z92,2019.06,130675,REVISED,"Local Government, Balance Sheet, Net Balances and Memorandum Items",Government Financial Statistics - GFS,Net worth,,,,,Dollars,6
GFSA.SLS02G01Z92,2020.06,137098,REVISED,"Local Government, Balance Sheet, Net Balances and Memorandum Items",Government Financial Statistics - GFS,Net worth,,,,,Dollars,6
GFSA.SLS02G01Z92,2021.06,147007,REVISED,"Local Government, Balance Sheet, Net Balances and Memorandum Items",Government Financial Statistics - GFS,Net worth,,,,,Dollars,6
GFSA.SLS02G01Z92,2022.06,174577,REVISED,"Local Government, Balance Sheet, Net Balances and Memorandum Items",Government Financial Statistics - GFS,Net worth,,,,,Dollars,6
GFSA.SLS02G01Z92,2023.06,182758,REVISED,"Local Government, Balance Sheet, Net Balances and Memorandum Items",Government Financial Statistics - GFS,Net worth,,,,,Dollars,6
GFSA.SLS02G01Z92,2024.06,190766,REVISED,"Local Government, Balance Sheet, Net Balances and Memorandum Items",Government Financial Statistics - GFS,Net worth,,,,,Dollars,6
GFSA.SLS02G01Z92,2025.06,195813,PROVISIONAL,"Local Government, Balance Sheet, Net Balances and Memorandum Items",Government Financial Statistics - GFS,Net worth,,,,,Dollars,6
GFSA.SLS02G01Z93,2009.06,2153,FINAL,"Local Government, Balance Sheet, Net Balances and Memorandum Items",Government Financial Statistics - GFS,Net financial worth,,,,,Dollars,6
GFSA.SLS02G01Z93,2010.06,935,FINAL,"Local Government, Balance Sheet, Net Balances and Memorandum Items",Government Financial Statistics - GFS,Net financial worth,,,,,Dollars,6
GFSA.SLS02G01Z93,2011.06,3130,FINAL,"Local Government, Balance Sheet, Net Balances and Memorandum Items",Government Financial Statistics - GFS,Net financial worth,,,,,Dollars,6
GFSA.SLS02G01Z93,2012.06,2341,FINAL,"Local Government, Balance Sheet, Net Balances and Memorandum Items",Government Financial Statistics - GFS,Net financial worth,,,,,Dollars,6
GFSA.SLS02G01Z93,2013.06,1914,FINAL,"Local Government, Balance Sheet, Net Balances and Memorandum Items",Government Financial Statistics - GFS,Net financial worth,,,,,Dollars,6
GFSA.SLS02G01Z93,2014.06,1443,FINAL,"Local Government, Balance Sheet, Net Balances and Memorandum Items",Government Financial Statistics - GFS,Net financial worth,,,,,Dollars,6
GFSA.SLS02G01Z93,2015.06,439,FINAL,"Local Government, Balance Sheet, Net Balances and Memorandum Items",Government Financial Statistics - GFS,Net financial worth,,,,,Dollars,6
GFSA.SLS02G01Z93,2016.06,-196,FINAL,"Local Government, Balance Sheet, Net Balances and Memorandum Items",Government Financial Statistics - GFS,Net financial worth,,,,,Dollars,6
GFSA.SLS02G01Z93,2017.06,-534,FINAL,"Local Government, Balance Sheet, Net Balances and Memorandum Items",Government Financial Statistics - GFS,Net financial worth,,,,,Dollars,6
GFSA.SLS02G01Z93,2018.06,-1066,REVISED,"Local Government, Balance Sheet, Net Balances and Memorandum Items",Government Financial Statistics - GFS,Net financial worth,,,,,Dollars,6
GFSA.SLS02G01Z93,2019.06,-2124,REVISED,"Local Government, Balance Sheet, Net Balances and Memorandum Items",Government Financial Statistics - GFS,Net financial worth,,,,,Dollars,6
GFSA.SLS02G01Z93,2020.06,-4399,REVISED,"Local Government, Balance Sheet, Net Balances and Memorandum Items",Government Financial Statistics - GFS,Net financial worth,,,,,Dollars,6
GFSA.SLS02G01Z93,2021.06,-3790,REVISED,"Local Government, Balance Sheet, Net Balances and Memorandum Items",Government Financial Statistics - GFS,Net financial worth,,,,,Dollars,6
GFSA.SLS02G01Z93,2022.06,-3468,REVISED,"Local Government, Balance Sheet, Net Balances and Memorandum Items",Government Financial Statistics - GFS,Net financial worth,,,,,Dollars,6
GFSA.SLS02G01Z93,2023.06,-4989,REVISED,"Local Government, Balance Sheet, Net Balances and Memorandum Items",Government Financial Statistics - GFS,Net financial worth,,,,,Dollars,6
GFSA.SLS02G01Z93,2024.06,-8926,REVISED,"Local Government, Balance Sheet, Net Balances and Memorandum Items",Government Financial Statistics - GFS,Net financial worth,,,,,Dollars,6
GFSA.SLS02G01Z93,2025.06,-10043,PROVISIONAL,"Local Government, Balance Sheet, Net Balances and Memorandum Items",Government Financial Statistics - GFS,Net financial worth,,,,,Dollars,6
GFSA.SLS02G01Z95,2009.06,7320,FINAL,"Local Government, Balance Sheet, Net Balances and Memorandum Items",Government Financial Statistics - GFS,Gross debt,,,,,Dollars,6
GFSA.SLS02G01Z95,2010.06,9342,FINAL,"Local Government, Balance Sheet, Net Balances and Memorandum Items",Government Financial Statistics - GFS,Gross debt,,,,,Dollars,6
GFSA.SLS02G01Z95,2011.06,10253,FINAL,"Local Government, Balance Sheet, Net Balances and Memorandum Items",Government Financial Statistics - GFS,Gross debt,,,,,Dollars,6
GFSA.SLS02G01Z95,2012.06,11411,FINAL,"Local Government, Balance Sheet, Net Balances and Memorandum Items",Government Financial Statistics - GFS,Gross debt,,,,,Dollars,6
GFSA.SLS02G01Z95,2013.06,12530,FINAL,"Local Government, Balance Sheet, Net Balances and Memorandum Items",Government Financial Statistics - GFS,Gross debt,,,,,Dollars,6
GFSA.SLS02G01Z95,2014.06,13269,FINAL,"Local Government, Balance Sheet, Net Balances and Memorandum Items",Government Financial Statistics - GFS,Gross debt,,,,,Dollars,6
GFSA.SLS02G01Z95,2015.06,15116,FINAL,"Local Government, Balance Sheet, Net Balances and Memorandum Items",Government Financial Statistics - GFS,Gross debt,,,,,Dollars,6
GFSA.SLS02G01Z95,2016.06,16154,FINAL,"Local Government, Balance Sheet, Net Balances and Memorandum Items",Government Financial Statistics - GFS,Gross debt,,,,,Dollars,6
GFSA.SLS02G01Z95,2017.06,17649,FINAL,"Local Government, Balance Sheet, Net Balances and Memorandum Items",Government Financial Statistics - GFS,Gross debt,,,,,Dollars,6
GFSA.SLS02G01Z95,2018.06,18811,FINAL,"Local Government, Balance Sheet, Net Balances and Memorandum Items",Government Financial Statistics - GFS,Gross debt,,,,,Dollars,6
GFSA.SLS02G01Z95,2019.06,19941,FINAL,"Local Government, Balance Sheet, Net Balances and Memorandum Items",Government Financial Statistics - GFS,Gross debt,,,,,Dollars,6
GFSA.SLS02G01Z95,2020.06,22679,FINAL,"Local Government, Balance Sheet, Net Balances and Memorandum Items",Government Financial Statistics - GFS,Gross debt,,,,,Dollars,6
GFSA.SLS02G01Z95,2021.06,24129,FINAL,"Local Government, Balance Sheet, Net Balances and Memorandum Items",Government Financial Statistics - GFS,Gross debt,,,,,Dollars,6
GFSA.SLS02G01Z95,2022.06,26554,FINAL,"Local Government, Balance Sheet, Net Balances and Memorandum Items",Government Financial Statistics - GFS,Gross debt,,,,,Dollars,6
GFSA.SLS02G01Z95,2023.06,30621,REVISED,"Local Government, Balance Sheet, Net Balances and Memorandum Items",Government Financial Statistics - GFS,Gross debt,,,,,Dollars,6
GFSA.SLS02G01Z95,2024.06,35700,REVISED,"Local Government, Balance Sheet, Net Balances and Memorandum Items",Government Financial Statistics - GFS,Gross debt,,,,,Dollars,6
GFSA.SLS02G01Z95,2025.06,37921,PROVISIONAL,"Local Government, Balance Sheet, Net Balances and Memorandum Items",Government Financial Statistics - GFS,Gross debt,,,,,Dollars,6
GFSA.SLS02G01Z96,2009.06,3448,FINAL,"Local Government, Balance Sheet, Net Balances and Memorandum Items",Government Financial Statistics - GFS,Net debt,,,,,Dollars,6
GFSA.SLS02G01Z96,2010.06,5111,FINAL,"Local Government, Balance Sheet, Net Balances and Memorandum Items",Government Financial Statistics - GFS,Net debt,,,,,Dollars,6
GFSA.SLS02G01Z96,2011.06,5911,FINAL,"Local Government, Balance Sheet, Net Balances and Memorandum Items",Government Financial Statistics - GFS,Net debt,,,,,Dollars,6
GFSA.SLS02G01Z96,2012.06,6783,FINAL,"Local Government, Balance Sheet, Net Balances and Memorandum Items",Government Financial Statistics - GFS,Net debt,,,,,Dollars,6
GFSA.SLS02G01Z96,2013.06,7534,FINAL,"Local Government, Balance Sheet, Net Balances and Memorandum Items",Government Financial Statistics - GFS,Net debt,,,,,Dollars,6
GFSA.SLS02G01Z96,2014.06,8166,FINAL,"Local Government, Balance Sheet, Net Balances and Memorandum Items",Government Financial Statistics - GFS,Net debt,,,,,Dollars,6
GFSA.SLS02G01Z96,2015.06,9207,FINAL,"Local Government, Balance Sheet, Net Balances and Memorandum Items",Government Financial Statistics - GFS,Net debt,,,,,Dollars,6
GFSA.SLS02G01Z96,2016.06,10249,FINAL,"Local Government, Balance Sheet, Net Balances and Memorandum Items",Government Financial Statistics - GFS,Net debt,,,,,Dollars,6
GFSA.SLS02G01Z96,2017.06,10942,FINAL,"Local Government, Balance Sheet, Net Balances and Memorandum Items",Government Financial Statistics - GFS,Net debt,,,,,Dollars,6
GFSA.SLS02G01Z96,2018.06,11457,FINAL,"Local Government, Balance Sheet, Net Balances and Memorandum Items",Government Financial Statistics - GFS,Net debt,,,,,Dollars,6
GFSA.SLS02G01Z96,2019.06,12455,FINAL,"Local Government, Balance Sheet, Net Balances and Memorandum Items",Government Financial Statistics - GFS,Net debt,,,,,Dollars,6
GFSA.SLS02G01Z96,2020.06,14196,FINAL,"Local Government, Balance Sheet, Net Balances and Memorandum Items",Government Financial Statistics - GFS,Net debt,,,,,Dollars,6
GFSA.SLS02G01Z96,2021.06,14983,FINAL,"Local Government, Balance Sheet, Net Balances and Memorandum Items",Government Financial Statistics - GFS,Net debt,,,,,Dollars,6
GFSA.SLS02G01Z96,2022.06,16585,FINAL,"Local Government, Balance Sheet, Net Balances and Memorandum Items",Government Financial Statistics - GFS,Net debt,,,,,Dollars,6
GFSA.SLS02G01Z96,2023.06,19134,REVISED,"Local Government, Balance Sheet, Net Balances and Memorandum Items",Government Financial Statistics - GFS,Net debt,,,,,Dollars,6
GFSA.SLS02G01Z96,2024.06,22571,REVISED,"Local Government, Balance Sheet, Net Balances and Memorandum Items",Government Financial Statistics - GFS,Net debt,,,,,Dollars,6
GFSA.SLS02G01Z96,2025.06,24375,PROVISIONAL,"Local Government, Balance Sheet, Net Balances and Memorandum Items",Government Financial Statistics - GFS,Net debt,,,,,Dollars,6
GFSA.SLS02G05Z623012,2009.06,738,FINAL,"Local Government, Balance Sheet, Financial Assets",Government Financial Statistics - GFS,Financial assets,Cash,,,,Dollars,6
GFSA.SLS02G05Z623012,2010.06,872,FINAL,"Local Government, Balance Sheet, Financial Assets",Government Financial Statistics - GFS,Financial assets,Cash,,,,Dollars,6
GFSA.SLS02G05Z623012,2011.06,758,FINAL,"Local Government, Balance Sheet, Financial Assets",Government Financial Statistics - GFS,Financial assets,Cash,,,,Dollars,6
GFSA.SLS02G05Z623012,2012.06,940,FINAL,"Local Government, Balance Sheet, Financial Assets",Government Financial Statistics - GFS,Financial assets,Cash,,,,Dollars,6
GFSA.SLS02G05Z623012,2013.06,1212,FINAL,"Local Government, Balance Sheet, Financial Assets",Government Financial Statistics - GFS,Financial assets,Cash,,,,Dollars,6
GFSA.SLS02G05Z623012,2014.06,1152,FINAL,"Local Government, Balance Sheet, Financial Assets",Government Financial Statistics - GFS,Financial assets,Cash,,,,Dollars,6
GFSA.SLS02G05Z623012,2015.06,1514,FINAL,"Local Government, Balance Sheet, Financial Assets",Government Financial Statistics - GFS,Financial assets,Cash,,,,Dollars,6
GFSA.SLS02G05Z623012,2016.06,1283,FINAL,"Local Government, Balance Sheet, Financial Assets",Government Financial Statistics - GFS,Financial assets,Cash,,,,Dollars,6
GFSA.SLS02G05Z623012,2017.06,1773,FINAL,"Local Government, Balance Sheet, Financial Assets",Government Financial Statistics - GFS,Financial assets,Cash,,,,Dollars,6
GFSA.SLS02G05Z623012,2018.06,2427,FINAL,"Local Government, Balance Sheet, Financial Assets",Government Financial Statistics - GFS,Financial assets,Cash,,,,Dollars,6
GFSA.SLS02G05Z623012,2019.06,2095,FINAL,"Local Government, Balance Sheet, Financial Assets",Government Financial Statistics - GFS,Financial assets,Cash,,,,Dollars,6
GFSA.SLS02G05Z623012,2020.06,2098,FINAL,"Local Government, Balance Sheet, Financial Assets",Government Financial Statistics - GFS,Financial assets,Cash,,,,Dollars,6
GFSA.SLS02G05Z623012,2021.06,1963,FINAL,"Local Government, Balance Sheet, Financial Assets",Government Financial Statistics - GFS,Financial assets,Cash,,,,Dollars,6
GFSA.SLS02G05Z623012,2022.06,1960,FINAL,"Local Government, Balance Sheet, Financial Assets",Government Financial Statistics - GFS,Financial assets,Cash,,,,Dollars,6
GFSA.SLS02G05Z623012,2023.06,1952,REVISED,"Local Government, Balance Sheet, Financial Assets",Government Financial Statistics - GFS,Financial assets,Cash,,,,Dollars,6
GFSA.SLS02G05Z623012,2024.06,2437,REVISED,"Local Government, Balance Sheet, Financial Assets",Government Financial Statistics - GFS,Financial assets,Cash,,,,Dollars,6
GFSA.SLS02G05Z623012,2025.06,2343,PROVISIONAL,"Local Government, Balance Sheet, Financial Assets",Government Financial Statistics - GFS,Financial assets,Cash,,,,Dollars,6
GFSA.SLS02G05Z623013,2009.06,828,FINAL,"Local Government, Balance Sheet, Financial Assets",Government Financial Statistics - GFS,Financial assets,Debt securities,,,,Dollars,6
GFSA.SLS02G05Z623013,2010.06,875,FINAL,"Local Government, Balance Sheet, Financial Assets",Government Financial Statistics - GFS,Financial assets,Debt securities,,,,Dollars,6
GFSA.SLS02G05Z623013,2011.06,941,FINAL,"Local Government, Balance Sheet, Financial Assets",Government Financial Statistics - GFS,Financial assets,Debt securities,,,,Dollars,6
GFSA.SLS02G05Z623013,2012.06,1011,FINAL,"Local Government, Balance Sheet, Financial Assets",Government Financial Statistics - GFS,Financial assets,Debt securities,,,,Dollars,6
GFSA.SLS02G05Z623013,2013.06,1086,FINAL,"Local Government, Balance Sheet, Financial Assets",Government Financial Statistics - GFS,Financial assets,Debt securities,,,,Dollars,6
GFSA.SLS02G05Z623013,2014.06,1174,FINAL,"Local Government, Balance Sheet, Financial Assets",Government Financial Statistics - GFS,Financial assets,Debt securities,,,,Dollars,6
GFSA.SLS02G05Z623013,2015.06,1098,FINAL,"Local Government, Balance Sheet, Financial Assets",Government Financial Statistics - GFS,Financial assets,Debt securities,,,,Dollars,6
GFSA.SLS02G05Z623013,2016.06,997,FINAL,"Local Government, Balance Sheet, Financial Assets",Government Financial Statistics - GFS,Financial assets,Debt securities,,,,Dollars,6
GFSA.SLS02G05Z623013,2017.06,1041,FINAL,"Local Government, Balance Sheet, Financial Assets",Government Financial Statistics - GFS,Financial assets,Debt securities,,,,Dollars,6
GFSA.SLS02G05Z623013,2018.06,1159,FINAL,"Local Government, Balance Sheet, Financial Assets",Government Financial Statistics - GFS,Financial assets,Debt securities,,,,Dollars,6
GFSA.SLS02G05Z623013,2019.06,1209,FINAL,"Local Government, Balance Sheet, Financial Assets",Government Financial Statistics - GFS,Financial assets,Debt securities,,,,Dollars,6
GFSA.SLS02G05Z623013,2020.06,1545,FINAL,"Local Government, Balance Sheet, Financial Assets",Government Financial Statistics - GFS,Financial assets,Debt securities,,,,Dollars,6
GFSA.SLS02G05Z623013,2021.06,2007,FINAL,"Local Government, Balance Sheet, Financial Assets",Government Financial Statistics - GFS,Financial assets,Debt securities,,,,Dollars,6
GFSA.SLS02G05Z623013,2022.06,2126,FINAL,"Local Government, Balance Sheet, Financial Assets",Government Financial Statistics - GFS,Financial assets,Debt securities,,,,Dollars,6
GFSA.SLS02G05Z623013,2023.06,2723,REVISED,"Local Government, Balance Sheet, Financial Assets",Government Financial Statistics - GFS,Financial assets,Debt securities,,,,Dollars,6
GFSA.SLS02G05Z623013,2024.06,3188,REVISED,"Local Government, Balance Sheet, Financial Assets",Government Financial Statistics - GFS,Financial assets,Debt securities,,,,Dollars,6
GFSA.SLS02G05Z623013,2025.06,3327,PROVISIONAL,"Local Government, Balance Sheet, Financial Assets",Government Financial Statistics - GFS,Financial assets,Debt securities,,,,Dollars,6
GFSA.SLS02G05Z623014,2009.06,1198,FINAL,"Local Government, Balance Sheet, Financial Assets",Government Financial Statistics - GFS,Financial assets,Loans,,,,Dollars,6
GFSA.SLS02G05Z623014,2010.06,1308,FINAL,"Local Government, Balance Sheet, Financial Assets",Government Financial Statistics - GFS,Financial assets,Loans,,,,Dollars,6
GFSA.SLS02G05Z623014,2011.06,1295,FINAL,"Local Government, Balance Sheet, Financial Assets",Government Financial Statistics - GFS,Financial assets,Loans,,,,Dollars,6
GFSA.SLS02G05Z623014,2012.06,1246,FINAL,"Local Government, Balance Sheet, Financial Assets",Government Financial Statistics - GFS,Financial assets,Loans,,,,Dollars,6
GFSA.SLS02G05Z623014,2013.06,1206,FINAL,"Local Government, Balance Sheet, Financial Assets",Government Financial Statistics - GFS,Financial assets,Loans,,,,Dollars,6
GFSA.SLS02G05Z623014,2014.06,1519,FINAL,"Local Government, Balance Sheet, Financial Assets",Government Financial Statistics - GFS,Financial assets,Loans,,,,Dollars,6
GFSA.SLS02G05Z623014,2015.06,1793,FINAL,"Local Government, Balance Sheet, Financial Assets",Government Financial Statistics - GFS,Financial assets,Loans,,,,Dollars,6
GFSA.SLS02G05Z623014,2016.06,1836,FINAL,"Local Government, Balance Sheet, Financial Assets",Government Financial Statistics - GFS,Financial assets,Loans,,,,Dollars,6
GFSA.SLS02G05Z623014,2017.06,2112,FINAL,"Local Government, Balance Sheet, Financial Assets",Government Financial Statistics - GFS,Financial assets,Loans,,,,Dollars,6
GFSA.SLS02G05Z623014,2018.06,2314,FINAL,"Local Government, Balance Sheet, Financial Assets",Government Financial Statistics - GFS,Financial assets,Loans,,,,Dollars,6
GFSA.SLS02G05Z623014,2019.06,2651,FINAL,"Local Government, Balance Sheet, Financial Assets",Government Financial Statistics - GFS,Financial assets,Loans,,,,Dollars,6
GFSA.SLS02G05Z623014,2020.06,2974,FINAL,"Local Government, Balance Sheet, Financial Assets",Government Financial Statistics - GFS,Financial assets,Loans,,,,Dollars,6
GFSA.SLS02G05Z623014,2021.06,3281,FINAL,"Local Government, Balance Sheet, Financial Assets",Government Financial Statistics - GFS,Financial assets,Loans,,,,Dollars,6
GFSA.SLS02G05Z623014,2022.06,3500,FINAL,"Local Government, Balance Sheet, Financial Assets",Government Financial Statistics - GFS,Financial assets,Loans,,,,Dollars,6
GFSA.SLS02G05Z623014,2023.06,4202,FINAL,"Local Government, Balance Sheet, Financial Assets",Government Financial Statistics - GFS,Financial assets,Loans,,,,Dollars,6
GFSA.SLS02G05Z623014,2024.06,4390,REVISED,"Local Government, Balance Sheet, Financial Assets",Government Financial Statistics - GFS,Financial assets,Loans,,,,Dollars,6
GFSA.SLS02G05Z623014,2025.06,4831,PROVISIONAL,"Local Government, Balance Sheet, Financial Assets",Government Financial Statistics - GFS,Financial assets,Loans,,,,Dollars,6
GFSA.SLS02G05Z623015,2009.06,2640,FINAL,"Local Government, Balance Sheet, Financial Assets",Government Financial Statistics - GFS,Financial assets,Shares and other equity,,,,Dollars,6
GFSA.SLS02G05Z623015,2010.06,2566,FINAL,"Local Government, Balance Sheet, Financial Assets",Government Financial Statistics - GFS,Financial assets,Shares and other equity,,,,Dollars,6
GFSA.SLS02G05Z623015,2011.06,2036,FINAL,"Local Government, Balance Sheet, Financial Assets",Government Financial Statistics - GFS,Financial assets,Shares and other equity,,,,Dollars,6
GFSA.SLS02G05Z623015,2012.06,2247,FINAL,"Local Government, Balance Sheet, Financial Assets",Government Financial Statistics - GFS,Financial assets,Shares and other equity,,,,Dollars,6
GFSA.SLS02G05Z623015,2013.06,2265,FINAL,"Local Government, Balance Sheet, Financial Assets",Government Financial Statistics - GFS,Financial assets,Shares and other equity,,,,Dollars,6
GFSA.SLS02G05Z623015,2014.06,2415,FINAL,"Local Government, Balance Sheet, Financial Assets",Government Financial Statistics - GFS,Financial assets,Shares and other equity,,,,Dollars,6
GFSA.SLS02G05Z623015,2015.06,2462,FINAL,"Local Government, Balance Sheet, Financial Assets",Government Financial Statistics - GFS,Financial assets,Shares and other equity,,,,Dollars,6
GFSA.SLS02G05Z623015,2016.06,3158,FINAL,"Local Government, Balance Sheet, Financial Assets",Government Financial Statistics - GFS,Financial assets,Shares and other equity,,,,Dollars,6
GFSA.SLS02G05Z623015,2017.06,3043,FINAL,"Local Government, Balance Sheet, Financial Assets",Government Financial Statistics - GFS,Financial assets,Shares and other equity,,,,Dollars,6
GFSA.SLS02G05Z623015,2018.06,2941,REVISED,"Local Government, Balance Sheet, Financial Assets",Government Financial Statistics - GFS,Financial assets,Shares and other equity,,,,Dollars,6
GFSA.SLS02G05Z623015,2019.06,3338,REVISED,"Local Government, Balance Sheet, Financial Assets",Government Financial Statistics - GFS,Financial assets,Shares and other equity,,,,Dollars,6
GFSA.SLS02G05Z623015,2020.06,4725,REVISED,"Local Government, Balance Sheet, Financial Assets",Government Financial Statistics - GFS,Financial assets,Shares and other equity,,,,Dollars,6
GFSA.SLS02G05Z623015,2021.06,5135,REVISED,"Local Government, Balance Sheet, Financial Assets",Government Financial Statistics - GFS,Financial assets,Shares and other equity,,,,Dollars,6
GFSA.SLS02G05Z623015,2022.06,5201,REVISED,"Local Government, Balance Sheet, Financial Assets",Government Financial Statistics - GFS,Financial assets,Shares and other equity,,,,Dollars,6
GFSA.SLS02G05Z623015,2023.06,5313,REVISED,"Local Government, Balance Sheet, Financial Assets",Government Financial Statistics - GFS,Financial assets,Shares and other equity,,,,Dollars,6
GFSA.SLS02G05Z623015,2024.06,4858,REVISED,"Local Government, Balance Sheet, Financial Assets",Government Financial Statistics - GFS,Financial assets,Shares and other equity,,,,Dollars,6
GFSA.SLS02G05Z623015,2025.06,3530,PROVISIONAL,"Local Government, Balance Sheet, Financial Assets",Government Financial Statistics - GFS,Financial assets,Shares and other equity,,,,Dollars,6
GFSA.SLS02G05Z623016,2009.06,0,FINAL,"Local Government, Balance Sheet, Financial Assets",Government Financial Statistics - GFS,Financial assets,Insurance technical reserves,,,,Dollars,6
GFSA.SLS02G05Z623016,2010.06,0,FINAL,"Local Government, Balance Sheet, Financial Assets",Government Financial Statistics - GFS,Financial assets,Insurance technical reserves,,,,Dollars,6
GFSA.SLS02G05Z623016,2011.06,0,FINAL,"Local Government, Balance Sheet, Financial Assets",Government Financial Statistics - GFS,Financial assets,Insurance technical reserves,,,,Dollars,6
GFSA.SLS02G05Z623016,2012.06,0,FINAL,"Local Government, Balance Sheet, Financial Assets",Government Financial Statistics - GFS,Financial assets,Insurance technical reserves,,,,Dollars,6
GFSA.SLS02G05Z623016,2013.06,0,FINAL,"Local Government, Balance Sheet, Financial Assets",Government Financial Statistics - GFS,Financial assets,Insurance technical reserves,,,,Dollars,6
GFSA.SLS02G05Z623016,2014.06,0,FINAL,"Local Government, Balance Sheet, Financial Assets",Government Financial Statistics - GFS,Financial assets,Insurance technical reserves,,,,Dollars,6
GFSA.SLS02G05Z623016,2015.06,0,FINAL,"Local Government, Balance Sheet, Financial Assets",Government Financial Statistics - GFS,Financial assets,Insurance technical reserves,,,,Dollars,6
GFSA.SLS02G05Z623016,2016.06,0,FINAL,"Local Government, Balance Sheet, Financial Assets",Government Financial Statistics - GFS,Financial assets,Insurance technical reserves,,,,Dollars,6
GFSA.SLS02G05Z623016,2017.06,0,FINAL,"Local Government, Balance Sheet, Financial Assets",Government Financial Statistics - GFS,Financial assets,Insurance technical reserves,,,,Dollars,6
GFSA.SLS02G05Z623016,2018.06,0,FINAL,"Local Government, Balance Sheet, Financial Assets",Government Financial Statistics - GFS,Financial assets,Insurance technical reserves,,,,Dollars,6
GFSA.SLS02G05Z623016,2019.06,0,FINAL,"Local Government, Balance Sheet, Financial Assets",Government Financial Statistics - GFS,Financial assets,Insurance technical reserves,,,,Dollars,6
GFSA.SLS02G05Z623016,2020.06,0,FINAL,"Local Government, Balance Sheet, Financial Assets",Government Financial Statistics - GFS,Financial assets,Insurance technical reserves,,,,Dollars,6
GFSA.SLS02G05Z623016,2021.06,0,FINAL,"Local Government, Balance Sheet, Financial Assets",Government Financial Statistics - GFS,Financial assets,Insurance technical reserves,,,,Dollars,6
GFSA.SLS02G05Z623016,2022.06,0,FINAL,"Local Government, Balance Sheet, Financial Assets",Government Financial Statistics - GFS,Financial assets,Insurance technical reserves,,,,Dollars,6
GFSA.SLS02G05Z623016,2023.06,0,FINAL,"Local Government, Balance Sheet, Financial Assets",Government Financial Statistics - GFS,Financial assets,Insurance technical reserves,,,,Dollars,6
GFSA.SLS02G05Z623016,2024.06,0,FINAL,"Local Government, Balance Sheet, Financial Assets",Government Financial Statistics - GFS,Financial assets,Insurance technical reserves,,,,Dollars,6
GFSA.SLS02G05Z623016,2025.06,0,PROVISIONAL,"Local Government, Balance Sheet, Financial Assets",Government Financial Statistics - GFS,Financial assets,Insurance technical reserves,,,,Dollars,6
GFSA.SLS02G05Z623017,2009.06,3095,FINAL,"Local Government, Balance Sheet, Financial Assets",Government Financial Statistics - GFS,Financial assets,Equity accounted investments,,,,Dollars,6
GFSA.SLS02G05Z623017,2010.06,3695,FINAL,"Local Government, Balance Sheet, Financial Assets",Government Financial Statistics - GFS,Financial assets,Equity accounted investments,,,,Dollars,6
GFSA.SLS02G05Z623017,2011.06,7237,FINAL,"Local Government, Balance Sheet, Financial Assets",Government Financial Statistics - GFS,Financial assets,Equity accounted investments,,,,Dollars,6
GFSA.SLS02G05Z623017,2012.06,7407,FINAL,"Local Government, Balance Sheet, Financial Assets",Government Financial Statistics - GFS,Financial assets,Equity accounted investments,,,,Dollars,6
GFSA.SLS02G05Z623017,2013.06,7443,FINAL,"Local Government, Balance Sheet, Financial Assets",Government Financial Statistics - GFS,Financial assets,Equity accounted investments,,,,Dollars,6
GFSA.SLS02G05Z623017,2014.06,7436,FINAL,"Local Government, Balance Sheet, Financial Assets",Government Financial Statistics - GFS,Financial assets,Equity accounted investments,,,,Dollars,6
GFSA.SLS02G05Z623017,2015.06,7585,FINAL,"Local Government, Balance Sheet, Financial Assets",Government Financial Statistics - GFS,Financial assets,Equity accounted investments,,,,Dollars,6
GFSA.SLS02G05Z623017,2016.06,8013,FINAL,"Local Government, Balance Sheet, Financial Assets",Government Financial Statistics - GFS,Financial assets,Equity accounted investments,,,,Dollars,6
GFSA.SLS02G05Z623017,2017.06,8163,FINAL,"Local Government, Balance Sheet, Financial Assets",Government Financial Statistics - GFS,Financial assets,Equity accounted investments,,,,Dollars,6
GFSA.SLS02G05Z623017,2018.06,8248,FINAL,"Local Government, Balance Sheet, Financial Assets",Government Financial Statistics - GFS,Financial assets,Equity accounted investments,,,,Dollars,6
GFSA.SLS02G05Z623017,2019.06,8940,FINAL,"Local Government, Balance Sheet, Financial Assets",Government Financial Statistics - GFS,Financial assets,Equity accounted investments,,,,Dollars,6
GFSA.SLS02G05Z623017,2020.06,7866,FINAL,"Local Government, Balance Sheet, Financial Assets",Government Financial Statistics - GFS,Financial assets,Equity accounted investments,,,,Dollars,6
GFSA.SLS02G05Z623017,2021.06,7731,FINAL,"Local Government, Balance Sheet, Financial Assets",Government Financial Statistics - GFS,Financial assets,Equity accounted investments,,,,Dollars,6
GFSA.SLS02G05Z623017,2022.06,7892,FINAL,"Local Government, Balance Sheet, Financial Assets",Government Financial Statistics - GFS,Financial assets,Equity accounted investments,,,,Dollars,6
GFSA.SLS02G05Z623017,2023.06,8424,REVISED,"Local Government, Balance Sheet, Financial Assets",Government Financial Statistics - GFS,Financial assets,Equity accounted investments,,,,Dollars,6
GFSA.SLS02G05Z623017,2024.06,8597,REVISED,"Local Government, Balance Sheet, Financial Assets",Government Financial Statistics - GFS,Financial assets,Equity accounted investments,,,,Dollars,6
GFSA.SLS02G05Z623017,2025.06,10331,PROVISIONAL,"Local Government, Balance Sheet, Financial Assets",Government Financial Statistics - GFS,Financial assets,Equity accounted investments,,,,Dollars,6
GFSA.SLS02G05Z623022,2009.06,77,FINAL,"Local Government, Balance Sheet, Financial Assets",Government Financial Statistics - GFS,Financial assets,Financial derivatives,,,,Dollars,6
GFSA.SLS02G05Z623022,2010.06,62,FINAL,"Local Government, Balance Sheet, Financial Assets",Government Financial Statistics - GFS,Financial assets,Financial derivatives,,,,Dollars,6
GFSA.SLS02G05Z623022,2011.06,71,FINAL,"Local Government, Balance Sheet, Financial Assets",Government Financial Statistics - GFS,Financial assets,Financial derivatives,,,,Dollars,6
GFSA.SLS02G05Z623022,2012.06,128,FINAL,"Local Government, Balance Sheet, Financial Assets",Government Financial Statistics - GFS,Financial assets,Financial derivatives,,,,Dollars,6
GFSA.SLS02G05Z623022,2013.06,157,FINAL,"Local Government, Balance Sheet, Financial Assets",Government Financial Statistics - GFS,Financial assets,Financial derivatives,,,,Dollars,6
GFSA.SLS02G05Z623022,2014.06,177,FINAL,"Local Government, Balance Sheet, Financial Assets",Government Financial Statistics - GFS,Financial assets,Financial derivatives,,,,Dollars,6
GFSA.SLS02G05Z623022,2015.06,213,FINAL,"Local Government, Balance Sheet, Financial Assets",Government Financial Statistics - GFS,Financial assets,Financial derivatives,,,,Dollars,6
GFSA.SLS02G05Z623022,2016.06,263,FINAL,"Local Government, Balance Sheet, Financial Assets",Government Financial Statistics - GFS,Financial assets,Financial derivatives,,,,Dollars,6
GFSA.SLS02G05Z623022,2017.06,173,FINAL,"Local Government, Balance Sheet, Financial Assets",Government Financial Statistics - GFS,Financial assets,Financial derivatives,,,,Dollars,6
GFSA.SLS02G05Z623022,2018.06,286,FINAL,"Local Government, Balance Sheet, Financial Assets",Government Financial Statistics - GFS,Financial assets,Financial derivatives,,,,Dollars,6
GFSA.SLS02G05Z623022,2019.06,459,FINAL,"Local Government, Balance Sheet, Financial Assets",Government Financial Statistics - GFS,Financial assets,Financial derivatives,,,,Dollars,6
GFSA.SLS02G05Z623022,2020.06,656,FINAL,"Local Government, Balance Sheet, Financial Assets",Government Financial Statistics - GFS,Financial assets,Financial derivatives,,,,Dollars,6
GFSA.SLS02G05Z623022,2021.06,466,FINAL,"Local Government, Balance Sheet, Financial Assets",Government Financial Statistics - GFS,Financial assets,Financial derivatives,,,,Dollars,6
GFSA.SLS02G05Z623022,2022.06,729,FINAL,"Local Government, Balance Sheet, Financial Assets",Government Financial Statistics - GFS,Financial assets,Financial derivatives,,,,Dollars,6
GFSA.SLS02G05Z623022,2023.06,1014,REVISED,"Local Government, Balance Sheet, Financial Assets",Government Financial Statistics - GFS,Financial assets,Financial derivatives,,,,Dollars,6
GFSA.SLS02G05Z623022,2024.06,820,REVISED,"Local Government, Balance Sheet, Financial Assets",Government Financial Statistics - GFS,Financial assets,Financial derivatives,,,,Dollars,6
GFSA.SLS02G05Z623022,2025.06,951,PROVISIONAL,"Local Government, Balance Sheet, Financial Assets",Government Financial Statistics - GFS,Financial assets,Financial derivatives,,,,Dollars,6
GFSA.SLS02G05Z623023,2009.06,1107,FINAL,"Local Government, Balance Sheet, Financial Assets",Government Financial Statistics - GFS,Financial assets,Other accounts receivable,,,,Dollars,6
GFSA.SLS02G05Z623023,2010.06,1176,FINAL,"Local Government, Balance Sheet, Financial Assets",Government Financial Statistics - GFS,Financial assets,Other accounts receivable,,,,Dollars,6
GFSA.SLS02G05Z623023,2011.06,1348,FINAL,"Local Government, Balance Sheet, Financial Assets",Government Financial Statistics - GFS,Financial assets,Other accounts receivable,,,,Dollars,6
GFSA.SLS02G05Z623023,2012.06,1431,FINAL,"Local Government, Balance Sheet, Financial Assets",Government Financial Statistics - GFS,Financial assets,Other accounts receivable,,,,Dollars,6
GFSA.SLS02G05Z623023,2013.06,1492,FINAL,"Local Government, Balance Sheet, Financial Assets",Government Financial Statistics - GFS,Financial assets,Other accounts receivable,,,,Dollars,6
GFSA.SLS02G05Z623023,2014.06,1258,FINAL,"Local Government, Balance Sheet, Financial Assets",Government Financial Statistics - GFS,Financial assets,Other accounts receivable,,,,Dollars,6
GFSA.SLS02G05Z623023,2015.06,1502,FINAL,"Local Government, Balance Sheet, Financial Assets",Government Financial Statistics - GFS,Financial assets,Other accounts receivable,,,,Dollars,6
GFSA.SLS02G05Z623023,2016.06,1787,FINAL,"Local Government, Balance Sheet, Financial Assets",Government Financial Statistics - GFS,Financial assets,Other accounts receivable,,,,Dollars,6
GFSA.SLS02G05Z623023,2017.06,1779,FINAL,"Local Government, Balance Sheet, Financial Assets",Government Financial Statistics - GFS,Financial assets,Other accounts receivable,,,,Dollars,6
GFSA.SLS02G05Z623023,2018.06,1453,FINAL,"Local Government, Balance Sheet, Financial Assets",Government Financial Statistics - GFS,Financial assets,Other accounts receivable,,,,Dollars,6
GFSA.SLS02G05Z623023,2019.06,1532,FINAL,"Local Government, Balance Sheet, Financial Assets",Government Financial Statistics - GFS,Financial assets,Other accounts receivable,,,,Dollars,6
GFSA.SLS02G05Z623023,2020.06,1866,FINAL,"Local Government, Balance Sheet, Financial Assets",Government Financial Statistics - GFS,Financial assets,Other accounts receivable,,,,Dollars,6
GFSA.SLS02G05Z623023,2021.06,1895,FINAL,"Local Government, Balance Sheet, Financial Assets",Government Financial Statistics - GFS,Financial assets,Other accounts receivable,,,,Dollars,6
GFSA.SLS02G05Z623023,2022.06,2381,FINAL,"Local Government, Balance Sheet, Financial Assets",Government Financial Statistics - GFS,Financial assets,Other accounts receivable,,,,Dollars,6
GFSA.SLS02G05Z623023,2023.06,2611,REVISED,"Local Government, Balance Sheet, Financial Assets",Government Financial Statistics - GFS,Financial assets,Other accounts receivable,,,,Dollars,6
GFSA.SLS02G05Z623023,2024.06,3114,REVISED,"Local Government, Balance Sheet, Financial Assets",Government Financial Statistics - GFS,Financial assets,Other accounts receivable,,,,Dollars,6
GFSA.SLS02G05Z623023,2025.06,3043,PROVISIONAL,"Local Government, Balance Sheet, Financial Assets",Government Financial Statistics - GFS,Financial assets,Other accounts receivable,,,,Dollars,6
GFSA.SLS02G05Z623025,2009.06,0,FINAL,"Local Government, Balance Sheet, Financial Assets",Government Financial Statistics - GFS,Financial assets,Special drawing rights (SDRs),,,,Dollars,6
GFSA.SLS02G05Z623025,2010.06,0,FINAL,"Local Government, Balance Sheet, Financial Assets",Government Financial Statistics - GFS,Financial assets,Special drawing rights (SDRs),,,,Dollars,6
GFSA.SLS02G05Z623025,2011.06,0,FINAL,"Local Government, Balance Sheet, Financial Assets",Government Financial Statistics - GFS,Financial assets,Special drawing rights (SDRs),,,,Dollars,6
GFSA.SLS02G05Z623025,2012.06,0,FINAL,"Local Government, Balance Sheet, Financial Assets",Government Financial Statistics - GFS,Financial assets,Special drawing rights (SDRs),,,,Dollars,6
GFSA.SLS02G05Z623025,2013.06,0,FINAL,"Local Government, Balance Sheet, Financial Assets",Government Financial Statistics - GFS,Financial assets,Special drawing rights (SDRs),,,,Dollars,6
GFSA.SLS02G05Z623025,2014.06,0,FINAL,"Local Government, Balance Sheet, Financial Assets",Government Financial Statistics - GFS,Financial assets,Special drawing rights (SDRs),,,,Dollars,6
GFSA.SLS02G05Z623025,2015.06,0,FINAL,"Local Government, Balance Sheet, Financial Assets",Government Financial Statistics - GFS,Financial assets,Special drawing rights (SDRs),,,,Dollars,6
GFSA.SLS02G05Z623025,2016.06,0,FINAL,"Local Government, Balance Sheet, Financial Assets",Government Financial Statistics - GFS,Financial assets,Special drawing rights (SDRs),,,,Dollars,6
GFSA.SLS02G05Z623025,2017.06,0,FINAL,"Local Government, Balance Sheet, Financial Assets",Government Financial Statistics - GFS,Financial assets,Special drawing rights (SDRs),,,,Dollars,6
GFSA.SLS02G05Z623025,2018.06,0,FINAL,"Local Government, Balance Sheet, Financial Assets",Government Financial Statistics - GFS,Financial assets,Special drawing rights (SDRs),,,,Dollars,6
GFSA.SLS02G05Z623025,2019.06,0,FINAL,"Local Government, Balance Sheet, Financial Assets",Government Financial Statistics - GFS,Financial assets,Special drawing rights (SDRs),,,,Dollars,6
GFSA.SLS02G05Z623025,2020.06,0,FINAL,"Local Government, Balance Sheet, Financial Assets",Government Financial Statistics - GFS,Financial assets,Special drawing rights (SDRs),,,,Dollars,6
GFSA.SLS02G05Z623025,2021.06,0,FINAL,"Local Government, Balance Sheet, Financial Assets",Government Financial Statistics - GFS,Financial assets,Special drawing rights (SDRs),,,,Dollars,6
GFSA.SLS02G05Z623025,2022.06,0,FINAL,"Local Government, Balance Sheet, Financial Assets",Government Financial Statistics - GFS,Financial assets,Special drawing rights (SDRs),,,,Dollars,6
GFSA.SLS02G05Z623025,2023.06,0,FINAL,"Local Government, Balance Sheet, Financial Assets",Government Financial Statistics - GFS,Financial assets,Special drawing rights (SDRs),,,,Dollars,6
GFSA.SLS02G05Z623025,2024.06,0,FINAL,"Local Government, Balance Sheet, Financial Assets",Government Financial Statistics - GFS,Financial assets,Special drawing rights (SDRs),,,,Dollars,6
GFSA.SLS02G05Z623025,2025.06,0,PROVISIONAL,"Local Government, Balance Sheet, Financial Assets",Government Financial Statistics - GFS,Financial assets,Special drawing rights (SDRs),,,,Dollars,6
GFSA.SLS02G05Z629999,2009.06,9683,FINAL,"Local Government, Balance Sheet, Financial Assets",Government Financial Statistics - GFS,Financial assets,Total,,,,Dollars,6
GFSA.SLS02G05Z629999,2010.06,10554,FINAL,"Local Government, Balance Sheet, Financial Assets",Government Financial Statistics - GFS,Financial assets,Total,,,,Dollars,6
GFSA.SLS02G05Z629999,2011.06,13686,FINAL,"Local Government, Balance Sheet, Financial Assets",Government Financial Statistics - GFS,Financial assets,Total,,,,Dollars,6
GFSA.SLS02G05Z629999,2012.06,14409,FINAL,"Local Government, Balance Sheet, Financial Assets",Government Financial Statistics - GFS,Financial assets,Total,,,,Dollars,6
GFSA.SLS02G05Z629999,2013.06,14860,FINAL,"Local Government, Balance Sheet, Financial Assets",Government Financial Statistics - GFS,Financial assets,Total,,,,Dollars,6
GFSA.SLS02G05Z629999,2014.06,15132,FINAL,"Local Government, Balance Sheet, Financial Assets",Government Financial Statistics - GFS,Financial assets,Total,,,,Dollars,6
GFSA.SLS02G05Z629999,2015.06,16169,FINAL,"Local Government, Balance Sheet, Financial Assets",Government Financial Statistics - GFS,Financial assets,Total,,,,Dollars,6
GFSA.SLS02G05Z629999,2016.06,17338,FINAL,"Local Government, Balance Sheet, Financial Assets",Government Financial Statistics - GFS,Financial assets,Total,,,,Dollars,6
GFSA.SLS02G05Z629999,2017.06,18086,FINAL,"Local Government, Balance Sheet, Financial Assets",Government Financial Statistics - GFS,Financial assets,Total,,,,Dollars,6
GFSA.SLS02G05Z629999,2018.06,18830,REVISED,"Local Government, Balance Sheet, Financial Assets",Government Financial Statistics - GFS,Financial assets,Total,,,,Dollars,6
GFSA.SLS02G05Z629999,2019.06,20223,REVISED,"Local Government, Balance Sheet, Financial Assets",Government Financial Statistics - GFS,Financial assets,Total,,,,Dollars,6
GFSA.SLS02G05Z629999,2020.06,21730,REVISED,"Local Government, Balance Sheet, Financial Assets",Government Financial Statistics - GFS,Financial assets,Total,,,,Dollars,6
GFSA.SLS02G05Z629999,2021.06,22479,REVISED,"Local Government, Balance Sheet, Financial Assets",Government Financial Statistics - GFS,Financial assets,Total,,,,Dollars,6
GFSA.SLS02G05Z629999,2022.06,23790,REVISED,"Local Government, Balance Sheet, Financial Assets",Government Financial Statistics - GFS,Financial assets,Total,,,,Dollars,6
GFSA.SLS02G05Z629999,2023.06,26238,REVISED,"Local Government, Balance Sheet, Financial Assets",Government Financial Statistics - GFS,Financial assets,Total,,,,Dollars,6
GFSA.SLS02G05Z629999,2024.06,27403,REVISED,"Local Government, Balance Sheet, Financial Assets",Government Financial Statistics - GFS,Financial assets,Total,,,,Dollars,6
GFSA.SLS02G05Z629999,2025.06,28357,PROVISIONAL,"Local Government, Balance Sheet, Financial Assets",Government Financial Statistics - GFS,Financial assets,Total,,,,Dollars,6
GFSA.SLS02G06Z616111,2009.06,62266,FINAL,"Local Government, Balance Sheet, Fixed Assets",Government Financial Statistics - GFS,Non-financial assets,Fixed assets,Buildings and structures,,,Dollars,6
GFSA.SLS02G06Z616111,2010.06,64726,FINAL,"Local Government, Balance Sheet, Fixed Assets",Government Financial Statistics - GFS,Non-financial assets,Fixed assets,Buildings and structures,,,Dollars,6
GFSA.SLS02G06Z616111,2011.06,64359,FINAL,"Local Government, Balance Sheet, Fixed Assets",Government Financial Statistics - GFS,Non-financial assets,Fixed assets,Buildings and structures,,,Dollars,6
GFSA.SLS02G06Z616111,2012.06,66548,FINAL,"Local Government, Balance Sheet, Fixed Assets",Government Financial Statistics - GFS,Non-financial assets,Fixed assets,Buildings and structures,,,Dollars,6
GFSA.SLS02G06Z616111,2013.06,68517,FINAL,"Local Government, Balance Sheet, Fixed Assets",Government Financial Statistics - GFS,Non-financial assets,Fixed assets,Buildings and structures,,,Dollars,6
GFSA.SLS02G06Z616111,2014.06,72297,FINAL,"Local Government, Balance Sheet, Fixed Assets",Government Financial Statistics - GFS,Non-financial assets,Fixed assets,Buildings and structures,,,Dollars,6
GFSA.SLS02G06Z616111,2015.06,75436,FINAL,"Local Government, Balance Sheet, Fixed Assets",Government Financial Statistics - GFS,Non-financial assets,Fixed assets,Buildings and structures,,,Dollars,6
GFSA.SLS02G06Z616111,2016.06,77731,FINAL,"Local Government, Balance Sheet, Fixed Assets",Government Financial Statistics - GFS,Non-financial assets,Fixed assets,Buildings and structures,,,Dollars,6
GFSA.SLS02G06Z616111,2017.06,83046,FINAL,"Local Government, Balance Sheet, Fixed Assets",Government Financial Statistics - GFS,Non-financial assets,Fixed assets,Buildings and structures,,,Dollars,6
GFSA.SLS02G06Z616111,2018.06,86659,REVISED,"Local Government, Balance Sheet, Fixed Assets",Government Financial Statistics - GFS,Non-financial assets,Fixed assets,Buildings and structures,,,Dollars,6
GFSA.SLS02G06Z616111,2019.06,92142,REVISED,"Local Government, Balance Sheet, Fixed Assets",Government Financial Statistics - GFS,Non-financial assets,Fixed assets,Buildings and structures,,,Dollars,6
GFSA.SLS02G06Z616111,2020.06,98981,REVISED,"Local Government, Balance Sheet, Fixed Assets",Government Financial Statistics - GFS,Non-financial assets,Fixed assets,Buildings and structures,,,Dollars,6
GFSA.SLS02G06Z616111,2021.06,105659,REVISED,"Local Government, Balance Sheet, Fixed Assets",Government Financial Statistics - GFS,Non-financial assets,Fixed assets,Buildings and structures,,,Dollars,6
GFSA.SLS02G06Z616111,2022.06,127410,REVISED,"Local Government, Balance Sheet, Fixed Assets",Government Financial Statistics - GFS,Non-financial assets,Fixed assets,Buildings and structures,,,Dollars,6
GFSA.SLS02G06Z616111,2023.06,136538,REVISED,"Local Government, Balance Sheet, Fixed Assets",Government Financial Statistics - GFS,Non-financial assets,Fixed assets,Buildings and structures,,,Dollars,6
GFSA.SLS02G06Z616111,2024.06,146715,REVISED,"Local Government, Balance Sheet, Fixed Assets",Government Financial Statistics - GFS,Non-financial assets,Fixed assets,Buildings and structures,,,Dollars,6
GFSA.SLS02G06Z616111,2025.06,151137,PROVISIONAL,"Local Government, Balance Sheet, Fixed Assets",Government Financial Statistics - GFS,Non-financial assets,Fixed assets,Buildings and structures,,,Dollars,6
GFSA.SLS02G06Z616112,2009.06,2303,FINAL,"Local Government, Balance Sheet, Fixed Assets",Government Financial Statistics - GFS,Non-financial assets,Fixed assets,Machinery and equipment,,,Dollars,6
GFSA.SLS02G06Z616112,2010.06,2167,FINAL,"Local Government, Balance Sheet, Fixed Assets",Government Financial Statistics - GFS,Non-financial assets,Fixed assets,Machinery and equipment,,,Dollars,6
GFSA.SLS02G06Z616112,2011.06,2193,FINAL,"Local Government, Balance Sheet, Fixed Assets",Government Financial Statistics - GFS,Non-financial assets,Fixed assets,Machinery and equipment,,,Dollars,6
GFSA.SLS02G06Z616112,2012.06,2257,FINAL,"Local Government, Balance Sheet, Fixed Assets",Government Financial Statistics - GFS,Non-financial assets,Fixed assets,Machinery and equipment,,,Dollars,6
GFSA.SLS02G06Z616112,2013.06,2324,FINAL,"Local Government, Balance Sheet, Fixed Assets",Government Financial Statistics - GFS,Non-financial assets,Fixed assets,Machinery and equipment,,,Dollars,6
GFSA.SLS02G06Z616112,2014.06,2390,FINAL,"Local Government, Balance Sheet, Fixed Assets",Government Financial Statistics - GFS,Non-financial assets,Fixed assets,Machinery and equipment,,,Dollars,6
GFSA.SLS02G06Z616112,2015.06,2542,FINAL,"Local Government, Balance Sheet, Fixed Assets",Government Financial Statistics - GFS,Non-financial assets,Fixed assets,Machinery and equipment,,,Dollars,6
GFSA.SLS02G06Z616112,2016.06,2699,FINAL,"Local Government, Balance Sheet, Fixed Assets",Government Financial Statistics - GFS,Non-financial assets,Fixed assets,Machinery and equipment,,,Dollars,6
GFSA.SLS02G06Z616112,2017.06,2652,FINAL,"Local Government, Balance Sheet, Fixed Assets",Government Financial Statistics - GFS,Non-financial assets,Fixed assets,Machinery and equipment,,,Dollars,6
GFSA.SLS02G06Z616112,2018.06,2713,FINAL,"Local Government, Balance Sheet, Fixed Assets",Government Financial Statistics - GFS,Non-financial assets,Fixed assets,Machinery and equipment,,,Dollars,6
GFSA.SLS02G06Z616112,2019.06,2995,FINAL,"Local Government, Balance Sheet, Fixed Assets",Government Financial Statistics - GFS,Non-financial assets,Fixed assets,Machinery and equipment,,,Dollars,6
GFSA.SLS02G06Z616112,2020.06,3187,FINAL,"Local Government, Balance Sheet, Fixed Assets",Government Financial Statistics - GFS,Non-financial assets,Fixed assets,Machinery and equipment,,,Dollars,6
GFSA.SLS02G06Z616112,2021.06,3792,FINAL,"Local Government, Balance Sheet, Fixed Assets",Government Financial Statistics - GFS,Non-financial assets,Fixed assets,Machinery and equipment,,,Dollars,6
GFSA.SLS02G06Z616112,2022.06,4271,FINAL,"Local Government, Balance Sheet, Fixed Assets",Government Financial Statistics - GFS,Non-financial assets,Fixed assets,Machinery and equipment,,,Dollars,6
GFSA.SLS02G06Z616112,2023.06,5524,REVISED,"Local Government, Balance Sheet, Fixed Assets",Government Financial Statistics - GFS,Non-financial assets,Fixed assets,Machinery and equipment,,,Dollars,6
GFSA.SLS02G06Z616112,2024.06,6219,REVISED,"Local Government, Balance Sheet, Fixed Assets",Government Financial Statistics - GFS,Non-financial assets,Fixed assets,Machinery and equipment,,,Dollars,6
GFSA.SLS02G06Z616112,2025.06,6286,PROVISIONAL,"Local Government, Balance Sheet, Fixed Assets",Government Financial Statistics - GFS,Non-financial assets,Fixed assets,Machinery and equipment,,,Dollars,6
GFSA.SLS02G06Z616113,2009.06,235,FINAL,"Local Government, Balance Sheet, Fixed Assets",Government Financial Statistics - GFS,Non-financial assets,Fixed assets,Other fixed assets,,,Dollars,6
GFSA.SLS02G06Z616113,2010.06,258,FINAL,"Local Government, Balance Sheet, Fixed Assets",Government Financial Statistics - GFS,Non-financial assets,Fixed assets,Other fixed assets,,,Dollars,6
GFSA.SLS02G06Z616113,2011.06,308,FINAL,"Local Government, Balance Sheet, Fixed Assets",Government Financial Statistics - GFS,Non-financial assets,Fixed assets,Other fixed assets,,,Dollars,6
GFSA.SLS02G06Z616113,2012.06,309,FINAL,"Local Government, Balance Sheet, Fixed Assets",Government Financial Statistics - GFS,Non-financial assets,Fixed assets,Other fixed assets,,,Dollars,6
GFSA.SLS02G06Z616113,2013.06,425,FINAL,"Local Government, Balance Sheet, Fixed Assets",Government Financial Statistics - GFS,Non-financial assets,Fixed assets,Other fixed assets,,,Dollars,6
GFSA.SLS02G06Z616113,2014.06,446,FINAL,"Local Government, Balance Sheet, Fixed Assets",Government Financial Statistics - GFS,Non-financial assets,Fixed assets,Other fixed assets,,,Dollars,6
GFSA.SLS02G06Z616113,2015.06,534,FINAL,"Local Government, Balance Sheet, Fixed Assets",Government Financial Statistics - GFS,Non-financial assets,Fixed assets,Other fixed assets,,,Dollars,6
GFSA.SLS02G06Z616113,2016.06,473,FINAL,"Local Government, Balance Sheet, Fixed Assets",Government Financial Statistics - GFS,Non-financial assets,Fixed assets,Other fixed assets,,,Dollars,6
GFSA.SLS02G06Z616113,2017.06,545,FINAL,"Local Government, Balance Sheet, Fixed Assets",Government Financial Statistics - GFS,Non-financial assets,Fixed assets,Other fixed assets,,,Dollars,6
GFSA.SLS02G06Z616113,2018.06,539,FINAL,"Local Government, Balance Sheet, Fixed Assets",Government Financial Statistics - GFS,Non-financial assets,Fixed assets,Other fixed assets,,,Dollars,6
GFSA.SLS02G06Z616113,2019.06,681,FINAL,"Local Government, Balance Sheet, Fixed Assets",Government Financial Statistics - GFS,Non-financial assets,Fixed assets,Other fixed assets,,,Dollars,6
GFSA.SLS02G06Z616113,2020.06,663,FINAL,"Local Government, Balance Sheet, Fixed Assets",Government Financial Statistics - GFS,Non-financial assets,Fixed assets,Other fixed assets,,,Dollars,6
GFSA.SLS02G06Z616113,2021.06,613,FINAL,"Local Government, Balance Sheet, Fixed Assets",Government Financial Statistics - GFS,Non-financial assets,Fixed assets,Other fixed assets,,,Dollars,6
GFSA.SLS02G06Z616113,2022.06,572,FINAL,"Local Government, Balance Sheet, Fixed Assets",Government Financial Statistics - GFS,Non-financial assets,Fixed assets,Other fixed assets,,,Dollars,6
GFSA.SLS02G06Z616113,2023.06,581,REVISED,"Local Government, Balance Sheet, Fixed Assets",Government Financial Statistics - GFS,Non-financial assets,Fixed assets,Other fixed assets,,,Dollars,6
GFSA.SLS02G06Z616113,2024.06,570,REVISED,"Local Government, Balance Sheet, Fixed Assets",Government Financial Statistics - GFS,Non-financial assets,Fixed assets,Other fixed assets,,,Dollars,6
GFSA.SLS02G06Z616113,2025.06,583,PROVISIONAL,"Local Government, Balance Sheet, Fixed Assets",Government Financial Statistics - GFS,Non-financial assets,Fixed assets,Other fixed assets,,,Dollars,6
GFSA.SLS02G06Z616114,2009.06,0,FINAL,"Local Government, Balance Sheet, Fixed Assets",Government Financial Statistics - GFS,Non-financial assets,Fixed assets,Weapons systems,,,Dollars,6
GFSA.SLS02G06Z616114,2010.06,0,FINAL,"Local Government, Balance Sheet, Fixed Assets",Government Financial Statistics - GFS,Non-financial assets,Fixed assets,Weapons systems,,,Dollars,6
GFSA.SLS02G06Z616114,2011.06,0,FINAL,"Local Government, Balance Sheet, Fixed Assets",Government Financial Statistics - GFS,Non-financial assets,Fixed assets,Weapons systems,,,Dollars,6
GFSA.SLS02G06Z616114,2012.06,0,FINAL,"Local Government, Balance Sheet, Fixed Assets",Government Financial Statistics - GFS,Non-financial assets,Fixed assets,Weapons systems,,,Dollars,6
GFSA.SLS02G06Z616114,2013.06,0,FINAL,"Local Government, Balance Sheet, Fixed Assets",Government Financial Statistics - GFS,Non-financial assets,Fixed assets,Weapons systems,,,Dollars,6
GFSA.SLS02G06Z616114,2014.06,0,FINAL,"Local Government, Balance Sheet, Fixed Assets",Government Financial Statistics - GFS,Non-financial assets,Fixed assets,Weapons systems,,,Dollars,6
GFSA.SLS02G06Z616114,2015.06,0,FINAL,"Local Government, Balance Sheet, Fixed Assets",Government Financial Statistics - GFS,Non-financial assets,Fixed assets,Weapons systems,,,Dollars,6
GFSA.SLS02G06Z616114,2016.06,0,FINAL,"Local Government, Balance Sheet, Fixed Assets",Government Financial Statistics - GFS,Non-financial assets,Fixed assets,Weapons systems,,,Dollars,6
GFSA.SLS02G06Z616114,2017.06,0,FINAL,"Local Government, Balance Sheet, Fixed Assets",Government Financial Statistics - GFS,Non-financial assets,Fixed assets,Weapons systems,,,Dollars,6
GFSA.SLS02G06Z616114,2018.06,0,FINAL,"Local Government, Balance Sheet, Fixed Assets",Government Financial Statistics - GFS,Non-financial assets,Fixed assets,Weapons systems,,,Dollars,6
GFSA.SLS02G06Z616114,2019.06,0,FINAL,"Local Government, Balance Sheet, Fixed Assets",Government Financial Statistics - GFS,Non-financial assets,Fixed assets,Weapons systems,,,Dollars,6
GFSA.SLS02G06Z616114,2020.06,0,FINAL,"Local Government, Balance Sheet, Fixed Assets",Government Financial Statistics - GFS,Non-financial assets,Fixed assets,Weapons systems,,,Dollars,6
GFSA.SLS02G06Z616114,2021.06,0,FINAL,"Local Government, Balance Sheet, Fixed Assets",Government Financial Statistics - GFS,Non-financial assets,Fixed assets,Weapons systems,,,Dollars,6
GFSA.SLS02G06Z616114,2022.06,0,FINAL,"Local Government, Balance Sheet, Fixed Assets",Government Financial Statistics - GFS,Non-financial assets,Fixed assets,Weapons systems,,,Dollars,6
GFSA.SLS02G06Z616114,2023.06,0,FINAL,"Local Government, Balance Sheet, Fixed Assets",Government Financial Statistics - GFS,Non-financial assets,Fixed assets,Weapons systems,,,Dollars,6
GFSA.SLS02G06Z616114,2024.06,0,FINAL,"Local Government, Balance Sheet, Fixed Assets",Government Financial Statistics - GFS,Non-financial assets,Fixed assets,Weapons systems,,,Dollars,6
GFSA.SLS02G06Z616114,2025.06,0,PROVISIONAL,"Local Government, Balance Sheet, Fixed Assets",Government Financial Statistics - GFS,Non-financial assets,Fixed assets,Weapons systems,,,Dollars,6
GFSA.SLS02G07Z616141,2009.06,24684,FINAL,"Local Government, Balance Sheet, Non-produced Assets",Government Financial Statistics - GFS,Non-financial assets,Non-produced assets,Land,,,Dollars,6
GFSA.SLS02G07Z616141,2010.06,25652,FINAL,"Local Government, Balance Sheet, Non-produced Assets",Government Financial Statistics - GFS,Non-financial assets,Non-produced assets,Land,,,Dollars,6
GFSA.SLS02G07Z616141,2011.06,28312,FINAL,"Local Government, Balance Sheet, Non-produced Assets",Government Financial Statistics - GFS,Non-financial assets,Non-produced assets,Land,,,Dollars,6
GFSA.SLS02G07Z616141,2012.06,27807,FINAL,"Local Government, Balance Sheet, Non-produced Assets",Government Financial Statistics - GFS,Non-financial assets,Non-produced assets,Land,,,Dollars,6
GFSA.SLS02G07Z616141,2013.06,27761,FINAL,"Local Government, Balance Sheet, Non-produced Assets",Government Financial Statistics - GFS,Non-financial assets,Non-produced assets,Land,,,Dollars,6
GFSA.SLS02G07Z616141,2014.06,29640,FINAL,"Local Government, Balance Sheet, Non-produced Assets",Government Financial Statistics - GFS,Non-financial assets,Non-produced assets,Land,,,Dollars,6
GFSA.SLS02G07Z616141,2015.06,30670,FINAL,"Local Government, Balance Sheet, Non-produced Assets",Government Financial Statistics - GFS,Non-financial assets,Non-produced assets,Land,,,Dollars,6
GFSA.SLS02G07Z616141,2016.06,32222,FINAL,"Local Government, Balance Sheet, Non-produced Assets",Government Financial Statistics - GFS,Non-financial assets,Non-produced assets,Land,,,Dollars,6
GFSA.SLS02G07Z616141,2017.06,33269,FINAL,"Local Government, Balance Sheet, Non-produced Assets",Government Financial Statistics - GFS,Non-financial assets,Non-produced assets,Land,,,Dollars,6
GFSA.SLS02G07Z616141,2018.06,35302,FINAL,"Local Government, Balance Sheet, Non-produced Assets",Government Financial Statistics - GFS,Non-financial assets,Non-produced assets,Land,,,Dollars,6
GFSA.SLS02G07Z616141,2019.06,36540,FINAL,"Local Government, Balance Sheet, Non-produced Assets",Government Financial Statistics - GFS,Non-financial assets,Non-produced assets,Land,,,Dollars,6
GFSA.SLS02G07Z616141,2020.06,38120,FINAL,"Local Government, Balance Sheet, Non-produced Assets",Government Financial Statistics - GFS,Non-financial assets,Non-produced assets,Land,,,Dollars,6
GFSA.SLS02G07Z616141,2021.06,40115,FINAL,"Local Government, Balance Sheet, Non-produced Assets",Government Financial Statistics - GFS,Non-financial assets,Non-produced assets,Land,,,Dollars,6
GFSA.SLS02G07Z616141,2022.06,45135,FINAL,"Local Government, Balance Sheet, Non-produced Assets",Government Financial Statistics - GFS,Non-financial assets,Non-produced assets,Land,,,Dollars,6
GFSA.SLS02G07Z616141,2023.06,44522,REVISED,"Local Government, Balance Sheet, Non-produced Assets",Government Financial Statistics - GFS,Non-financial assets,Non-produced assets,Land,,,Dollars,6
GFSA.SLS02G07Z616141,2024.06,45578,REVISED,"Local Government, Balance Sheet, Non-produced Assets",Government Financial Statistics - GFS,Non-financial assets,Non-produced assets,Land,,,Dollars,6
GFSA.SLS02G07Z616141,2025.06,47221,PROVISIONAL,"Local Government, Balance Sheet, Non-produced Assets",Government Financial Statistics - GFS,Non-financial assets,Non-produced assets,Land,,,Dollars,6
GFSA.SLS02G07Z616144,2009.06,107,FINAL,"Local Government, Balance Sheet, Non-produced Assets",Government Financial Statistics - GFS,Non-financial assets,Non-produced assets,Intangible non-produced assets,,,Dollars,6
GFSA.SLS02G07Z616144,2010.06,103,FINAL,"Local Government, Balance Sheet, Non-produced Assets",Government Financial Statistics - GFS,Non-financial assets,Non-produced assets,Intangible non-produced assets,,,Dollars,6
GFSA.SLS02G07Z616144,2011.06,158,FINAL,"Local Government, Balance Sheet, Non-produced Assets",Government Financial Statistics - GFS,Non-financial assets,Non-produced assets,Intangible non-produced assets,,,Dollars,6
GFSA.SLS02G07Z616144,2012.06,185,FINAL,"Local Government, Balance Sheet, Non-produced Assets",Government Financial Statistics - GFS,Non-financial assets,Non-produced assets,Intangible non-produced assets,,,Dollars,6
GFSA.SLS02G07Z616144,2013.06,184,FINAL,"Local Government, Balance Sheet, Non-produced Assets",Government Financial Statistics - GFS,Non-financial assets,Non-produced assets,Intangible non-produced assets,,,Dollars,6
GFSA.SLS02G07Z616144,2014.06,237,FINAL,"Local Government, Balance Sheet, Non-produced Assets",Government Financial Statistics - GFS,Non-financial assets,Non-produced assets,Intangible non-produced assets,,,Dollars,6
GFSA.SLS02G07Z616144,2015.06,170,FINAL,"Local Government, Balance Sheet, Non-produced Assets",Government Financial Statistics - GFS,Non-financial assets,Non-produced assets,Intangible non-produced assets,,,Dollars,6
GFSA.SLS02G07Z616144,2016.06,256,FINAL,"Local Government, Balance Sheet, Non-produced Assets",Government Financial Statistics - GFS,Non-financial assets,Non-produced assets,Intangible non-produced assets,,,Dollars,6
GFSA.SLS02G07Z616144,2017.06,257,FINAL,"Local Government, Balance Sheet, Non-produced Assets",Government Financial Statistics - GFS,Non-financial assets,Non-produced assets,Intangible non-produced assets,,,Dollars,6
GFSA.SLS02G07Z616144,2018.06,279,FINAL,"Local Government, Balance Sheet, Non-produced Assets",Government Financial Statistics - GFS,Non-financial assets,Non-produced assets,Intangible non-produced assets,,,Dollars,6
GFSA.SLS02G07Z616144,2019.06,184,FINAL,"Local Government, Balance Sheet, Non-produced Assets",Government Financial Statistics - GFS,Non-financial assets,Non-produced assets,Intangible non-produced assets,,,Dollars,6
GFSA.SLS02G07Z616144,2020.06,255,FINAL,"Local Government, Balance Sheet, Non-produced Assets",Government Financial Statistics - GFS,Non-financial assets,Non-produced assets,Intangible non-produced assets,,,Dollars,6
GFSA.SLS02G07Z616144,2021.06,317,FINAL,"Local Government, Balance Sheet, Non-produced Assets",Government Financial Statistics - GFS,Non-financial assets,Non-produced assets,Intangible non-produced assets,,,Dollars,6
GFSA.SLS02G07Z616144,2022.06,365,FINAL,"Local Government, Balance Sheet, Non-produced Assets",Government Financial Statistics - GFS,Non-financial assets,Non-produced assets,Intangible non-produced assets,,,Dollars,6
GFSA.SLS02G07Z616144,2023.06,333,FINAL,"Local Government, Balance Sheet, Non-produced Assets",Government Financial Statistics - GFS,Non-financial assets,Non-produced assets,Intangible non-produced assets,,,Dollars,6
GFSA.SLS02G07Z616144,2024.06,355,REVISED,"Local Government, Balance Sheet, Non-produced Assets",Government Financial Statistics - GFS,Non-financial assets,Non-produced assets,Intangible non-produced assets,,,Dollars,6
GFSA.SLS02G07Z616144,2025.06,365,PROVISIONAL,"Local Government, Balance Sheet, Non-produced Assets",Government Financial Statistics - GFS,Non-financial assets,Non-produced assets,Intangible non-produced assets,,,Dollars,6
GFSA.SLS02G08Z61613,2009.06,0,FINAL,"Local Government, Balance Sheet, Valuables",Government Financial Statistics - GFS,Non-financial assets,Valuables,,,,Dollars,6
GFSA.SLS02G08Z61613,2010.06,0,FINAL,"Local Government, Balance Sheet, Valuables",Government Financial Statistics - GFS,Non-financial assets,Valuables,,,,Dollars,6
GFSA.SLS02G08Z61613,2011.06,0,FINAL,"Local Government, Balance Sheet, Valuables",Government Financial Statistics - GFS,Non-financial assets,Valuables,,,,Dollars,6
GFSA.SLS02G08Z61613,2012.06,0,FINAL,"Local Government, Balance Sheet, Valuables",Government Financial Statistics - GFS,Non-financial assets,Valuables,,,,Dollars,6
GFSA.SLS02G08Z61613,2013.06,0,FINAL,"Local Government, Balance Sheet, Valuables",Government Financial Statistics - GFS,Non-financial assets,Valuables,,,,Dollars,6
GFSA.SLS02G08Z61613,2014.06,0,FINAL,"Local Government, Balance Sheet, Valuables",Government Financial Statistics - GFS,Non-financial assets,Valuables,,,,Dollars,6
GFSA.SLS02G08Z61613,2015.06,0,FINAL,"Local Government, Balance Sheet, Valuables",Government Financial Statistics - GFS,Non-financial assets,Valuables,,,,Dollars,6
GFSA.SLS02G08Z61613,2016.06,0,FINAL,"Local Government, Balance Sheet, Valuables",Government Financial Statistics - GFS,Non-financial assets,Valuables,,,,Dollars,6
GFSA.SLS02G08Z61613,2017.06,0,FINAL,"Local Government, Balance Sheet, Valuables",Government Financial Statistics - GFS,Non-financial assets,Valuables,,,,Dollars,6
GFSA.SLS02G08Z61613,2018.06,0,FINAL,"Local Government, Balance Sheet, Valuables",Government Financial Statistics - GFS,Non-financial assets,Valuables,,,,Dollars,6
GFSA.SLS02G08Z61613,2019.06,0,FINAL,"Local Government, Balance Sheet, Valuables",Government Financial Statistics - GFS,Non-financial assets,Valuables,,,,Dollars,6
GFSA.SLS02G08Z61613,2020.06,0,FINAL,"Local Government, Balance Sheet, Valuables",Government Financial Statistics - GFS,Non-financial assets,Valuables,,,,Dollars,6
GFSA.SLS02G08Z61613,2021.06,0,FINAL,"Local Government, Balance Sheet, Valuables",Government Financial Statistics - GFS,Non-financial assets,Valuables,,,,Dollars,6
GFSA.SLS02G08Z61613,2022.06,0,FINAL,"Local Government, Balance Sheet, Valuables",Government Financial Statistics - GFS,Non-financial assets,Valuables,,,,Dollars,6
GFSA.SLS02G08Z61613,2023.06,0,FINAL,"Local Government, Balance Sheet, Valuables",Government Financial Statistics - GFS,Non-financial assets,Valuables,,,,Dollars,6
GFSA.SLS02G08Z61613,2024.06,0,FINAL,"Local Government, Balance Sheet, Valuables",Government Financial Statistics - GFS,Non-financial assets,Valuables,,,,Dollars,6
GFSA.SLS02G08Z61613,2025.06,0,PROVISIONAL,"Local Government, Balance Sheet, Valuables",Government Financial Statistics - GFS,Non-financial assets,Valuables,,,,Dollars,6
GFSA.SLS02G093012,2009.06,0,FINAL,"Local Government, Balance Sheet, Liabilities",Government Financial Statistics - GFS,Cash,,,,,Dollars,6
GFSA.SLS02G093012,2010.06,0,FINAL,"Local Government, Balance Sheet, Liabilities",Government Financial Statistics - GFS,Cash,,,,,Dollars,6
GFSA.SLS02G093012,2011.06,0,FINAL,"Local Government, Balance Sheet, Liabilities",Government Financial Statistics - GFS,Cash,,,,,Dollars,6
GFSA.SLS02G093012,2012.06,0,FINAL,"Local Government, Balance Sheet, Liabilities",Government Financial Statistics - GFS,Cash,,,,,Dollars,6
GFSA.SLS02G093012,2013.06,0,FINAL,"Local Government, Balance Sheet, Liabilities",Government Financial Statistics - GFS,Cash,,,,,Dollars,6
GFSA.SLS02G093012,2014.06,0,FINAL,"Local Government, Balance Sheet, Liabilities",Government Financial Statistics - GFS,Cash,,,,,Dollars,6
GFSA.SLS02G093012,2015.06,0,FINAL,"Local Government, Balance Sheet, Liabilities",Government Financial Statistics - GFS,Cash,,,,,Dollars,6
GFSA.SLS02G093012,2016.06,0,FINAL,"Local Government, Balance Sheet, Liabilities",Government Financial Statistics - GFS,Cash,,,,,Dollars,6
GFSA.SLS02G093012,2017.06,0,FINAL,"Local Government, Balance Sheet, Liabilities",Government Financial Statistics - GFS,Cash,,,,,Dollars,6
GFSA.SLS02G093012,2018.06,0,FINAL,"Local Government, Balance Sheet, Liabilities",Government Financial Statistics - GFS,Cash,,,,,Dollars,6
GFSA.SLS02G093012,2019.06,0,FINAL,"Local Government, Balance Sheet, Liabilities",Government Financial Statistics - GFS,Cash,,,,,Dollars,6
GFSA.SLS02G093012,2020.06,0,FINAL,"Local Government, Balance Sheet, Liabilities",Government Financial Statistics - GFS,Cash,,,,,Dollars,6
GFSA.SLS02G093012,2021.06,0,FINAL,"Local Government, Balance Sheet, Liabilities",Government Financial Statistics - GFS,Cash,,,,,Dollars,6
GFSA.SLS02G093012,2022.06,0,FINAL,"Local Government, Balance Sheet, Liabilities",Government Financial Statistics - GFS,Cash,,,,,Dollars,6
GFSA.SLS02G093012,2023.06,0,FINAL,"Local Government, Balance Sheet, Liabilities",Government Financial Statistics - GFS,Cash,,,,,Dollars,6
GFSA.SLS02G093012,2024.06,0,FINAL,"Local Government, Balance Sheet, Liabilities",Government Financial Statistics - GFS,Cash,,,,,Dollars,6
GFSA.SLS02G093012,2025.06,0,PROVISIONAL,"Local Government, Balance Sheet, Liabilities",Government Financial Statistics - GFS,Cash,,,,,Dollars,6
GFSA.SLS02G093013,2009.06,0,FINAL,"Local Government, Balance Sheet, Liabilities",Government Financial Statistics - GFS,Debt securities,,,,,Dollars,6
GFSA.SLS02G093013,2010.06,0,FINAL,"Local Government, Balance Sheet, Liabilities",Government Financial Statistics - GFS,Debt securities,,,,,Dollars,6
GFSA.SLS02G093013,2011.06,0,FINAL,"Local Government, Balance Sheet, Liabilities",Government Financial Statistics - GFS,Debt securities,,,,,Dollars,6
GFSA.SLS02G093013,2012.06,0,FINAL,"Local Government, Balance Sheet, Liabilities",Government Financial Statistics - GFS,Debt securities,,,,,Dollars,6
GFSA.SLS02G093013,2013.06,0,FINAL,"Local Government, Balance Sheet, Liabilities",Government Financial Statistics - GFS,Debt securities,,,,,Dollars,6
GFSA.SLS02G093013,2014.06,0,FINAL,"Local Government, Balance Sheet, Liabilities",Government Financial Statistics - GFS,Debt securities,,,,,Dollars,6
GFSA.SLS02G093013,2015.06,0,FINAL,"Local Government, Balance Sheet, Liabilities",Government Financial Statistics - GFS,Debt securities,,,,,Dollars,6
GFSA.SLS02G093013,2016.06,0,FINAL,"Local Government, Balance Sheet, Liabilities",Government Financial Statistics - GFS,Debt securities,,,,,Dollars,6
GFSA.SLS02G093013,2017.06,0,FINAL,"Local Government, Balance Sheet, Liabilities",Government Financial Statistics - GFS,Debt securities,,,,,Dollars,6
GFSA.SLS02G093013,2018.06,0,FINAL,"Local Government, Balance Sheet, Liabilities",Government Financial Statistics - GFS,Debt securities,,,,,Dollars,6
GFSA.SLS02G093013,2019.06,0,FINAL,"Local Government, Balance Sheet, Liabilities",Government Financial Statistics - GFS,Debt securities,,,,,Dollars,6
GFSA.SLS02G093013,2020.06,0,FINAL,"Local Government, Balance Sheet, Liabilities",Government Financial Statistics - GFS,Debt securities,,,,,Dollars,6
GFSA.SLS02G093013,2021.06,0,FINAL,"Local Government, Balance Sheet, Liabilities",Government Financial Statistics - GFS,Debt securities,,,,,Dollars,6
GFSA.SLS02G093013,2022.06,0,FINAL,"Local Government, Balance Sheet, Liabilities",Government Financial Statistics - GFS,Debt securities,,,,,Dollars,6
GFSA.SLS02G093013,2023.06,0,FINAL,"Local Government, Balance Sheet, Liabilities",Government Financial Statistics - GFS,Debt securities,,,,,Dollars,6
GFSA.SLS02G093013,2024.06,0,FINAL,"Local Government, Balance Sheet, Liabilities",Government Financial Statistics - GFS,Debt securities,,,,,Dollars,6
GFSA.SLS02G093013,2025.06,0,PROVISIONAL,"Local Government, Balance Sheet, Liabilities",Government Financial Statistics - GFS,Debt securities,,,,,Dollars,6
GFSA.SLS02G093014,2009.06,5332,FINAL,"Local Government, Balance Sheet, Liabilities",Government Financial Statistics - GFS,Loans,,,,,Dollars,6
GFSA.SLS02G093014,2010.06,7114,FINAL,"Local Government, Balance Sheet, Liabilities",Government Financial Statistics - GFS,Loans,,,,,Dollars,6
GFSA.SLS02G093014,2011.06,7689,FINAL,"Local Government, Balance Sheet, Liabilities",Government Financial Statistics - GFS,Loans,,,,,Dollars,6
GFSA.SLS02G093014,2012.06,8914,FINAL,"Local Government, Balance Sheet, Liabilities",Government Financial Statistics - GFS,Loans,,,,,Dollars,6
GFSA.SLS02G093014,2013.06,10268,FINAL,"Local Government, Balance Sheet, Liabilities",Government Financial Statistics - GFS,Loans,,,,,Dollars,6
GFSA.SLS02G093014,2014.06,10963,FINAL,"Local Government, Balance Sheet, Liabilities",Government Financial Statistics - GFS,Loans,,,,,Dollars,6
GFSA.SLS02G093014,2015.06,12475,FINAL,"Local Government, Balance Sheet, Liabilities",Government Financial Statistics - GFS,Loans,,,,,Dollars,6
GFSA.SLS02G093014,2016.06,13455,FINAL,"Local Government, Balance Sheet, Liabilities",Government Financial Statistics - GFS,Loans,,,,,Dollars,6
GFSA.SLS02G093014,2017.06,14765,FINAL,"Local Government, Balance Sheet, Liabilities",Government Financial Statistics - GFS,Loans,,,,,Dollars,6
GFSA.SLS02G093014,2018.06,15734,FINAL,"Local Government, Balance Sheet, Liabilities",Government Financial Statistics - GFS,Loans,,,,,Dollars,6
GFSA.SLS02G093014,2019.06,16774,FINAL,"Local Government, Balance Sheet, Liabilities",Government Financial Statistics - GFS,Loans,,,,,Dollars,6
GFSA.SLS02G093014,2020.06,19246,FINAL,"Local Government, Balance Sheet, Liabilities",Government Financial Statistics - GFS,Loans,,,,,Dollars,6
GFSA.SLS02G093014,2021.06,20242,FINAL,"Local Government, Balance Sheet, Liabilities",Government Financial Statistics - GFS,Loans,,,,,Dollars,6
GFSA.SLS02G093014,2022.06,22641,FINAL,"Local Government, Balance Sheet, Liabilities",Government Financial Statistics - GFS,Loans,,,,,Dollars,6
GFSA.SLS02G093014,2023.06,26465,REVISED,"Local Government, Balance Sheet, Liabilities",Government Financial Statistics - GFS,Loans,,,,,Dollars,6
GFSA.SLS02G093014,2024.06,30571,REVISED,"Local Government, Balance Sheet, Liabilities",Government Financial Statistics - GFS,Loans,,,,,Dollars,6
GFSA.SLS02G093014,2025.06,33016,PROVISIONAL,"Local Government, Balance Sheet, Liabilities",Government Financial Statistics - GFS,Loans,,,,,Dollars,6
GFSA.SLS02G093020,2009.06,0,FINAL,"Local Government, Balance Sheet, Liabilities",Government Financial Statistics - GFS,Retirement plan liabilities,,,,,Dollars,6
GFSA.SLS02G093020,2010.06,0,FINAL,"Local Government, Balance Sheet, Liabilities",Government Financial Statistics - GFS,Retirement plan liabilities,,,,,Dollars,6
GFSA.SLS02G093020,2011.06,0,FINAL,"Local Government, Balance Sheet, Liabilities",Government Financial Statistics - GFS,Retirement plan liabilities,,,,,Dollars,6
GFSA.SLS02G093020,2012.06,0,FINAL,"Local Government, Balance Sheet, Liabilities",Government Financial Statistics - GFS,Retirement plan liabilities,,,,,Dollars,6
GFSA.SLS02G093020,2013.06,0,FINAL,"Local Government, Balance Sheet, Liabilities",Government Financial Statistics - GFS,Retirement plan liabilities,,,,,Dollars,6
GFSA.SLS02G093020,2014.06,0,FINAL,"Local Government, Balance Sheet, Liabilities",Government Financial Statistics - GFS,Retirement plan liabilities,,,,,Dollars,6
GFSA.SLS02G093020,2015.06,0,FINAL,"Local Government, Balance Sheet, Liabilities",Government Financial Statistics - GFS,Retirement plan liabilities,,,,,Dollars,6
GFSA.SLS02G093020,2016.06,0,FINAL,"Local Government, Balance Sheet, Liabilities",Government Financial Statistics - GFS,Retirement plan liabilities,,,,,Dollars,6
GFSA.SLS02G093020,2017.06,0,FINAL,"Local Government, Balance Sheet, Liabilities",Government Financial Statistics - GFS,Retirement plan liabilities,,,,,Dollars,6
GFSA.SLS02G093020,2018.06,0,FINAL,"Local Government, Balance Sheet, Liabilities",Government Financial Statistics - GFS,Retirement plan liabilities,,,,,Dollars,6
GFSA.SLS02G093020,2019.06,0,FINAL,"Local Government, Balance Sheet, Liabilities",Government Financial Statistics - GFS,Retirement plan liabilities,,,,,Dollars,6
GFSA.SLS02G093020,2020.06,0,FINAL,"Local Government, Balance Sheet, Liabilities",Government Financial Statistics - GFS,Retirement plan liabilities,,,,,Dollars,6
GFSA.SLS02G093020,2021.06,0,FINAL,"Local Government, Balance Sheet, Liabilities",Government Financial Statistics - GFS,Retirement plan liabilities,,,,,Dollars,6
GFSA.SLS02G093020,2022.06,0,FINAL,"Local Government, Balance Sheet, Liabilities",Government Financial Statistics - GFS,Retirement plan liabilities,,,,,Dollars,6
GFSA.SLS02G093020,2023.06,0,FINAL,"Local Government, Balance Sheet, Liabilities",Government Financial Statistics - GFS,Retirement plan liabilities,,,,,Dollars,6
GFSA.SLS02G093020,2024.06,0,FINAL,"Local Government, Balance Sheet, Liabilities",Government Financial Statistics - GFS,Retirement plan liabilities,,,,,Dollars,6
GFSA.SLS02G093020,2025.06,0,PROVISIONAL,"Local Government, Balance Sheet, Liabilities",Government Financial Statistics - GFS,Retirement plan liabilities,,,,,Dollars,6
GFSA.SLS02G093021,2009.06,0,FINAL,"Local Government, Balance Sheet, Liabilities",Government Financial Statistics - GFS,Insurance liabilities,,,,,Dollars,6
GFSA.SLS02G093021,2010.06,0,FINAL,"Local Government, Balance Sheet, Liabilities",Government Financial Statistics - GFS,Insurance liabilities,,,,,Dollars,6
GFSA.SLS02G093021,2011.06,0,FINAL,"Local Government, Balance Sheet, Liabilities",Government Financial Statistics - GFS,Insurance liabilities,,,,,Dollars,6
GFSA.SLS02G093021,2012.06,0,FINAL,"Local Government, Balance Sheet, Liabilities",Government Financial Statistics - GFS,Insurance liabilities,,,,,Dollars,6
GFSA.SLS02G093021,2013.06,0,FINAL,"Local Government, Balance Sheet, Liabilities",Government Financial Statistics - GFS,Insurance liabilities,,,,,Dollars,6
GFSA.SLS02G093021,2014.06,0,FINAL,"Local Government, Balance Sheet, Liabilities",Government Financial Statistics - GFS,Insurance liabilities,,,,,Dollars,6
GFSA.SLS02G093021,2015.06,0,FINAL,"Local Government, Balance Sheet, Liabilities",Government Financial Statistics - GFS,Insurance liabilities,,,,,Dollars,6
GFSA.SLS02G093021,2016.06,0,FINAL,"Local Government, Balance Sheet, Liabilities",Government Financial Statistics - GFS,Insurance liabilities,,,,,Dollars,6
GFSA.SLS02G093021,2017.06,0,FINAL,"Local Government, Balance Sheet, Liabilities",Government Financial Statistics - GFS,Insurance liabilities,,,,,Dollars,6
GFSA.SLS02G093021,2018.06,0,FINAL,"Local Government, Balance Sheet, Liabilities",Government Financial Statistics - GFS,Insurance liabilities,,,,,Dollars,6
GFSA.SLS02G093021,2019.06,0,FINAL,"Local Government, Balance Sheet, Liabilities",Government Financial Statistics - GFS,Insurance liabilities,,,,,Dollars,6
GFSA.SLS02G093021,2020.06,0,FINAL,"Local Government, Balance Sheet, Liabilities",Government Financial Statistics - GFS,Insurance liabilities,,,,,Dollars,6
GFSA.SLS02G093021,2021.06,0,FINAL,"Local Government, Balance Sheet, Liabilities",Government Financial Statistics - GFS,Insurance liabilities,,,,,Dollars,6
GFSA.SLS02G093021,2022.06,0,FINAL,"Local Government, Balance Sheet, Liabilities",Government Financial Statistics - GFS,Insurance liabilities,,,,,Dollars,6
GFSA.SLS02G093021,2023.06,0,FINAL,"Local Government, Balance Sheet, Liabilities",Government Financial Statistics - GFS,Insurance liabilities,,,,,Dollars,6
GFSA.SLS02G093021,2024.06,0,FINAL,"Local Government, Balance Sheet, Liabilities",Government Financial Statistics - GFS,Insurance liabilities,,,,,Dollars,6
GFSA.SLS02G093021,2025.06,0,PROVISIONAL,"Local Government, Balance Sheet, Liabilities",Government Financial Statistics - GFS,Insurance liabilities,,,,,Dollars,6
GFSA.SLS02G093022,2009.06,210,FINAL,"Local Government, Balance Sheet, Liabilities",Government Financial Statistics - GFS,Financial derivatives,,,,,Dollars,6
GFSA.SLS02G093022,2010.06,278,FINAL,"Local Government, Balance Sheet, Liabilities",Government Financial Statistics - GFS,Financial derivatives,,,,,Dollars,6
GFSA.SLS02G093022,2011.06,303,FINAL,"Local Government, Balance Sheet, Liabilities",Government Financial Statistics - GFS,Financial derivatives,,,,,Dollars,6
GFSA.SLS02G093022,2012.06,658,FINAL,"Local Government, Balance Sheet, Liabilities",Government Financial Statistics - GFS,Financial derivatives,,,,,Dollars,6
GFSA.SLS02G093022,2013.06,416,FINAL,"Local Government, Balance Sheet, Liabilities",Government Financial Statistics - GFS,Financial derivatives,,,,,Dollars,6
GFSA.SLS02G093022,2014.06,420,FINAL,"Local Government, Balance Sheet, Liabilities",Government Financial Statistics - GFS,Financial derivatives,,,,,Dollars,6
GFSA.SLS02G093022,2015.06,614,FINAL,"Local Government, Balance Sheet, Liabilities",Government Financial Statistics - GFS,Financial derivatives,,,,,Dollars,6
GFSA.SLS02G093022,2016.06,1381,FINAL,"Local Government, Balance Sheet, Liabilities",Government Financial Statistics - GFS,Financial derivatives,,,,,Dollars,6
GFSA.SLS02G093022,2017.06,971,FINAL,"Local Government, Balance Sheet, Liabilities",Government Financial Statistics - GFS,Financial derivatives,,,,,Dollars,6
GFSA.SLS02G093022,2018.06,1084,FINAL,"Local Government, Balance Sheet, Liabilities",Government Financial Statistics - GFS,Financial derivatives,,,,,Dollars,6
GFSA.SLS02G093022,2019.06,2406,FINAL,"Local Government, Balance Sheet, Liabilities",Government Financial Statistics - GFS,Financial derivatives,,,,,Dollars,6
GFSA.SLS02G093022,2020.06,3450,FINAL,"Local Government, Balance Sheet, Liabilities",Government Financial Statistics - GFS,Financial derivatives,,,,,Dollars,6
GFSA.SLS02G093022,2021.06,2140,FINAL,"Local Government, Balance Sheet, Liabilities",Government Financial Statistics - GFS,Financial derivatives,,,,,Dollars,6
GFSA.SLS02G093022,2022.06,704,FINAL,"Local Government, Balance Sheet, Liabilities",Government Financial Statistics - GFS,Financial derivatives,,,,,Dollars,6
GFSA.SLS02G093022,2023.06,607,FINAL,"Local Government, Balance Sheet, Liabilities",Government Financial Statistics - GFS,Financial derivatives,,,,,Dollars,6
GFSA.SLS02G093022,2024.06,629,REVISED,"Local Government, Balance Sheet, Liabilities",Government Financial Statistics - GFS,Financial derivatives,,,,,Dollars,6
GFSA.SLS02G093022,2025.06,479,PROVISIONAL,"Local Government, Balance Sheet, Liabilities",Government Financial Statistics - GFS,Financial derivatives,,,,,Dollars,6
GFSA.SLS02G093024,2009.06,1988,FINAL,"Local Government, Balance Sheet, Liabilities",Government Financial Statistics - GFS,Other accounts payable,,,,,Dollars,6
GFSA.SLS02G093024,2010.06,2228,FINAL,"Local Government, Balance Sheet, Liabilities",Government Financial Statistics - GFS,Other accounts payable,,,,,Dollars,6
GFSA.SLS02G093024,2011.06,2564,FINAL,"Local Government, Balance Sheet, Liabilities",Government Financial Statistics - GFS,Other accounts payable,,,,,Dollars,6
GFSA.SLS02G093024,2012.06,2497,FINAL,"Local Government, Balance Sheet, Liabilities",Government Financial Statistics - GFS,Other accounts payable,,,,,Dollars,6
GFSA.SLS02G093024,2013.06,2262,FINAL,"Local Government, Balance Sheet, Liabilities",Government Financial Statistics - GFS,Other accounts payable,,,,,Dollars,6
GFSA.SLS02G093024,2014.06,2306,FINAL,"Local Government, Balance Sheet, Liabilities",Government Financial Statistics - GFS,Other accounts payable,,,,,Dollars,6
GFSA.SLS02G093024,2015.06,2640,FINAL,"Local Government, Balance Sheet, Liabilities",Government Financial Statistics - GFS,Other accounts payable,,,,,Dollars,6
GFSA.SLS02G093024,2016.06,2699,FINAL,"Local Government, Balance Sheet, Liabilities",Government Financial Statistics - GFS,Other accounts payable,,,,,Dollars,6
GFSA.SLS02G093024,2017.06,2883,FINAL,"Local Government, Balance Sheet, Liabilities",Government Financial Statistics - GFS,Other accounts payable,,,,,Dollars,6
GFSA.SLS02G093024,2018.06,3076,FINAL,"Local Government, Balance Sheet, Liabilities",Government Financial Statistics - GFS,Other accounts payable,,,,,Dollars,6
GFSA.SLS02G093024,2019.06,3167,FINAL,"Local Government, Balance Sheet, Liabilities",Government Financial Statistics - GFS,Other accounts payable,,,,,Dollars,6
GFSA.SLS02G093024,2020.06,3433,FINAL,"Local Government, Balance Sheet, Liabilities",Government Financial Statistics - GFS,Other accounts payable,,,,,Dollars,6
GFSA.SLS02G093024,2021.06,3887,FINAL,"Local Government, Balance Sheet, Liabilities",Government Financial Statistics - GFS,Other accounts payable,,,,,Dollars,6
GFSA.SLS02G093024,2022.06,3913,FINAL,"Local Government, Balance Sheet, Liabilities",Government Financial Statistics - GFS,Other accounts payable,,,,,Dollars,6
GFSA.SLS02G093024,2023.06,4156,REVISED,"Local Government, Balance Sheet, Liabilities",Government Financial Statistics - GFS,Other accounts payable,,,,,Dollars,6
GFSA.SLS02G093024,2024.06,5129,REVISED,"Local Government, Balance Sheet, Liabilities",Government Financial Statistics - GFS,Other accounts payable,,,,,Dollars,6
GFSA.SLS02G093024,2025.06,4904,PROVISIONAL,"Local Government, Balance Sheet, Liabilities",Government Financial Statistics - GFS,Other accounts payable,,,,,Dollars,6
GFSA.SLS02G093025,2009.06,0,FINAL,"Local Government, Balance Sheet, Liabilities",Government Financial Statistics - GFS,Special drawing rights (SDRs),,,,,Dollars,6
GFSA.SLS02G093025,2010.06,0,FINAL,"Local Government, Balance Sheet, Liabilities",Government Financial Statistics - GFS,Special drawing rights (SDRs),,,,,Dollars,6
GFSA.SLS02G093025,2011.06,0,FINAL,"Local Government, Balance Sheet, Liabilities",Government Financial Statistics - GFS,Special drawing rights (SDRs),,,,,Dollars,6
GFSA.SLS02G093025,2012.06,0,FINAL,"Local Government, Balance Sheet, Liabilities",Government Financial Statistics - GFS,Special drawing rights (SDRs),,,,,Dollars,6
GFSA.SLS02G093025,2013.06,0,FINAL,"Local Government, Balance Sheet, Liabilities",Government Financial Statistics - GFS,Special drawing rights (SDRs),,,,,Dollars,6
GFSA.SLS02G093025,2014.06,0,FINAL,"Local Government, Balance Sheet, Liabilities",Government Financial Statistics - GFS,Special drawing rights (SDRs),,,,,Dollars,6
GFSA.SLS02G093025,2015.06,0,FINAL,"Local Government, Balance Sheet, Liabilities",Government Financial Statistics - GFS,Special drawing rights (SDRs),,,,,Dollars,6
GFSA.SLS02G093025,2016.06,0,FINAL,"Local Government, Balance Sheet, Liabilities",Government Financial Statistics - GFS,Special drawing rights (SDRs),,,,,Dollars,6
GFSA.SLS02G093025,2017.06,0,FINAL,"Local Government, Balance Sheet, Liabilities",Government Financial Statistics - GFS,Special drawing rights (SDRs),,,,,Dollars,6
GFSA.SLS02G093025,2018.06,0,FINAL,"Local Government, Balance Sheet, Liabilities",Government Financial Statistics - GFS,Special drawing rights (SDRs),,,,,Dollars,6
GFSA.SLS02G093025,2019.06,0,FINAL,"Local Government, Balance Sheet, Liabilities",Government Financial Statistics - GFS,Special drawing rights (SDRs),,,,,Dollars,6
GFSA.SLS02G093025,2020.06,0,FINAL,"Local Government, Balance Sheet, Liabilities",Government Financial Statistics - GFS,Special drawing rights (SDRs),,,,,Dollars,6
GFSA.SLS02G093025,2021.06,0,FINAL,"Local Government, Balance Sheet, Liabilities",Government Financial Statistics - GFS,Special drawing rights (SDRs),,,,,Dollars,6
GFSA.SLS02G093025,2022.06,0,FINAL,"Local Government, Balance Sheet, Liabilities",Government Financial Statistics - GFS,Special drawing rights (SDRs),,,,,Dollars,6
GFSA.SLS02G093025,2023.06,0,FINAL,"Local Government, Balance Sheet, Liabilities",Government Financial Statistics - GFS,Special drawing rights (SDRs),,,,,Dollars,6
GFSA.SLS02G093025,2024.06,0,FINAL,"Local Government, Balance Sheet, Liabilities",Government Financial Statistics - GFS,Special drawing rights (SDRs),,,,,Dollars,6
GFSA.SLS02G093025,2025.06,0,PROVISIONAL,"Local Government, Balance Sheet, Liabilities",Government Financial Statistics - GFS,Special drawing rights (SDRs),,,,,Dollars,6
GFSA.SLS02G099999,2009.06,7530,FINAL,"Local Government, Balance Sheet, Liabilities",Government Financial Statistics - GFS,Total,,,,,Dollars,6
GFSA.SLS02G099999,2010.06,9620,FINAL,"Local Government, Balance Sheet, Liabilities",Government Financial Statistics - GFS,Total,,,,,Dollars,6
GFSA.SLS02G099999,2011.06,10556,FINAL,"Local Government, Balance Sheet, Liabilities",Government Financial Statistics - GFS,Total,,,,,Dollars,6
GFSA.SLS02G099999,2012.06,12069,FINAL,"Local Government, Balance Sheet, Liabilities",Government Financial Statistics - GFS,Total,,,,,Dollars,6
GFSA.SLS02G099999,2013.06,12947,FINAL,"Local Government, Balance Sheet, Liabilities",Government Financial Statistics - GFS,Total,,,,,Dollars,6
GFSA.SLS02G099999,2014.06,13689,FINAL,"Local Government, Balance Sheet, Liabilities",Government Financial Statistics - GFS,Total,,,,,Dollars,6
GFSA.SLS02G099999,2015.06,15730,FINAL,"Local Government, Balance Sheet, Liabilities",Government Financial Statistics - GFS,Total,,,,,Dollars,6
GFSA.SLS02G099999,2016.06,17534,FINAL,"Local Government, Balance Sheet, Liabilities",Government Financial Statistics - GFS,Total,,,,,Dollars,6
GFSA.SLS02G099999,2017.06,18619,FINAL,"Local Government, Balance Sheet, Liabilities",Government Financial Statistics - GFS,Total,,,,,Dollars,6
GFSA.SLS02G099999,2018.06,19896,FINAL,"Local Government, Balance Sheet, Liabilities",Government Financial Statistics - GFS,Total,,,,,Dollars,6
GFSA.SLS02G099999,2019.06,22347,FINAL,"Local Government, Balance Sheet, Liabilities",Government Financial Statistics - GFS,Total,,,,,Dollars,6
GFSA.SLS02G099999,2020.06,26129,FINAL,"Local Government, Balance Sheet, Liabilities",Government Financial Statistics - GFS,Total,,,,,Dollars,6
GFSA.SLS02G099999,2021.06,26269,FINAL,"Local Government, Balance Sheet, Liabilities",Government Financial Statistics - GFS,Total,,,,,Dollars,6
GFSA.SLS02G099999,2022.06,27259,FINAL,"Local Government, Balance Sheet, Liabilities",Government Financial Statistics - GFS,Total,,,,,Dollars,6
GFSA.SLS02G099999,2023.06,31227,REVISED,"Local Government, Balance Sheet, Liabilities",Government Financial Statistics - GFS,Total,,,,,Dollars,6
GFSA.SLS02G099999,2024.06,36329,REVISED,"Local Government, Balance Sheet, Liabilities",Government Financial Statistics - GFS,Total,,,,,Dollars,6
GFSA.SLS02G099999,2025.06,38400,PROVISIONAL,"Local Government, Balance Sheet, Liabilities",Government Financial Statistics - GFS,Total,,,,,Dollars,6
GFSA.SLS02G16Z61612,2009.06,136,FINAL,"Local Government, Balance Sheet, Inventories",Government Financial Statistics - GFS,Non-financial assets,Inventories,,,,Dollars,6
GFSA.SLS02G16Z61612,2010.06,142,FINAL,"Local Government, Balance Sheet, Inventories",Government Financial Statistics - GFS,Non-financial assets,Inventories,,,,Dollars,6
GFSA.SLS02G16Z61612,2011.06,171,FINAL,"Local Government, Balance Sheet, Inventories",Government Financial Statistics - GFS,Non-financial assets,Inventories,,,,Dollars,6
GFSA.SLS02G16Z61612,2012.06,186,FINAL,"Local Government, Balance Sheet, Inventories",Government Financial Statistics - GFS,Non-financial assets,Inventories,,,,Dollars,6
GFSA.SLS02G16Z61612,2013.06,193,FINAL,"Local Government, Balance Sheet, Inventories",Government Financial Statistics - GFS,Non-financial assets,Inventories,,,,Dollars,6
GFSA.SLS02G16Z61612,2014.06,167,FINAL,"Local Government, Balance Sheet, Inventories",Government Financial Statistics - GFS,Non-financial assets,Inventories,,,,Dollars,6
GFSA.SLS02G16Z61612,2015.06,196,FINAL,"Local Government, Balance Sheet, Inventories",Government Financial Statistics - GFS,Non-financial assets,Inventories,,,,Dollars,6
GFSA.SLS02G16Z61612,2016.06,215,FINAL,"Local Government, Balance Sheet, Inventories",Government Financial Statistics - GFS,Non-financial assets,Inventories,,,,Dollars,6
GFSA.SLS02G16Z61612,2017.06,238,FINAL,"Local Government, Balance Sheet, Inventories",Government Financial Statistics - GFS,Non-financial assets,Inventories,,,,Dollars,6
GFSA.SLS02G16Z61612,2018.06,248,FINAL,"Local Government, Balance Sheet, Inventories",Government Financial Statistics - GFS,Non-financial assets,Inventories,,,,Dollars,6
GFSA.SLS02G16Z61612,2019.06,258,FINAL,"Local Government, Balance Sheet, Inventories",Government Financial Statistics - GFS,Non-financial assets,Inventories,,,,Dollars,6
GFSA.SLS02G16Z61612,2020.06,291,FINAL,"Local Government, Balance Sheet, Inventories",Government Financial Statistics - GFS,Non-financial assets,Inventories,,,,Dollars,6
GFSA.SLS02G16Z61612,2021.06,301,FINAL,"Local Government, Balance Sheet, Inventories",Government Financial Statistics - GFS,Non-financial assets,Inventories,,,,Dollars,6
GFSA.SLS02G16Z61612,2022.06,293,FINAL,"Local Government, Balance Sheet, Inventories",Government Financial Statistics - GFS,Non-financial assets,Inventories,,,,Dollars,6
GFSA.SLS02G16Z61612,2023.06,250,REVISED,"Local Government, Balance Sheet, Inventories",Government Financial Statistics - GFS,Non-financial assets,Inventories,,,,Dollars,6
GFSA.SLS02G16Z61612,2024.06,254,REVISED,"Local Government, Balance Sheet, Inventories",Government Financial Statistics - GFS,Non-financial assets,Inventories,,,,Dollars,6
GFSA.SLS02G16Z61612,2025.06,263,PROVISIONAL,"Local Government, Balance Sheet, Inventories",Government Financial Statistics - GFS,Non-financial assets,Inventories,,,,Dollars,6
GFSA.SLS03G00Z00700,2009.06,8712,FINAL,"Local Government, Expenses by Function, Total Expenses",Government Financial Statistics - GFS,Total,Total,,,,Dollars,6
GFSA.SLS03G00Z00700,2010.06,9049,REVISED,"Local Government, Expenses by Function, Total Expenses",Government Financial Statistics - GFS,Total,Total,,,,Dollars,6
GFSA.SLS03G00Z00700,2011.06,9150,FINAL,"Local Government, Expenses by Function, Total Expenses",Government Financial Statistics - GFS,Total,Total,,,,Dollars,6
GFSA.SLS03G00Z00700,2012.06,9370,FINAL,"Local Government, Expenses by Function, Total Expenses",Government Financial Statistics - GFS,Total,Total,,,,Dollars,6
GFSA.SLS03G00Z00700,2013.06,10290,FINAL,"Local Government, Expenses by Function, Total Expenses",Government Financial Statistics - GFS,Total,Total,,,,Dollars,6
GFSA.SLS03G00Z00700,2014.06,9870,FINAL,"Local Government, Expenses by Function, Total Expenses",Government Financial Statistics - GFS,Total,Total,,,,Dollars,6
GFSA.SLS03G00Z00700,2015.06,10550,FINAL,"Local Government, Expenses by Function, Total Expenses",Government Financial Statistics - GFS,Total,Total,,,,Dollars,6
GFSA.SLS03G00Z00700,2016.06,10712,FINAL,"Local Government, Expenses by Function, Total Expenses",Government Financial Statistics - GFS,Total,Total,,,,Dollars,6
GFSA.SLS03G00Z00700,2017.06,11345,FINAL,"Local Government, Expenses by Function, Total Expenses",Government Financial Statistics - GFS,Total,Total,,,,Dollars,6
GFSA.SLS03G00Z00700,2018.06,12396,REVISED,"Local Government, Expenses by Function, Total Expenses",Government Financial Statistics - GFS,Total,Total,,,,Dollars,6
GFSA.SLS03G00Z00700,2019.06,13350,REVISED,"Local Government, Expenses by Function, Total Expenses",Government Financial Statistics - GFS,Total,Total,,,,Dollars,6
GFSA.SLS03G00Z00700,2020.06,14561,REVISED,"Local Government, Expenses by Function, Total Expenses",Government Financial Statistics - GFS,Total,Total,,,,Dollars,6
GFSA.SLS03G00Z00700,2021.06,15343,REVISED,"Local Government, Expenses by Function, Total Expenses",Government Financial Statistics - GFS,Total,Total,,,,Dollars,6
GFSA.SLS03G00Z00700,2022.06,16260,REVISED,"Local Government, Expenses by Function, Total Expenses",Government Financial Statistics - GFS,Total,Total,,,,Dollars,6
GFSA.SLS03G00Z00700,2023.06,19843,REVISED,"Local Government, Expenses by Function, Total Expenses",Government Financial Statistics - GFS,Total,Total,,,,Dollars,6
GFSA.SLS03G00Z00700,2024.06,21535,REVISED,"Local Government, Expenses by Function, Total Expenses",Government Financial Statistics - GFS,Total,Total,,,,Dollars,6
GFSA.SLS03G00Z00700,2025.06,23368,PROVISIONAL,"Local Government, Expenses by Function, Total Expenses",Government Financial Statistics - GFS,Total,Total,,,,Dollars,6
GFSA.SLS03G00Z00701,2009.06,1925,FINAL,"Local Government, Expenses by Function, Total Expenses",Government Financial Statistics - GFS,Total,General public services,,,,Dollars,6
GFSA.SLS03G00Z00701,2010.06,2441,REVISED,"Local Government, Expenses by Function, Total Expenses",Government Financial Statistics - GFS,Total,General public services,,,,Dollars,6
GFSA.SLS03G00Z00701,2011.06,2848,FINAL,"Local Government, Expenses by Function, Total Expenses",Government Financial Statistics - GFS,Total,General public services,,,,Dollars,6
GFSA.SLS03G00Z00701,2012.06,2534,FINAL,"Local Government, Expenses by Function, Total Expenses",Government Financial Statistics - GFS,Total,General public services,,,,Dollars,6
GFSA.SLS03G00Z00701,2013.06,3387,FINAL,"Local Government, Expenses by Function, Total Expenses",Government Financial Statistics - GFS,Total,General public services,,,,Dollars,6
GFSA.SLS03G00Z00701,2014.06,2712,FINAL,"Local Government, Expenses by Function, Total Expenses",Government Financial Statistics - GFS,Total,General public services,,,,Dollars,6
GFSA.SLS03G00Z00701,2015.06,2734,FINAL,"Local Government, Expenses by Function, Total Expenses",Government Financial Statistics - GFS,Total,General public services,,,,Dollars,6
GFSA.SLS03G00Z00701,2016.06,2461,FINAL,"Local Government, Expenses by Function, Total Expenses",Government Financial Statistics - GFS,Total,General public services,,,,Dollars,6
GFSA.SLS03G00Z00701,2017.06,3356,FINAL,"Local Government, Expenses by Function, Total Expenses",Government Financial Statistics - GFS,Total,General public services,,,,Dollars,6
GFSA.SLS03G00Z00701,2018.06,3562,FINAL,"Local Government, Expenses by Function, Total Expenses",Government Financial Statistics - GFS,Total,General public services,,,,Dollars,6
GFSA.SLS03G00Z00701,2019.06,3776,FINAL,"Local Government, Expenses by Function, Total Expenses",Government Financial Statistics - GFS,Total,General public services,,,,Dollars,6
GFSA.SLS03G00Z00701,2020.06,3882,FINAL,"Local Government, Expenses by Function, Total Expenses",Government Financial Statistics - GFS,Total,General public services,,,,Dollars,6
GFSA.SLS03G00Z00701,2021.06,3955,FINAL,"Local Government, Expenses by Function, Total Expenses",Government Financial Statistics - GFS,Total,General public services,,,,Dollars,6
GFSA.SLS03G00Z00701,2022.06,4151,REVISED,"Local Government, Expenses by Function, Total Expenses",Government Financial Statistics - GFS,Total,General public services,,,,Dollars,6
GFSA.SLS03G00Z00701,2023.06,4909,REVISED,"Local Government, Expenses by Function, Total Expenses",Government Financial Statistics - GFS,Total,General public services,,,,Dollars,6
GFSA.SLS03G00Z00701,2024.06,5743,REVISED,"Local Government, Expenses by Function, Total Expenses",Government Financial Statistics - GFS,Total,General public services,,,,Dollars,6
GFSA.SLS03G00Z00701,2025.06,6195,PROVISIONAL,"Local Government, Expenses by Function, Total Expenses",Government Financial Statistics - GFS,Total,General public services,,,,Dollars,6
GFSA.SLS03G00Z00702,2009.06,47,FINAL,"Local Government, Expenses by Function, Total Expenses",Government Financial Statistics - GFS,Total,Defence,,,,Dollars,6
GFSA.SLS03G00Z00702,2010.06,44,FINAL,"Local Government, Expenses by Function, Total Expenses",Government Financial Statistics - GFS,Total,Defence,,,,Dollars,6
GFSA.SLS03G00Z00702,2011.06,79,FINAL,"Local Government, Expenses by Function, Total Expenses",Government Financial Statistics - GFS,Total,Defence,,,,Dollars,6
GFSA.SLS03G00Z00702,2012.06,40,FINAL,"Local Government, Expenses by Function, Total Expenses",Government Financial Statistics - GFS,Total,Defence,,,,Dollars,6
GFSA.SLS03G00Z00702,2013.06,39,FINAL,"Local Government, Expenses by Function, Total Expenses",Government Financial Statistics - GFS,Total,Defence,,,,Dollars,6
GFSA.SLS03G00Z00702,2014.06,37,FINAL,"Local Government, Expenses by Function, Total Expenses",Government Financial Statistics - GFS,Total,Defence,,,,Dollars,6
GFSA.SLS03G00Z00702,2015.06,39,FINAL,"Local Government, Expenses by Function, Total Expenses",Government Financial Statistics - GFS,Total,Defence,,,,Dollars,6
GFSA.SLS03G00Z00702,2016.06,41,FINAL,"Local Government, Expenses by Function, Total Expenses",Government Financial Statistics - GFS,Total,Defence,,,,Dollars,6
GFSA.SLS03G00Z00702,2017.06,56,FINAL,"Local Government, Expenses by Function, Total Expenses",Government Financial Statistics - GFS,Total,Defence,,,,Dollars,6
GFSA.SLS03G00Z00702,2018.06,34,FINAL,"Local Government, Expenses by Function, Total Expenses",Government Financial Statistics - GFS,Total,Defence,,,,Dollars,6
GFSA.SLS03G00Z00702,2019.06,37,FINAL,"Local Government, Expenses by Function, Total Expenses",Government Financial Statistics - GFS,Total,Defence,,,,Dollars,6
GFSA.SLS03G00Z00702,2020.06,70,FINAL,"Local Government, Expenses by Function, Total Expenses",Government Financial Statistics - GFS,Total,Defence,,,,Dollars,6
GFSA.SLS03G00Z00702,2021.06,41,FINAL,"Local Government, Expenses by Function, Total Expenses",Government Financial Statistics - GFS,Total,Defence,,,,Dollars,6
GFSA.SLS03G00Z00702,2022.06,55,FINAL,"Local Government, Expenses by Function, Total Expenses",Government Financial Statistics - GFS,Total,Defence,,,,Dollars,6
GFSA.SLS03G00Z00702,2023.06,95,REVISED,"Local Government, Expenses by Function, Total Expenses",Government Financial Statistics - GFS,Total,Defence,,,,Dollars,6
GFSA.SLS03G00Z00702,2024.06,109,REVISED,"Local Government, Expenses by Function, Total Expenses",Government Financial Statistics - GFS,Total,Defence,,,,Dollars,6
GFSA.SLS03G00Z00702,2025.06,116,PROVISIONAL,"Local Government, Expenses by Function, Total Expenses",Government Financial Statistics - GFS,Total,Defence,,,,Dollars,6
GFSA.SLS03G00Z00703,2009.06,8,FINAL,"Local Government, Expenses by Function, Total Expenses",Government Financial Statistics - GFS,Total,Public order and safety,,,,Dollars,6
GFSA.SLS03G00Z00703,2010.06,6,FINAL,"Local Government, Expenses by Function, Total Expenses",Government Financial Statistics - GFS,Total,Public order and safety,,,,Dollars,6
GFSA.SLS03G00Z00703,2011.06,9,FINAL,"Local Government, Expenses by Function, Total Expenses",Government Financial Statistics - GFS,Total,Public order and safety,,,,Dollars,6
GFSA.SLS03G00Z00703,2012.06,11,FINAL,"Local Government, Expenses by Function, Total Expenses",Government Financial Statistics - GFS,Total,Public order and safety,,,,Dollars,6
GFSA.SLS03G00Z00703,2013.06,9,FINAL,"Local Government, Expenses by Function, Total Expenses",Government Financial Statistics - GFS,Total,Public order and safety,,,,Dollars,6
GFSA.SLS03G00Z00703,2014.06,13,FINAL,"Local Government, Expenses by Function, Total Expenses",Government Financial Statistics - GFS,Total,Public order and safety,,,,Dollars,6
GFSA.SLS03G00Z00703,2015.06,12,FINAL,"Local Government, Expenses by Function, Total Expenses",Government Financial Statistics - GFS,Total,Public order and safety,,,,Dollars,6
GFSA.SLS03G00Z00703,2016.06,10,FINAL,"Local Government, Expenses by Function, Total Expenses",Government Financial Statistics - GFS,Total,Public order and safety,,,,Dollars,6
GFSA.SLS03G00Z00703,2017.06,11,FINAL,"Local Government, Expenses by Function, Total Expenses",Government Financial Statistics - GFS,Total,Public order and safety,,,,Dollars,6
GFSA.SLS03G00Z00703,2018.06,9,FINAL,"Local Government, Expenses by Function, Total Expenses",Government Financial Statistics - GFS,Total,Public order and safety,,,,Dollars,6
GFSA.SLS03G00Z00703,2019.06,10,FINAL,"Local Government, Expenses by Function, Total Expenses",Government Financial Statistics - GFS,Total,Public order and safety,,,,Dollars,6
GFSA.SLS03G00Z00703,2020.06,25,FINAL,"Local Government, Expenses by Function, Total Expenses",Government Financial Statistics - GFS,Total,Public order and safety,,,,Dollars,6
GFSA.SLS03G00Z00703,2021.06,58,FINAL,"Local Government, Expenses by Function, Total Expenses",Government Financial Statistics - GFS,Total,Public order and safety,,,,Dollars,6
GFSA.SLS03G00Z00703,2022.06,39,FINAL,"Local Government, Expenses by Function, Total Expenses",Government Financial Statistics - GFS,Total,Public order and safety,,,,Dollars,6
GFSA.SLS03G00Z00703,2023.06,26,FINAL,"Local Government, Expenses by Function, Total Expenses",Government Financial Statistics - GFS,Total,Public order and safety,,,,Dollars,6
GFSA.SLS03G00Z00703,2024.06,39,REVISED,"Local Government, Expenses by Function, Total Expenses",Government Financial Statistics - GFS,Total,Public order and safety,,,,Dollars,6
GFSA.SLS03G00Z00703,2025.06,42,PROVISIONAL,"Local Government, Expenses by Function, Total Expenses",Government Financial Statistics - GFS,Total,Public order and safety,,,,Dollars,6
GFSA.SLS03G00Z00704,2009.06,2804,FINAL,"Local Government, Expenses by Function, Total Expenses",Government Financial Statistics - GFS,Total,Economic affairs,,,,Dollars,6
GFSA.SLS03G00Z00704,2010.06,2723,FINAL,"Local Government, Expenses by Function, Total Expenses",Government Financial Statistics - GFS,Total,Economic affairs,,,,Dollars,6
GFSA.SLS03G00Z00704,2011.06,2518,FINAL,"Local Government, Expenses by Function, Total Expenses",Government Financial Statistics - GFS,Total,Economic affairs,,,,Dollars,6
GFSA.SLS03G00Z00704,2012.06,2874,FINAL,"Local Government, Expenses by Function, Total Expenses",Government Financial Statistics - GFS,Total,Economic affairs,,,,Dollars,6
GFSA.SLS03G00Z00704,2013.06,2680,FINAL,"Local Government, Expenses by Function, Total Expenses",Government Financial Statistics - GFS,Total,Economic affairs,,,,Dollars,6
GFSA.SLS03G00Z00704,2014.06,2874,FINAL,"Local Government, Expenses by Function, Total Expenses",Government Financial Statistics - GFS,Total,Economic affairs,,,,Dollars,6
GFSA.SLS03G00Z00704,2015.06,3064,FINAL,"Local Government, Expenses by Function, Total Expenses",Government Financial Statistics - GFS,Total,Economic affairs,,,,Dollars,6
GFSA.SLS03G00Z00704,2016.06,3207,FINAL,"Local Government, Expenses by Function, Total Expenses",Government Financial Statistics - GFS,Total,Economic affairs,,,,Dollars,6
GFSA.SLS03G00Z00704,2017.06,3199,FINAL,"Local Government, Expenses by Function, Total Expenses",Government Financial Statistics - GFS,Total,Economic affairs,,,,Dollars,6
GFSA.SLS03G00Z00704,2018.06,3611,REVISED,"Local Government, Expenses by Function, Total Expenses",Government Financial Statistics - GFS,Total,Economic affairs,,,,Dollars,6
GFSA.SLS03G00Z00704,2019.06,4079,REVISED,"Local Government, Expenses by Function, Total Expenses",Government Financial Statistics - GFS,Total,Economic affairs,,,,Dollars,6
GFSA.SLS03G00Z00704,2020.06,4518,REVISED,"Local Government, Expenses by Function, Total Expenses",Government Financial Statistics - GFS,Total,Economic affairs,,,,Dollars,6
GFSA.SLS03G00Z00704,2021.06,5009,REVISED,"Local Government, Expenses by Function, Total Expenses",Government Financial Statistics - GFS,Total,Economic affairs,,,,Dollars,6
GFSA.SLS03G00Z00704,2022.06,4946,REVISED,"Local Government, Expenses by Function, Total Expenses",Government Financial Statistics - GFS,Total,Economic affairs,,,,Dollars,6
GFSA.SLS03G00Z00704,2023.06,6195,REVISED,"Local Government, Expenses by Function, Total Expenses",Government Financial Statistics - GFS,Total,Economic affairs,,,,Dollars,6
GFSA.SLS03G00Z00704,2024.06,6518,REVISED,"Local Government, Expenses by Function, Total Expenses",Government Financial Statistics - GFS,Total,Economic affairs,,,,Dollars,6
GFSA.SLS03G00Z00704,2025.06,7114,PROVISIONAL,"Local Government, Expenses by Function, Total Expenses",Government Financial Statistics - GFS,Total,Economic affairs,,,,Dollars,6
GFSA.SLS03G00Z00705,2009.06,1572,FINAL,"Local Government, Expenses by Function, Total Expenses",Government Financial Statistics - GFS,Total,Environmental protection,,,,Dollars,6
GFSA.SLS03G00Z00705,2010.06,1427,FINAL,"Local Government, Expenses by Function, Total Expenses",Government Financial Statistics - GFS,Total,Environmental protection,,,,Dollars,6
GFSA.SLS03G00Z00705,2011.06,1346,FINAL,"Local Government, Expenses by Function, Total Expenses",Government Financial Statistics - GFS,Total,Environmental protection,,,,Dollars,6
GFSA.SLS03G00Z00705,2012.06,1559,FINAL,"Local Government, Expenses by Function, Total Expenses",Government Financial Statistics - GFS,Total,Environmental protection,,,,Dollars,6
GFSA.SLS03G00Z00705,2013.06,1812,FINAL,"Local Government, Expenses by Function, Total Expenses",Government Financial Statistics - GFS,Total,Environmental protection,,,,Dollars,6
GFSA.SLS03G00Z00705,2014.06,1774,FINAL,"Local Government, Expenses by Function, Total Expenses",Government Financial Statistics - GFS,Total,Environmental protection,,,,Dollars,6
GFSA.SLS03G00Z00705,2015.06,1858,FINAL,"Local Government, Expenses by Function, Total Expenses",Government Financial Statistics - GFS,Total,Environmental protection,,,,Dollars,6
GFSA.SLS03G00Z00705,2016.06,1813,FINAL,"Local Government, Expenses by Function, Total Expenses",Government Financial Statistics - GFS,Total,Environmental protection,,,,Dollars,6
GFSA.SLS03G00Z00705,2017.06,1789,FINAL,"Local Government, Expenses by Function, Total Expenses",Government Financial Statistics - GFS,Total,Environmental protection,,,,Dollars,6
GFSA.SLS03G00Z00705,2018.06,1853,FINAL,"Local Government, Expenses by Function, Total Expenses",Government Financial Statistics - GFS,Total,Environmental protection,,,,Dollars,6
GFSA.SLS03G00Z00705,2019.06,2000,FINAL,"Local Government, Expenses by Function, Total Expenses",Government Financial Statistics - GFS,Total,Environmental protection,,,,Dollars,6
GFSA.SLS03G00Z00705,2020.06,2226,FINAL,"Local Government, Expenses by Function, Total Expenses",Government Financial Statistics - GFS,Total,Environmental protection,,,,Dollars,6
GFSA.SLS03G00Z00705,2021.06,2437,FINAL,"Local Government, Expenses by Function, Total Expenses",Government Financial Statistics - GFS,Total,Environmental protection,,,,Dollars,6
GFSA.SLS03G00Z00705,2022.06,2778,REVISED,"Local Government, Expenses by Function, Total Expenses",Government Financial Statistics - GFS,Total,Environmental protection,,,,Dollars,6
GFSA.SLS03G00Z00705,2023.06,3098,REVISED,"Local Government, Expenses by Function, Total Expenses",Government Financial Statistics - GFS,Total,Environmental protection,,,,Dollars,6
GFSA.SLS03G00Z00705,2024.06,3501,REVISED,"Local Government, Expenses by Function, Total Expenses",Government Financial Statistics - GFS,Total,Environmental protection,,,,Dollars,6
GFSA.SLS03G00Z00705,2025.06,3802,PROVISIONAL,"Local Government, Expenses by Function, Total Expenses",Government Financial Statistics - GFS,Total,Environmental protection,,,,Dollars,6
GFSA.SLS03G00Z00706,2009.06,1068,FINAL,"Local Government, Expenses by Function, Total Expenses",Government Financial Statistics - GFS,Total,Housing and community amenities,,,,Dollars,6
GFSA.SLS03G00Z00706,2010.06,1165,FINAL,"Local Government, Expenses by Function, Total Expenses",Government Financial Statistics - GFS,Total,Housing and community amenities,,,,Dollars,6
GFSA.SLS03G00Z00706,2011.06,1017,FINAL,"Local Government, Expenses by Function, Total Expenses",Government Financial Statistics - GFS,Total,Housing and community amenities,,,,Dollars,6
GFSA.SLS03G00Z00706,2012.06,1113,FINAL,"Local Government, Expenses by Function, Total Expenses",Government Financial Statistics - GFS,Total,Housing and community amenities,,,,Dollars,6
GFSA.SLS03G00Z00706,2013.06,1116,FINAL,"Local Government, Expenses by Function, Total Expenses",Government Financial Statistics - GFS,Total,Housing and community amenities,,,,Dollars,6
GFSA.SLS03G00Z00706,2014.06,1089,FINAL,"Local Government, Expenses by Function, Total Expenses",Government Financial Statistics - GFS,Total,Housing and community amenities,,,,Dollars,6
GFSA.SLS03G00Z00706,2015.06,1292,FINAL,"Local Government, Expenses by Function, Total Expenses",Government Financial Statistics - GFS,Total,Housing and community amenities,,,,Dollars,6
GFSA.SLS03G00Z00706,2016.06,1729,FINAL,"Local Government, Expenses by Function, Total Expenses",Government Financial Statistics - GFS,Total,Housing and community amenities,,,,Dollars,6
GFSA.SLS03G00Z00706,2017.06,1390,FINAL,"Local Government, Expenses by Function, Total Expenses",Government Financial Statistics - GFS,Total,Housing and community amenities,,,,Dollars,6
GFSA.SLS03G00Z00706,2018.06,1473,FINAL,"Local Government, Expenses by Function, Total Expenses",Government Financial Statistics - GFS,Total,Housing and community amenities,,,,Dollars,6
GFSA.SLS03G00Z00706,2019.06,1632,FINAL,"Local Government, Expenses by Function, Total Expenses",Government Financial Statistics - GFS,Total,Housing and community amenities,,,,Dollars,6
GFSA.SLS03G00Z00706,2020.06,1825,FINAL,"Local Government, Expenses by Function, Total Expenses",Government Financial Statistics - GFS,Total,Housing and community amenities,,,,Dollars,6
GFSA.SLS03G00Z00706,2021.06,1898,FINAL,"Local Government, Expenses by Function, Total Expenses",Government Financial Statistics - GFS,Total,Housing and community amenities,,,,Dollars,6
GFSA.SLS03G00Z00706,2022.06,2251,REVISED,"Local Government, Expenses by Function, Total Expenses",Government Financial Statistics - GFS,Total,Housing and community amenities,,,,Dollars,6
GFSA.SLS03G00Z00706,2023.06,2749,REVISED,"Local Government, Expenses by Function, Total Expenses",Government Financial Statistics - GFS,Total,Housing and community amenities,,,,Dollars,6
GFSA.SLS03G00Z00706,2024.06,2764,REVISED,"Local Government, Expenses by Function, Total Expenses",Government Financial Statistics - GFS,Total,Housing and community amenities,,,,Dollars,6
GFSA.SLS03G00Z00706,2025.06,2980,PROVISIONAL,"Local Government, Expenses by Function, Total Expenses",Government Financial Statistics - GFS,Total,Housing and community amenities,,,,Dollars,6
GFSA.SLS03G00Z00707,2009.06,0,FINAL,"Local Government, Expenses by Function, Total Expenses",Government Financial Statistics - GFS,Total,Health,,,,Dollars,6
GFSA.SLS03G00Z00707,2010.06,0,FINAL,"Local Government, Expenses by Function, Total Expenses",Government Financial Statistics - GFS,Total,Health,,,,Dollars,6
GFSA.SLS03G00Z00707,2011.06,0,FINAL,"Local Government, Expenses by Function, Total Expenses",Government Financial Statistics - GFS,Total,Health,,,,Dollars,6
GFSA.SLS03G00Z00707,2012.06,0,FINAL,"Local Government, Expenses by Function, Total Expenses",Government Financial Statistics - GFS,Total,Health,,,,Dollars,6
GFSA.SLS03G00Z00707,2013.06,0,FINAL,"Local Government, Expenses by Function, Total Expenses",Government Financial Statistics - GFS,Total,Health,,,,Dollars,6
GFSA.SLS03G00Z00707,2014.06,0,FINAL,"Local Government, Expenses by Function, Total Expenses",Government Financial Statistics - GFS,Total,Health,,,,Dollars,6
GFSA.SLS03G00Z00707,2015.06,0,FINAL,"Local Government, Expenses by Function, Total Expenses",Government Financial Statistics - GFS,Total,Health,,,,Dollars,6
GFSA.SLS03G00Z00707,2016.06,0,FINAL,"Local Government, Expenses by Function, Total Expenses",Government Financial Statistics - GFS,Total,Health,,,,Dollars,6
GFSA.SLS03G00Z00707,2017.06,0,FINAL,"Local Government, Expenses by Function, Total Expenses",Government Financial Statistics - GFS,Total,Health,,,,Dollars,6
GFSA.SLS03G00Z00707,2018.06,0,FINAL,"Local Government, Expenses by Function, Total Expenses",Government Financial Statistics - GFS,Total,Health,,,,Dollars,6
GFSA.SLS03G00Z00707,2019.06,0,FINAL,"Local Government, Expenses by Function, Total Expenses",Government Financial Statistics - GFS,Total,Health,,,,Dollars,6
GFSA.SLS03G00Z00707,2020.06,0,FINAL,"Local Government, Expenses by Function, Total Expenses",Government Financial Statistics - GFS,Total,Health,,,,Dollars,6
GFSA.SLS03G00Z00707,2021.06,0,FINAL,"Local Government, Expenses by Function, Total Expenses",Government Financial Statistics - GFS,Total,Health,,,,Dollars,6
GFSA.SLS03G00Z00707,2022.06,0,FINAL,"Local Government, Expenses by Function, Total Expenses",Government Financial Statistics - GFS,Total,Health,,,,Dollars,6
GFSA.SLS03G00Z00707,2023.06,0,FINAL,"Local Government, Expenses by Function, Total Expenses",Government Financial Statistics - GFS,Total,Health,,,,Dollars,6
GFSA.SLS03G00Z00707,2024.06,0,FINAL,"Local Government, Expenses by Function, Total Expenses",Government Financial Statistics - GFS,Total,Health,,,,Dollars,6
GFSA.SLS03G00Z00707,2025.06,0,PROVISIONAL,"Local Government, Expenses by Function, Total Expenses",Government Financial Statistics - GFS,Total,Health,,,,Dollars,6
GFSA.SLS03G00Z00708,2009.06,1287,FINAL,"Local Government, Expenses by Function, Total Expenses",Government Financial Statistics - GFS,Total,"Recreation, culture, and religion",,,,Dollars,6
GFSA.SLS03G00Z00708,2010.06,1243,FINAL,"Local Government, Expenses by Function, Total Expenses",Government Financial Statistics - GFS,Total,"Recreation, culture, and religion",,,,Dollars,6
GFSA.SLS03G00Z00708,2011.06,1334,FINAL,"Local Government, Expenses by Function, Total Expenses",Government Financial Statistics - GFS,Total,"Recreation, culture, and religion",,,,Dollars,6
GFSA.SLS03G00Z00708,2012.06,1240,FINAL,"Local Government, Expenses by Function, Total Expenses",Government Financial Statistics - GFS,Total,"Recreation, culture, and religion",,,,Dollars,6
GFSA.SLS03G00Z00708,2013.06,1246,FINAL,"Local Government, Expenses by Function, Total Expenses",Government Financial Statistics - GFS,Total,"Recreation, culture, and religion",,,,Dollars,6
GFSA.SLS03G00Z00708,2014.06,1370,FINAL,"Local Government, Expenses by Function, Total Expenses",Government Financial Statistics - GFS,Total,"Recreation, culture, and religion",,,,Dollars,6
GFSA.SLS03G00Z00708,2015.06,1551,FINAL,"Local Government, Expenses by Function, Total Expenses",Government Financial Statistics - GFS,Total,"Recreation, culture, and religion",,,,Dollars,6
GFSA.SLS03G00Z00708,2016.06,1450,FINAL,"Local Government, Expenses by Function, Total Expenses",Government Financial Statistics - GFS,Total,"Recreation, culture, and religion",,,,Dollars,6
GFSA.SLS03G00Z00708,2017.06,1544,FINAL,"Local Government, Expenses by Function, Total Expenses",Government Financial Statistics - GFS,Total,"Recreation, culture, and religion",,,,Dollars,6
GFSA.SLS03G00Z00708,2018.06,1853,FINAL,"Local Government, Expenses by Function, Total Expenses",Government Financial Statistics - GFS,Total,"Recreation, culture, and religion",,,,Dollars,6
GFSA.SLS03G00Z00708,2019.06,1813,FINAL,"Local Government, Expenses by Function, Total Expenses",Government Financial Statistics - GFS,Total,"Recreation, culture, and religion",,,,Dollars,6
GFSA.SLS03G00Z00708,2020.06,2011,FINAL,"Local Government, Expenses by Function, Total Expenses",Government Financial Statistics - GFS,Total,"Recreation, culture, and religion",,,,Dollars,6
GFSA.SLS03G00Z00708,2021.06,1945,FINAL,"Local Government, Expenses by Function, Total Expenses",Government Financial Statistics - GFS,Total,"Recreation, culture, and religion",,,,Dollars,6
GFSA.SLS03G00Z00708,2022.06,2039,FINAL,"Local Government, Expenses by Function, Total Expenses",Government Financial Statistics - GFS,Total,"Recreation, culture, and religion",,,,Dollars,6
GFSA.SLS03G00Z00708,2023.06,2771,REVISED,"Local Government, Expenses by Function, Total Expenses",Government Financial Statistics - GFS,Total,"Recreation, culture, and religion",,,,Dollars,6
GFSA.SLS03G00Z00708,2024.06,2860,REVISED,"Local Government, Expenses by Function, Total Expenses",Government Financial Statistics - GFS,Total,"Recreation, culture, and religion",,,,Dollars,6
GFSA.SLS03G00Z00708,2025.06,3118,PROVISIONAL,"Local Government, Expenses by Function, Total Expenses",Government Financial Statistics - GFS,Total,"Recreation, culture, and religion",,,,Dollars,6
GFSA.SLS03G00Z00709,2009.06,0,FINAL,"Local Government, Expenses by Function, Total Expenses",Government Financial Statistics - GFS,Total,Education,,,,Dollars,6
GFSA.SLS03G00Z00709,2010.06,0,FINAL,"Local Government, Expenses by Function, Total Expenses",Government Financial Statistics - GFS,Total,Education,,,,Dollars,6
GFSA.SLS03G00Z00709,2011.06,0,FINAL,"Local Government, Expenses by Function, Total Expenses",Government Financial Statistics - GFS,Total,Education,,,,Dollars,6
GFSA.SLS03G00Z00709,2012.06,0,FINAL,"Local Government, Expenses by Function, Total Expenses",Government Financial Statistics - GFS,Total,Education,,,,Dollars,6
GFSA.SLS03G00Z00709,2013.06,0,FINAL,"Local Government, Expenses by Function, Total Expenses",Government Financial Statistics - GFS,Total,Education,,,,Dollars,6
GFSA.SLS03G00Z00709,2014.06,0,FINAL,"Local Government, Expenses by Function, Total Expenses",Government Financial Statistics - GFS,Total,Education,,,,Dollars,6
GFSA.SLS03G00Z00709,2015.06,0,FINAL,"Local Government, Expenses by Function, Total Expenses",Government Financial Statistics - GFS,Total,Education,,,,Dollars,6
GFSA.SLS03G00Z00709,2016.06,0,FINAL,"Local Government, Expenses by Function, Total Expenses",Government Financial Statistics - GFS,Total,Education,,,,Dollars,6
GFSA.SLS03G00Z00709,2017.06,0,FINAL,"Local Government, Expenses by Function, Total Expenses",Government Financial Statistics - GFS,Total,Education,,,,Dollars,6
GFSA.SLS03G00Z00709,2018.06,0,FINAL,"Local Government, Expenses by Function, Total Expenses",Government Financial Statistics - GFS,Total,Education,,,,Dollars,6
GFSA.SLS03G00Z00709,2019.06,0,FINAL,"Local Government, Expenses by Function, Total Expenses",Government Financial Statistics - GFS,Total,Education,,,,Dollars,6
GFSA.SLS03G00Z00709,2020.06,0,FINAL,"Local Government, Expenses by Function, Total Expenses",Government Financial Statistics - GFS,Total,Education,,,,Dollars,6
GFSA.SLS03G00Z00709,2021.06,0,FINAL,"Local Government, Expenses by Function, Total Expenses",Government Financial Statistics - GFS,Total,Education,,,,Dollars,6
GFSA.SLS03G00Z00709,2022.06,0,FINAL,"Local Government, Expenses by Function, Total Expenses",Government Financial Statistics - GFS,Total,Education,,,,Dollars,6
GFSA.SLS03G00Z00709,2023.06,0,FINAL,"Local Government, Expenses by Function, Total Expenses",Government Financial Statistics - GFS,Total,Education,,,,Dollars,6
GFSA.SLS03G00Z00709,2024.06,0,FINAL,"Local Government, Expenses by Function, Total Expenses",Government Financial Statistics - GFS,Total,Education,,,,Dollars,6
GFSA.SLS03G00Z00709,2025.06,0,PROVISIONAL,"Local Government, Expenses by Function, Total Expenses",Government Financial Statistics - GFS,Total,Education,,,,Dollars,6
GFSA.SLS03G00Z00710,2009.06,0,FINAL,"Local Government, Expenses by Function, Total Expenses",Government Financial Statistics - GFS,Total,Social protection,,,,Dollars,6
GFSA.SLS03G00Z00710,2010.06,0,FINAL,"Local Government, Expenses by Function, Total Expenses",Government Financial Statistics - GFS,Total,Social protection,,,,Dollars,6
GFSA.SLS03G00Z00710,2011.06,0,FINAL,"Local Government, Expenses by Function, Total Expenses",Government Financial Statistics - GFS,Total,Social protection,,,,Dollars,6
GFSA.SLS03G00Z00710,2012.06,0,FINAL,"Local Government, Expenses by Function, Total Expenses",Government Financial Statistics - GFS,Total,Social protection,,,,Dollars,6
GFSA.SLS03G00Z00710,2013.06,0,FINAL,"Local Government, Expenses by Function, Total Expenses",Government Financial Statistics - GFS,Total,Social protection,,,,Dollars,6
GFSA.SLS03G00Z00710,2014.06,0,FINAL,"Local Government, Expenses by Function, Total Expenses",Government Financial Statistics - GFS,Total,Social protection,,,,Dollars,6
GFSA.SLS03G00Z00710,2015.06,0,FINAL,"Local Government, Expenses by Function, Total Expenses",Government Financial Statistics - GFS,Total,Social protection,,,,Dollars,6
GFSA.SLS03G00Z00710,2016.06,0,FINAL,"Local Government, Expenses by Function, Total Expenses",Government Financial Statistics - GFS,Total,Social protection,,,,Dollars,6
GFSA.SLS03G00Z00710,2017.06,0,FINAL,"Local Government, Expenses by Function, Total Expenses",Government Financial Statistics - GFS,Total,Social protection,,,,Dollars,6
GFSA.SLS03G00Z00710,2018.06,0,FINAL,"Local Government, Expenses by Function, Total Expenses",Government Financial Statistics - GFS,Total,Social protection,,,,Dollars,6
GFSA.SLS03G00Z00710,2019.06,0,FINAL,"Local Government, Expenses by Function, Total Expenses",Government Financial Statistics - GFS,Total,Social protection,,,,Dollars,6
GFSA.SLS03G00Z00710,2020.06,0,FINAL,"Local Government, Expenses by Function, Total Expenses",Government Financial Statistics - GFS,Total,Social protection,,,,Dollars,6
GFSA.SLS03G00Z00710,2021.06,0,FINAL,"Local Government, Expenses by Function, Total Expenses",Government Financial Statistics - GFS,Total,Social protection,,,,Dollars,6
GFSA.SLS03G00Z00710,2022.06,0,FINAL,"Local Government, Expenses by Function, Total Expenses",Government Financial Statistics - GFS,Total,Social protection,,,,Dollars,6
GFSA.SLS03G00Z00710,2023.06,0,FINAL,"Local Government, Expenses by Function, Total Expenses",Government Financial Statistics - GFS,Total,Social protection,,,,Dollars,6
GFSA.SLS03G00Z00710,2024.06,0,FINAL,"Local Government, Expenses by Function, Total Expenses",Government Financial Statistics - GFS,Total,Social protection,,,,Dollars,6
GFSA.SLS03G00Z00710,2025.06,0,PROVISIONAL,"Local Government, Expenses by Function, Total Expenses",Government Financial Statistics - GFS,Total,Social protection,,,,Dollars,6
GFSA.SLS03G03700,2009.06,6904,FINAL,"Local Government, Expenses by Function, Operating Expenses",Government Financial Statistics - GFS,Total,,,,,Dollars,6
GFSA.SLS03G03700,2010.06,7215,FINAL,"Local Government, Expenses by Function, Operating Expenses",Government Financial Statistics - GFS,Total,,,,,Dollars,6
GFSA.SLS03G03700,2011.06,7951,FINAL,"Local Government, Expenses by Function, Operating Expenses",Government Financial Statistics - GFS,Total,,,,,Dollars,6
GFSA.SLS03G03700,2012.06,8314,FINAL,"Local Government, Expenses by Function, Operating Expenses",Government Financial Statistics - GFS,Total,,,,,Dollars,6
GFSA.SLS03G03700,2013.06,8061,FINAL,"Local Government, Expenses by Function, Operating Expenses",Government Financial Statistics - GFS,Total,,,,,Dollars,6
GFSA.SLS03G03700,2014.06,8213,FINAL,"Local Government, Expenses by Function, Operating Expenses",Government Financial Statistics - GFS,Total,,,,,Dollars,6
GFSA.SLS03G03700,2015.06,8739,FINAL,"Local Government, Expenses by Function, Operating Expenses",Government Financial Statistics - GFS,Total,,,,,Dollars,6
GFSA.SLS03G03700,2016.06,9156,FINAL,"Local Government, Expenses by Function, Operating Expenses",Government Financial Statistics - GFS,Total,,,,,Dollars,6
GFSA.SLS03G03700,2017.06,9717,FINAL,"Local Government, Expenses by Function, Operating Expenses",Government Financial Statistics - GFS,Total,,,,,Dollars,6
GFSA.SLS03G03700,2018.06,10129,FINAL,"Local Government, Expenses by Function, Operating Expenses",Government Financial Statistics - GFS,Total,,,,,Dollars,6
GFSA.SLS03G03700,2019.06,10790,FINAL,"Local Government, Expenses by Function, Operating Expenses",Government Financial Statistics - GFS,Total,,,,,Dollars,6
GFSA.SLS03G03700,2020.06,11616,FINAL,"Local Government, Expenses by Function, Operating Expenses",Government Financial Statistics - GFS,Total,,,,,Dollars,6
GFSA.SLS03G03700,2021.06,11947,FINAL,"Local Government, Expenses by Function, Operating Expenses",Government Financial Statistics - GFS,Total,,,,,Dollars,6
GFSA.SLS03G03700,2022.06,12765,FINAL,"Local Government, Expenses by Function, Operating Expenses",Government Financial Statistics - GFS,Total,,,,,Dollars,6
GFSA.SLS03G03700,2023.06,15127,REVISED,"Local Government, Expenses by Function, Operating Expenses",Government Financial Statistics - GFS,Total,,,,,Dollars,6
GFSA.SLS03G03700,2024.06,16620,REVISED,"Local Government, Expenses by Function, Operating Expenses",Government Financial Statistics - GFS,Total,,,,,Dollars,6
GFSA.SLS03G03700,2025.06,17738,PROVISIONAL,"Local Government, Expenses by Function, Operating Expenses",Government Financial Statistics - GFS,Total,,,,,Dollars,6
GFSA.SLS03G03701,2009.06,1651,FINAL,"Local Government, Expenses by Function, Operating Expenses",Government Financial Statistics - GFS,General public services,,,,,Dollars,6
GFSA.SLS03G03701,2010.06,2014,FINAL,"Local Government, Expenses by Function, Operating Expenses",Government Financial Statistics - GFS,General public services,,,,,Dollars,6
GFSA.SLS03G03701,2011.06,2318,FINAL,"Local Government, Expenses by Function, Operating Expenses",Government Financial Statistics - GFS,General public services,,,,,Dollars,6
GFSA.SLS03G03701,2012.06,2302,FINAL,"Local Government, Expenses by Function, Operating Expenses",Government Financial Statistics - GFS,General public services,,,,,Dollars,6
GFSA.SLS03G03701,2013.06,2255,FINAL,"Local Government, Expenses by Function, Operating Expenses",Government Financial Statistics - GFS,General public services,,,,,Dollars,6
GFSA.SLS03G03701,2014.06,2324,FINAL,"Local Government, Expenses by Function, Operating Expenses",Government Financial Statistics - GFS,General public services,,,,,Dollars,6
GFSA.SLS03G03701,2015.06,2522,FINAL,"Local Government, Expenses by Function, Operating Expenses",Government Financial Statistics - GFS,General public services,,,,,Dollars,6
GFSA.SLS03G03701,2016.06,2643,FINAL,"Local Government, Expenses by Function, Operating Expenses",Government Financial Statistics - GFS,General public services,,,,,Dollars,6
GFSA.SLS03G03701,2017.06,2964,FINAL,"Local Government, Expenses by Function, Operating Expenses",Government Financial Statistics - GFS,General public services,,,,,Dollars,6
GFSA.SLS03G03701,2018.06,3092,FINAL,"Local Government, Expenses by Function, Operating Expenses",Government Financial Statistics - GFS,General public services,,,,,Dollars,6
GFSA.SLS03G03701,2019.06,3120,FINAL,"Local Government, Expenses by Function, Operating Expenses",Government Financial Statistics - GFS,General public services,,,,,Dollars,6
GFSA.SLS03G03701,2020.06,3465,FINAL,"Local Government, Expenses by Function, Operating Expenses",Government Financial Statistics - GFS,General public services,,,,,Dollars,6
GFSA.SLS03G03701,2021.06,3417,FINAL,"Local Government, Expenses by Function, Operating Expenses",Government Financial Statistics - GFS,General public services,,,,,Dollars,6
GFSA.SLS03G03701,2022.06,3610,FINAL,"Local Government, Expenses by Function, Operating Expenses",Government Financial Statistics - GFS,General public services,,,,,Dollars,6
GFSA.SLS03G03701,2023.06,4236,REVISED,"Local Government, Expenses by Function, Operating Expenses",Government Financial Statistics - GFS,General public services,,,,,Dollars,6
GFSA.SLS03G03701,2024.06,5006,REVISED,"Local Government, Expenses by Function, Operating Expenses",Government Financial Statistics - GFS,General public services,,,,,Dollars,6
GFSA.SLS03G03701,2025.06,5342,PROVISIONAL,"Local Government, Expenses by Function, Operating Expenses",Government Financial Statistics - GFS,General public services,,,,,Dollars,6
GFSA.SLS03G03702,2009.06,47,FINAL,"Local Government, Expenses by Function, Operating Expenses",Government Financial Statistics - GFS,Defence,,,,,Dollars,6
GFSA.SLS03G03702,2010.06,43,FINAL,"Local Government, Expenses by Function, Operating Expenses",Government Financial Statistics - GFS,Defence,,,,,Dollars,6
GFSA.SLS03G03702,2011.06,79,FINAL,"Local Government, Expenses by Function, Operating Expenses",Government Financial Statistics - GFS,Defence,,,,,Dollars,6
GFSA.SLS03G03702,2012.06,39,FINAL,"Local Government, Expenses by Function, Operating Expenses",Government Financial Statistics - GFS,Defence,,,,,Dollars,6
GFSA.SLS03G03702,2013.06,39,FINAL,"Local Government, Expenses by Function, Operating Expenses",Government Financial Statistics - GFS,Defence,,,,,Dollars,6
GFSA.SLS03G03702,2014.06,39,FINAL,"Local Government, Expenses by Function, Operating Expenses",Government Financial Statistics - GFS,Defence,,,,,Dollars,6
GFSA.SLS03G03702,2015.06,40,FINAL,"Local Government, Expenses by Function, Operating Expenses",Government Financial Statistics - GFS,Defence,,,,,Dollars,6
GFSA.SLS03G03702,2016.06,42,FINAL,"Local Government, Expenses by Function, Operating Expenses",Government Financial Statistics - GFS,Defence,,,,,Dollars,6
GFSA.SLS03G03702,2017.06,59,FINAL,"Local Government, Expenses by Function, Operating Expenses",Government Financial Statistics - GFS,Defence,,,,,Dollars,6
GFSA.SLS03G03702,2018.06,54,FINAL,"Local Government, Expenses by Function, Operating Expenses",Government Financial Statistics - GFS,Defence,,,,,Dollars,6
GFSA.SLS03G03702,2019.06,38,FINAL,"Local Government, Expenses by Function, Operating Expenses",Government Financial Statistics - GFS,Defence,,,,,Dollars,6
GFSA.SLS03G03702,2020.06,69,FINAL,"Local Government, Expenses by Function, Operating Expenses",Government Financial Statistics - GFS,Defence,,,,,Dollars,6
GFSA.SLS03G03702,2021.06,42,FINAL,"Local Government, Expenses by Function, Operating Expenses",Government Financial Statistics - GFS,Defence,,,,,Dollars,6
GFSA.SLS03G03702,2022.06,56,FINAL,"Local Government, Expenses by Function, Operating Expenses",Government Financial Statistics - GFS,Defence,,,,,Dollars,6
GFSA.SLS03G03702,2023.06,96,REVISED,"Local Government, Expenses by Function, Operating Expenses",Government Financial Statistics - GFS,Defence,,,,,Dollars,6
GFSA.SLS03G03702,2024.06,110,REVISED,"Local Government, Expenses by Function, Operating Expenses",Government Financial Statistics - GFS,Defence,,,,,Dollars,6
GFSA.SLS03G03702,2025.06,117,PROVISIONAL,"Local Government, Expenses by Function, Operating Expenses",Government Financial Statistics - GFS,Defence,,,,,Dollars,6
GFSA.SLS03G03703,2009.06,8,FINAL,"Local Government, Expenses by Function, Operating Expenses",Government Financial Statistics - GFS,Public order and safety,,,,,Dollars,6
GFSA.SLS03G03703,2010.06,5,FINAL,"Local Government, Expenses by Function, Operating Expenses",Government Financial Statistics - GFS,Public order and safety,,,,,Dollars,6
GFSA.SLS03G03703,2011.06,7,FINAL,"Local Government, Expenses by Function, Operating Expenses",Government Financial Statistics - GFS,Public order and safety,,,,,Dollars,6
GFSA.SLS03G03703,2012.06,11,FINAL,"Local Government, Expenses by Function, Operating Expenses",Government Financial Statistics - GFS,Public order and safety,,,,,Dollars,6
GFSA.SLS03G03703,2013.06,10,FINAL,"Local Government, Expenses by Function, Operating Expenses",Government Financial Statistics - GFS,Public order and safety,,,,,Dollars,6
GFSA.SLS03G03703,2014.06,11,FINAL,"Local Government, Expenses by Function, Operating Expenses",Government Financial Statistics - GFS,Public order and safety,,,,,Dollars,6
GFSA.SLS03G03703,2015.06,12,FINAL,"Local Government, Expenses by Function, Operating Expenses",Government Financial Statistics - GFS,Public order and safety,,,,,Dollars,6
GFSA.SLS03G03703,2016.06,9,FINAL,"Local Government, Expenses by Function, Operating Expenses",Government Financial Statistics - GFS,Public order and safety,,,,,Dollars,6
GFSA.SLS03G03703,2017.06,9,FINAL,"Local Government, Expenses by Function, Operating Expenses",Government Financial Statistics - GFS,Public order and safety,,,,,Dollars,6
GFSA.SLS03G03703,2018.06,8,FINAL,"Local Government, Expenses by Function, Operating Expenses",Government Financial Statistics - GFS,Public order and safety,,,,,Dollars,6
GFSA.SLS03G03703,2019.06,11,FINAL,"Local Government, Expenses by Function, Operating Expenses",Government Financial Statistics - GFS,Public order and safety,,,,,Dollars,6
GFSA.SLS03G03703,2020.06,12,FINAL,"Local Government, Expenses by Function, Operating Expenses",Government Financial Statistics - GFS,Public order and safety,,,,,Dollars,6
GFSA.SLS03G03703,2021.06,27,FINAL,"Local Government, Expenses by Function, Operating Expenses",Government Financial Statistics - GFS,Public order and safety,,,,,Dollars,6
GFSA.SLS03G03703,2022.06,35,FINAL,"Local Government, Expenses by Function, Operating Expenses",Government Financial Statistics - GFS,Public order and safety,,,,,Dollars,6
GFSA.SLS03G03703,2023.06,25,FINAL,"Local Government, Expenses by Function, Operating Expenses",Government Financial Statistics - GFS,Public order and safety,,,,,Dollars,6
GFSA.SLS03G03703,2024.06,34,REVISED,"Local Government, Expenses by Function, Operating Expenses",Government Financial Statistics - GFS,Public order and safety,,,,,Dollars,6
GFSA.SLS03G03703,2025.06,37,PROVISIONAL,"Local Government, Expenses by Function, Operating Expenses",Government Financial Statistics - GFS,Public order and safety,,,,,Dollars,6
GFSA.SLS03G03704,2009.06,2021,FINAL,"Local Government, Expenses by Function, Operating Expenses",Government Financial Statistics - GFS,Economic affairs,,,,,Dollars,6
GFSA.SLS03G03704,2010.06,2064,FINAL,"Local Government, Expenses by Function, Operating Expenses",Government Financial Statistics - GFS,Economic affairs,,,,,Dollars,6
GFSA.SLS03G03704,2011.06,2237,FINAL,"Local Government, Expenses by Function, Operating Expenses",Government Financial Statistics - GFS,Economic affairs,,,,,Dollars,6
GFSA.SLS03G03704,2012.06,2481,FINAL,"Local Government, Expenses by Function, Operating Expenses",Government Financial Statistics - GFS,Economic affairs,,,,,Dollars,6
GFSA.SLS03G03704,2013.06,2244,FINAL,"Local Government, Expenses by Function, Operating Expenses",Government Financial Statistics - GFS,Economic affairs,,,,,Dollars,6
GFSA.SLS03G03704,2014.06,2181,FINAL,"Local Government, Expenses by Function, Operating Expenses",Government Financial Statistics - GFS,Economic affairs,,,,,Dollars,6
GFSA.SLS03G03704,2015.06,2268,FINAL,"Local Government, Expenses by Function, Operating Expenses",Government Financial Statistics - GFS,Economic affairs,,,,,Dollars,6
GFSA.SLS03G03704,2016.06,2335,FINAL,"Local Government, Expenses by Function, Operating Expenses",Government Financial Statistics - GFS,Economic affairs,,,,,Dollars,6
GFSA.SLS03G03704,2017.06,2614,FINAL,"Local Government, Expenses by Function, Operating Expenses",Government Financial Statistics - GFS,Economic affairs,,,,,Dollars,6
GFSA.SLS03G03704,2018.06,2670,FINAL,"Local Government, Expenses by Function, Operating Expenses",Government Financial Statistics - GFS,Economic affairs,,,,,Dollars,6
GFSA.SLS03G03704,2019.06,2954,FINAL,"Local Government, Expenses by Function, Operating Expenses",Government Financial Statistics - GFS,Economic affairs,,,,,Dollars,6
GFSA.SLS03G03704,2020.06,3161,FINAL,"Local Government, Expenses by Function, Operating Expenses",Government Financial Statistics - GFS,Economic affairs,,,,,Dollars,6
GFSA.SLS03G03704,2021.06,3239,FINAL,"Local Government, Expenses by Function, Operating Expenses",Government Financial Statistics - GFS,Economic affairs,,,,,Dollars,6
GFSA.SLS03G03704,2022.06,3376,FINAL,"Local Government, Expenses by Function, Operating Expenses",Government Financial Statistics - GFS,Economic affairs,,,,,Dollars,6
GFSA.SLS03G03704,2023.06,4175,REVISED,"Local Government, Expenses by Function, Operating Expenses",Government Financial Statistics - GFS,Economic affairs,,,,,Dollars,6
GFSA.SLS03G03704,2024.06,4453,REVISED,"Local Government, Expenses by Function, Operating Expenses",Government Financial Statistics - GFS,Economic affairs,,,,,Dollars,6
GFSA.SLS03G03704,2025.06,4753,PROVISIONAL,"Local Government, Expenses by Function, Operating Expenses",Government Financial Statistics - GFS,Economic affairs,,,,,Dollars,6
GFSA.SLS03G03705,2009.06,1107,FINAL,"Local Government, Expenses by Function, Operating Expenses",Government Financial Statistics - GFS,Environmental protection,,,,,Dollars,6
GFSA.SLS03G03705,2010.06,1039,FINAL,"Local Government, Expenses by Function, Operating Expenses",Government Financial Statistics - GFS,Environmental protection,,,,,Dollars,6
GFSA.SLS03G03705,2011.06,1233,FINAL,"Local Government, Expenses by Function, Operating Expenses",Government Financial Statistics - GFS,Environmental protection,,,,,Dollars,6
GFSA.SLS03G03705,2012.06,1273,FINAL,"Local Government, Expenses by Function, Operating Expenses",Government Financial Statistics - GFS,Environmental protection,,,,,Dollars,6
GFSA.SLS03G03705,2013.06,1249,FINAL,"Local Government, Expenses by Function, Operating Expenses",Government Financial Statistics - GFS,Environmental protection,,,,,Dollars,6
GFSA.SLS03G03705,2014.06,1266,FINAL,"Local Government, Expenses by Function, Operating Expenses",Government Financial Statistics - GFS,Environmental protection,,,,,Dollars,6
GFSA.SLS03G03705,2015.06,1293,FINAL,"Local Government, Expenses by Function, Operating Expenses",Government Financial Statistics - GFS,Environmental protection,,,,,Dollars,6
GFSA.SLS03G03705,2016.06,1320,FINAL,"Local Government, Expenses by Function, Operating Expenses",Government Financial Statistics - GFS,Environmental protection,,,,,Dollars,6
GFSA.SLS03G03705,2017.06,1411,FINAL,"Local Government, Expenses by Function, Operating Expenses",Government Financial Statistics - GFS,Environmental protection,,,,,Dollars,6
GFSA.SLS03G03705,2018.06,1455,FINAL,"Local Government, Expenses by Function, Operating Expenses",Government Financial Statistics - GFS,Environmental protection,,,,,Dollars,6
GFSA.SLS03G03705,2019.06,1589,FINAL,"Local Government, Expenses by Function, Operating Expenses",Government Financial Statistics - GFS,Environmental protection,,,,,Dollars,6
GFSA.SLS03G03705,2020.06,1736,FINAL,"Local Government, Expenses by Function, Operating Expenses",Government Financial Statistics - GFS,Environmental protection,,,,,Dollars,6
GFSA.SLS03G03705,2021.06,1898,FINAL,"Local Government, Expenses by Function, Operating Expenses",Government Financial Statistics - GFS,Environmental protection,,,,,Dollars,6
GFSA.SLS03G03705,2022.06,2028,FINAL,"Local Government, Expenses by Function, Operating Expenses",Government Financial Statistics - GFS,Environmental protection,,,,,Dollars,6
GFSA.SLS03G03705,2023.06,2401,REVISED,"Local Government, Expenses by Function, Operating Expenses",Government Financial Statistics - GFS,Environmental protection,,,,,Dollars,6
GFSA.SLS03G03705,2024.06,2644,REVISED,"Local Government, Expenses by Function, Operating Expenses",Government Financial Statistics - GFS,Environmental protection,,,,,Dollars,6
GFSA.SLS03G03705,2025.06,2822,PROVISIONAL,"Local Government, Expenses by Function, Operating Expenses",Government Financial Statistics - GFS,Environmental protection,,,,,Dollars,6
GFSA.SLS03G03706,2009.06,1022,FINAL,"Local Government, Expenses by Function, Operating Expenses",Government Financial Statistics - GFS,Housing and community amenities,,,,,Dollars,6
GFSA.SLS03G03706,2010.06,1053,FINAL,"Local Government, Expenses by Function, Operating Expenses",Government Financial Statistics - GFS,Housing and community amenities,,,,,Dollars,6
GFSA.SLS03G03706,2011.06,1024,FINAL,"Local Government, Expenses by Function, Operating Expenses",Government Financial Statistics - GFS,Housing and community amenities,,,,,Dollars,6
GFSA.SLS03G03706,2012.06,1047,FINAL,"Local Government, Expenses by Function, Operating Expenses",Government Financial Statistics - GFS,Housing and community amenities,,,,,Dollars,6
GFSA.SLS03G03706,2013.06,1031,FINAL,"Local Government, Expenses by Function, Operating Expenses",Government Financial Statistics - GFS,Housing and community amenities,,,,,Dollars,6
GFSA.SLS03G03706,2014.06,1052,FINAL,"Local Government, Expenses by Function, Operating Expenses",Government Financial Statistics - GFS,Housing and community amenities,,,,,Dollars,6
GFSA.SLS03G03706,2015.06,1190,FINAL,"Local Government, Expenses by Function, Operating Expenses",Government Financial Statistics - GFS,Housing and community amenities,,,,,Dollars,6
GFSA.SLS03G03706,2016.06,1387,FINAL,"Local Government, Expenses by Function, Operating Expenses",Government Financial Statistics - GFS,Housing and community amenities,,,,,Dollars,6
GFSA.SLS03G03706,2017.06,1330,FINAL,"Local Government, Expenses by Function, Operating Expenses",Government Financial Statistics - GFS,Housing and community amenities,,,,,Dollars,6
GFSA.SLS03G03706,2018.06,1421,FINAL,"Local Government, Expenses by Function, Operating Expenses",Government Financial Statistics - GFS,Housing and community amenities,,,,,Dollars,6
GFSA.SLS03G03706,2019.06,1517,FINAL,"Local Government, Expenses by Function, Operating Expenses",Government Financial Statistics - GFS,Housing and community amenities,,,,,Dollars,6
GFSA.SLS03G03706,2020.06,1613,FINAL,"Local Government, Expenses by Function, Operating Expenses",Government Financial Statistics - GFS,Housing and community amenities,,,,,Dollars,6
GFSA.SLS03G03706,2021.06,1699,FINAL,"Local Government, Expenses by Function, Operating Expenses",Government Financial Statistics - GFS,Housing and community amenities,,,,,Dollars,6
GFSA.SLS03G03706,2022.06,1877,FINAL,"Local Government, Expenses by Function, Operating Expenses",Government Financial Statistics - GFS,Housing and community amenities,,,,,Dollars,6
GFSA.SLS03G03706,2023.06,2212,REVISED,"Local Government, Expenses by Function, Operating Expenses",Government Financial Statistics - GFS,Housing and community amenities,,,,,Dollars,6
GFSA.SLS03G03706,2024.06,2371,REVISED,"Local Government, Expenses by Function, Operating Expenses",Government Financial Statistics - GFS,Housing and community amenities,,,,,Dollars,6
GFSA.SLS03G03706,2025.06,2531,PROVISIONAL,"Local Government, Expenses by Function, Operating Expenses",Government Financial Statistics - GFS,Housing and community amenities,,,,,Dollars,6
GFSA.SLS03G03707,2009.06,0,FINAL,"Local Government, Expenses by Function, Operating Expenses",Government Financial Statistics - GFS,Health,,,,,Dollars,6
GFSA.SLS03G03707,2010.06,0,FINAL,"Local Government, Expenses by Function, Operating Expenses",Government Financial Statistics - GFS,Health,,,,,Dollars,6
GFSA.SLS03G03707,2011.06,0,FINAL,"Local Government, Expenses by Function, Operating Expenses",Government Financial Statistics - GFS,Health,,,,,Dollars,6
GFSA.SLS03G03707,2012.06,0,FINAL,"Local Government, Expenses by Function, Operating Expenses",Government Financial Statistics - GFS,Health,,,,,Dollars,6
GFSA.SLS03G03707,2013.06,0,FINAL,"Local Government, Expenses by Function, Operating Expenses",Government Financial Statistics - GFS,Health,,,,,Dollars,6
GFSA.SLS03G03707,2014.06,0,FINAL,"Local Government, Expenses by Function, Operating Expenses",Government Financial Statistics - GFS,Health,,,,,Dollars,6
GFSA.SLS03G03707,2015.06,0,FINAL,"Local Government, Expenses by Function, Operating Expenses",Government Financial Statistics - GFS,Health,,,,,Dollars,6
GFSA.SLS03G03707,2016.06,0,FINAL,"Local Government, Expenses by Function, Operating Expenses",Government Financial Statistics - GFS,Health,,,,,Dollars,6
GFSA.SLS03G03707,2017.06,0,FINAL,"Local Government, Expenses by Function, Operating Expenses",Government Financial Statistics - GFS,Health,,,,,Dollars,6
GFSA.SLS03G03707,2018.06,0,FINAL,"Local Government, Expenses by Function, Operating Expenses",Government Financial Statistics - GFS,Health,,,,,Dollars,6
GFSA.SLS03G03707,2019.06,0,FINAL,"Local Government, Expenses by Function, Operating Expenses",Government Financial Statistics - GFS,Health,,,,,Dollars,6
GFSA.SLS03G03707,2020.06,0,FINAL,"Local Government, Expenses by Function, Operating Expenses",Government Financial Statistics - GFS,Health,,,,,Dollars,6
GFSA.SLS03G03707,2021.06,0,FINAL,"Local Government, Expenses by Function, Operating Expenses",Government Financial Statistics - GFS,Health,,,,,Dollars,6
GFSA.SLS03G03707,2022.06,0,FINAL,"Local Government, Expenses by Function, Operating Expenses",Government Financial Statistics - GFS,Health,,,,,Dollars,6
GFSA.SLS03G03707,2023.06,0,FINAL,"Local Government, Expenses by Function, Operating Expenses",Government Financial Statistics - GFS,Health,,,,,Dollars,6
GFSA.SLS03G03707,2024.06,0,FINAL,"Local Government, Expenses by Function, Operating Expenses",Government Financial Statistics - GFS,Health,,,,,Dollars,6
GFSA.SLS03G03707,2025.06,0,PROVISIONAL,"Local Government, Expenses by Function, Operating Expenses",Government Financial Statistics - GFS,Health,,,,,Dollars,6
GFSA.SLS03G03708,2009.06,1048,FINAL,"Local Government, Expenses by Function, Operating Expenses",Government Financial Statistics - GFS,"Recreation, culture, and religion",,,,,Dollars,6
GFSA.SLS03G03708,2010.06,997,FINAL,"Local Government, Expenses by Function, Operating Expenses",Government Financial Statistics - GFS,"Recreation, culture, and religion",,,,,Dollars,6
GFSA.SLS03G03708,2011.06,1054,FINAL,"Local Government, Expenses by Function, Operating Expenses",Government Financial Statistics - GFS,"Recreation, culture, and religion",,,,,Dollars,6
GFSA.SLS03G03708,2012.06,1160,FINAL,"Local Government, Expenses by Function, Operating Expenses",Government Financial Statistics - GFS,"Recreation, culture, and religion",,,,,Dollars,6
GFSA.SLS03G03708,2013.06,1232,FINAL,"Local Government, Expenses by Function, Operating Expenses",Government Financial Statistics - GFS,"Recreation, culture, and religion",,,,,Dollars,6
GFSA.SLS03G03708,2014.06,1340,FINAL,"Local Government, Expenses by Function, Operating Expenses",Government Financial Statistics - GFS,"Recreation, culture, and religion",,,,,Dollars,6
GFSA.SLS03G03708,2015.06,1415,FINAL,"Local Government, Expenses by Function, Operating Expenses",Government Financial Statistics - GFS,"Recreation, culture, and religion",,,,,Dollars,6
GFSA.SLS03G03708,2016.06,1420,FINAL,"Local Government, Expenses by Function, Operating Expenses",Government Financial Statistics - GFS,"Recreation, culture, and religion",,,,,Dollars,6
GFSA.SLS03G03708,2017.06,1330,FINAL,"Local Government, Expenses by Function, Operating Expenses",Government Financial Statistics - GFS,"Recreation, culture, and religion",,,,,Dollars,6
GFSA.SLS03G03708,2018.06,1427,FINAL,"Local Government, Expenses by Function, Operating Expenses",Government Financial Statistics - GFS,"Recreation, culture, and religion",,,,,Dollars,6
GFSA.SLS03G03708,2019.06,1561,FINAL,"Local Government, Expenses by Function, Operating Expenses",Government Financial Statistics - GFS,"Recreation, culture, and religion",,,,,Dollars,6
GFSA.SLS03G03708,2020.06,1559,FINAL,"Local Government, Expenses by Function, Operating Expenses",Government Financial Statistics - GFS,"Recreation, culture, and religion",,,,,Dollars,6
GFSA.SLS03G03708,2021.06,1624,FINAL,"Local Government, Expenses by Function, Operating Expenses",Government Financial Statistics - GFS,"Recreation, culture, and religion",,,,,Dollars,6
GFSA.SLS03G03708,2022.06,1782,FINAL,"Local Government, Expenses by Function, Operating Expenses",Government Financial Statistics - GFS,"Recreation, culture, and religion",,,,,Dollars,6
GFSA.SLS03G03708,2023.06,1982,REVISED,"Local Government, Expenses by Function, Operating Expenses",Government Financial Statistics - GFS,"Recreation, culture, and religion",,,,,Dollars,6
GFSA.SLS03G03708,2024.06,2002,REVISED,"Local Government, Expenses by Function, Operating Expenses",Government Financial Statistics - GFS,"Recreation, culture, and religion",,,,,Dollars,6
GFSA.SLS03G03708,2025.06,2137,PROVISIONAL,"Local Government, Expenses by Function, Operating Expenses",Government Financial Statistics - GFS,"Recreation, culture, and religion",,,,,Dollars,6
GFSA.SLS03G03709,2009.06,0,FINAL,"Local Government, Expenses by Function, Operating Expenses",Government Financial Statistics - GFS,Education,,,,,Dollars,6
GFSA.SLS03G03709,2010.06,0,FINAL,"Local Government, Expenses by Function, Operating Expenses",Government Financial Statistics - GFS,Education,,,,,Dollars,6
GFSA.SLS03G03709,2011.06,0,FINAL,"Local Government, Expenses by Function, Operating Expenses",Government Financial Statistics - GFS,Education,,,,,Dollars,6
GFSA.SLS03G03709,2012.06,0,FINAL,"Local Government, Expenses by Function, Operating Expenses",Government Financial Statistics - GFS,Education,,,,,Dollars,6
GFSA.SLS03G03709,2013.06,0,FINAL,"Local Government, Expenses by Function, Operating Expenses",Government Financial Statistics - GFS,Education,,,,,Dollars,6
GFSA.SLS03G03709,2014.06,0,FINAL,"Local Government, Expenses by Function, Operating Expenses",Government Financial Statistics - GFS,Education,,,,,Dollars,6
GFSA.SLS03G03709,2015.06,0,FINAL,"Local Government, Expenses by Function, Operating Expenses",Government Financial Statistics - GFS,Education,,,,,Dollars,6
GFSA.SLS03G03709,2016.06,0,FINAL,"Local Government, Expenses by Function, Operating Expenses",Government Financial Statistics - GFS,Education,,,,,Dollars,6
GFSA.SLS03G03709,2017.06,0,FINAL,"Local Government, Expenses by Function, Operating Expenses",Government Financial Statistics - GFS,Education,,,,,Dollars,6
GFSA.SLS03G03709,2018.06,0,FINAL,"Local Government, Expenses by Function, Operating Expenses",Government Financial Statistics - GFS,Education,,,,,Dollars,6
GFSA.SLS03G03709,2019.06,0,FINAL,"Local Government, Expenses by Function, Operating Expenses",Government Financial Statistics - GFS,Education,,,,,Dollars,6
GFSA.SLS03G03709,2020.06,0,FINAL,"Local Government, Expenses by Function, Operating Expenses",Government Financial Statistics - GFS,Education,,,,,Dollars,6
GFSA.SLS03G03709,2021.06,0,FINAL,"Local Government, Expenses by Function, Operating Expenses",Government Financial Statistics - GFS,Education,,,,,Dollars,6
GFSA.SLS03G03709,2022.06,0,FINAL,"Local Government, Expenses by Function, Operating Expenses",Government Financial Statistics - GFS,Education,,,,,Dollars,6
GFSA.SLS03G03709,2023.06,0,FINAL,"Local Government, Expenses by Function, Operating Expenses",Government Financial Statistics - GFS,Education,,,,,Dollars,6
GFSA.SLS03G03709,2024.06,0,FINAL,"Local Government, Expenses by Function, Operating Expenses",Government Financial Statistics - GFS,Education,,,,,Dollars,6
GFSA.SLS03G03709,2025.06,0,PROVISIONAL,"Local Government, Expenses by Function, Operating Expenses",Government Financial Statistics - GFS,Education,,,,,Dollars,6
GFSA.SLS03G03710,2009.06,0,FINAL,"Local Government, Expenses by Function, Operating Expenses",Government Financial Statistics - GFS,Social protection,,,,,Dollars,6
GFSA.SLS03G03710,2010.06,0,FINAL,"Local Government, Expenses by Function, Operating Expenses",Government Financial Statistics - GFS,Social protection,,,,,Dollars,6
GFSA.SLS03G03710,2011.06,0,FINAL,"Local Government, Expenses by Function, Operating Expenses",Government Financial Statistics - GFS,Social protection,,,,,Dollars,6
GFSA.SLS03G03710,2012.06,0,FINAL,"Local Government, Expenses by Function, Operating Expenses",Government Financial Statistics - GFS,Social protection,,,,,Dollars,6
GFSA.SLS03G03710,2013.06,0,FINAL,"Local Government, Expenses by Function, Operating Expenses",Government Financial Statistics - GFS,Social protection,,,,,Dollars,6
GFSA.SLS03G03710,2014.06,0,FINAL,"Local Government, Expenses by Function, Operating Expenses",Government Financial Statistics - GFS,Social protection,,,,,Dollars,6
GFSA.SLS03G03710,2015.06,0,FINAL,"Local Government, Expenses by Function, Operating Expenses",Government Financial Statistics - GFS,Social protection,,,,,Dollars,6
GFSA.SLS03G03710,2016.06,0,FINAL,"Local Government, Expenses by Function, Operating Expenses",Government Financial Statistics - GFS,Social protection,,,,,Dollars,6
GFSA.SLS03G03710,2017.06,0,FINAL,"Local Government, Expenses by Function, Operating Expenses",Government Financial Statistics - GFS,Social protection,,,,,Dollars,6
GFSA.SLS03G03710,2018.06,0,FINAL,"Local Government, Expenses by Function, Operating Expenses",Government Financial Statistics - GFS,Social protection,,,,,Dollars,6
GFSA.SLS03G03710,2019.06,0,FINAL,"Local Government, Expenses by Function, Operating Expenses",Government Financial Statistics - GFS,Social protection,,,,,Dollars,6
GFSA.SLS03G03710,2020.06,0,FINAL,"Local Government, Expenses by Function, Operating Expenses",Government Financial Statistics - GFS,Social protection,,,,,Dollars,6
GFSA.SLS03G03710,2021.06,0,FINAL,"Local Government, Expenses by Function, Operating Expenses",Government Financial Statistics - GFS,Social protection,,,,,Dollars,6
GFSA.SLS03G03710,2022.06,0,FINAL,"Local Government, Expenses by Function, Operating Expenses",Government Financial Statistics - GFS,Social protection,,,,,Dollars,6
GFSA.SLS03G03710,2023.06,0,FINAL,"Local Government, Expenses by Function, Operating Expenses",Government Financial Statistics - GFS,Social protection,,,,,Dollars,6
GFSA.SLS03G03710,2024.06,0,FINAL,"Local Government, Expenses by Function, Operating Expenses",Government Financial Statistics - GFS,Social protection,,,,,Dollars,6
GFSA.SLS03G03710,2025.06,0,PROVISIONAL,"Local Government, Expenses by Function, Operating Expenses",Government Financial Statistics - GFS,Social protection,,,,,Dollars,6
GFSA.SLS03G04700,2009.06,1808,FINAL,"Local Government, Expenses by Function, Net Acquisition of Non-financial Assets",Government Financial Statistics - GFS,Total,,,,,Dollars,6
GFSA.SLS03G04700,2010.06,1834,REVISED,"Local Government, Expenses by Function, Net Acquisition of Non-financial Assets",Government Financial Statistics - GFS,Total,,,,,Dollars,6
GFSA.SLS03G04700,2011.06,1198,FINAL,"Local Government, Expenses by Function, Net Acquisition of Non-financial Assets",Government Financial Statistics - GFS,Total,,,,,Dollars,6
GFSA.SLS03G04700,2012.06,1057,FINAL,"Local Government, Expenses by Function, Net Acquisition of Non-financial Assets",Government Financial Statistics - GFS,Total,,,,,Dollars,6
GFSA.SLS03G04700,2013.06,2228,FINAL,"Local Government, Expenses by Function, Net Acquisition of Non-financial Assets",Government Financial Statistics - GFS,Total,,,,,Dollars,6
GFSA.SLS03G04700,2014.06,1657,FINAL,"Local Government, Expenses by Function, Net Acquisition of Non-financial Assets",Government Financial Statistics - GFS,Total,,,,,Dollars,6
GFSA.SLS03G04700,2015.06,1811,FINAL,"Local Government, Expenses by Function, Net Acquisition of Non-financial Assets",Government Financial Statistics - GFS,Total,,,,,Dollars,6
GFSA.SLS03G04700,2016.06,1556,FINAL,"Local Government, Expenses by Function, Net Acquisition of Non-financial Assets",Government Financial Statistics - GFS,Total,,,,,Dollars,6
GFSA.SLS03G04700,2017.06,1628,FINAL,"Local Government, Expenses by Function, Net Acquisition of Non-financial Assets",Government Financial Statistics - GFS,Total,,,,,Dollars,6
GFSA.SLS03G04700,2018.06,2267,REVISED,"Local Government, Expenses by Function, Net Acquisition of Non-financial Assets",Government Financial Statistics - GFS,Total,,,,,Dollars,6
GFSA.SLS03G04700,2019.06,2559,REVISED,"Local Government, Expenses by Function, Net Acquisition of Non-financial Assets",Government Financial Statistics - GFS,Total,,,,,Dollars,6
GFSA.SLS03G04700,2020.06,2944,REVISED,"Local Government, Expenses by Function, Net Acquisition of Non-financial Assets",Government Financial Statistics - GFS,Total,,,,,Dollars,6
GFSA.SLS03G04700,2021.06,3395,REVISED,"Local Government, Expenses by Function, Net Acquisition of Non-financial Assets",Government Financial Statistics - GFS,Total,,,,,Dollars,6
GFSA.SLS03G04700,2022.06,3495,REVISED,"Local Government, Expenses by Function, Net Acquisition of Non-financial Assets",Government Financial Statistics - GFS,Total,,,,,Dollars,6
GFSA.SLS03G04700,2023.06,4716,REVISED,"Local Government, Expenses by Function, Net Acquisition of Non-financial Assets",Government Financial Statistics - GFS,Total,,,,,Dollars,6
GFSA.SLS03G04700,2024.06,4915,REVISED,"Local Government, Expenses by Function, Net Acquisition of Non-financial Assets",Government Financial Statistics - GFS,Total,,,,,Dollars,6
GFSA.SLS03G04700,2025.06,5629,PROVISIONAL,"Local Government, Expenses by Function, Net Acquisition of Non-financial Assets",Government Financial Statistics - GFS,Total,,,,,Dollars,6
GFSA.SLS03G04701,2009.06,274,FINAL,"Local Government, Expenses by Function, Net Acquisition of Non-financial Assets",Government Financial Statistics - GFS,General public services,,,,,Dollars,6
GFSA.SLS03G04701,2010.06,427,REVISED,"Local Government, Expenses by Function, Net Acquisition of Non-financial Assets",Government Financial Statistics - GFS,General public services,,,,,Dollars,6
GFSA.SLS03G04701,2011.06,530,FINAL,"Local Government, Expenses by Function, Net Acquisition of Non-financial Assets",Government Financial Statistics - GFS,General public services,,,,,Dollars,6
GFSA.SLS03G04701,2012.06,231,FINAL,"Local Government, Expenses by Function, Net Acquisition of Non-financial Assets",Government Financial Statistics - GFS,General public services,,,,,Dollars,6
GFSA.SLS03G04701,2013.06,1132,FINAL,"Local Government, Expenses by Function, Net Acquisition of Non-financial Assets",Government Financial Statistics - GFS,General public services,,,,,Dollars,6
GFSA.SLS03G04701,2014.06,387,FINAL,"Local Government, Expenses by Function, Net Acquisition of Non-financial Assets",Government Financial Statistics - GFS,General public services,,,,,Dollars,6
GFSA.SLS03G04701,2015.06,214,FINAL,"Local Government, Expenses by Function, Net Acquisition of Non-financial Assets",Government Financial Statistics - GFS,General public services,,,,,Dollars,6
GFSA.SLS03G04701,2016.06,-182,FINAL,"Local Government, Expenses by Function, Net Acquisition of Non-financial Assets",Government Financial Statistics - GFS,General public services,,,,,Dollars,6
GFSA.SLS03G04701,2017.06,392,FINAL,"Local Government, Expenses by Function, Net Acquisition of Non-financial Assets",Government Financial Statistics - GFS,General public services,,,,,Dollars,6
GFSA.SLS03G04701,2018.06,469,FINAL,"Local Government, Expenses by Function, Net Acquisition of Non-financial Assets",Government Financial Statistics - GFS,General public services,,,,,Dollars,6
GFSA.SLS03G04701,2019.06,656,FINAL,"Local Government, Expenses by Function, Net Acquisition of Non-financial Assets",Government Financial Statistics - GFS,General public services,,,,,Dollars,6
GFSA.SLS03G04701,2020.06,417,FINAL,"Local Government, Expenses by Function, Net Acquisition of Non-financial Assets",Government Financial Statistics - GFS,General public services,,,,,Dollars,6
GFSA.SLS03G04701,2021.06,538,FINAL,"Local Government, Expenses by Function, Net Acquisition of Non-financial Assets",Government Financial Statistics - GFS,General public services,,,,,Dollars,6
GFSA.SLS03G04701,2022.06,542,REVISED,"Local Government, Expenses by Function, Net Acquisition of Non-financial Assets",Government Financial Statistics - GFS,General public services,,,,,Dollars,6
GFSA.SLS03G04701,2023.06,673,REVISED,"Local Government, Expenses by Function, Net Acquisition of Non-financial Assets",Government Financial Statistics - GFS,General public services,,,,,Dollars,6
GFSA.SLS03G04701,2024.06,737,REVISED,"Local Government, Expenses by Function, Net Acquisition of Non-financial Assets",Government Financial Statistics - GFS,General public services,,,,,Dollars,6
GFSA.SLS03G04701,2025.06,854,PROVISIONAL,"Local Government, Expenses by Function, Net Acquisition of Non-financial Assets",Government Financial Statistics - GFS,General public services,,,,,Dollars,6
GFSA.SLS03G04702,2009.06,0,FINAL,"Local Government, Expenses by Function, Net Acquisition of Non-financial Assets",Government Financial Statistics - GFS,Defence,,,,,Dollars,6
GFSA.SLS03G04702,2010.06,1,FINAL,"Local Government, Expenses by Function, Net Acquisition of Non-financial Assets",Government Financial Statistics - GFS,Defence,,,,,Dollars,6
GFSA.SLS03G04702,2011.06,0,FINAL,"Local Government, Expenses by Function, Net Acquisition of Non-financial Assets",Government Financial Statistics - GFS,Defence,,,,,Dollars,6
GFSA.SLS03G04702,2012.06,0,FINAL,"Local Government, Expenses by Function, Net Acquisition of Non-financial Assets",Government Financial Statistics - GFS,Defence,,,,,Dollars,6
GFSA.SLS03G04702,2013.06,-1,FINAL,"Local Government, Expenses by Function, Net Acquisition of Non-financial Assets",Government Financial Statistics - GFS,Defence,,,,,Dollars,6
GFSA.SLS03G04702,2014.06,-1,FINAL,"Local Government, Expenses by Function, Net Acquisition of Non-financial Assets",Government Financial Statistics - GFS,Defence,,,,,Dollars,6
GFSA.SLS03G04702,2015.06,-1,FINAL,"Local Government, Expenses by Function, Net Acquisition of Non-financial Assets",Government Financial Statistics - GFS,Defence,,,,,Dollars,6
GFSA.SLS03G04702,2016.06,1,FINAL,"Local Government, Expenses by Function, Net Acquisition of Non-financial Assets",Government Financial Statistics - GFS,Defence,,,,,Dollars,6
GFSA.SLS03G04702,2017.06,-3,FINAL,"Local Government, Expenses by Function, Net Acquisition of Non-financial Assets",Government Financial Statistics - GFS,Defence,,,,,Dollars,6
GFSA.SLS03G04702,2018.06,-20,FINAL,"Local Government, Expenses by Function, Net Acquisition of Non-financial Assets",Government Financial Statistics - GFS,Defence,,,,,Dollars,6
GFSA.SLS03G04702,2019.06,-1,FINAL,"Local Government, Expenses by Function, Net Acquisition of Non-financial Assets",Government Financial Statistics - GFS,Defence,,,,,Dollars,6
GFSA.SLS03G04702,2020.06,0,FINAL,"Local Government, Expenses by Function, Net Acquisition of Non-financial Assets",Government Financial Statistics - GFS,Defence,,,,,Dollars,6
GFSA.SLS03G04702,2021.06,-2,FINAL,"Local Government, Expenses by Function, Net Acquisition of Non-financial Assets",Government Financial Statistics - GFS,Defence,,,,,Dollars,6
GFSA.SLS03G04702,2022.06,0,FINAL,"Local Government, Expenses by Function, Net Acquisition of Non-financial Assets",Government Financial Statistics - GFS,Defence,,,,,Dollars,6
GFSA.SLS03G04702,2023.06,0,FINAL,"Local Government, Expenses by Function, Net Acquisition of Non-financial Assets",Government Financial Statistics - GFS,Defence,,,,,Dollars,6
GFSA.SLS03G04702,2024.06,-1,FINAL,"Local Government, Expenses by Function, Net Acquisition of Non-financial Assets",Government Financial Statistics - GFS,Defence,,,,,Dollars,6
GFSA.SLS03G04702,2025.06,-1,PROVISIONAL,"Local Government, Expenses by Function, Net Acquisition of Non-financial Assets",Government Financial Statistics - GFS,Defence,,,,,Dollars,6
GFSA.SLS03G04703,2009.06,0,FINAL,"Local Government, Expenses by Function, Net Acquisition of Non-financial Assets",Government Financial Statistics - GFS,Public order and safety,,,,,Dollars,6
GFSA.SLS03G04703,2010.06,0,FINAL,"Local Government, Expenses by Function, Net Acquisition of Non-financial Assets",Government Financial Statistics - GFS,Public order and safety,,,,,Dollars,6
GFSA.SLS03G04703,2011.06,2,FINAL,"Local Government, Expenses by Function, Net Acquisition of Non-financial Assets",Government Financial Statistics - GFS,Public order and safety,,,,,Dollars,6
GFSA.SLS03G04703,2012.06,0,FINAL,"Local Government, Expenses by Function, Net Acquisition of Non-financial Assets",Government Financial Statistics - GFS,Public order and safety,,,,,Dollars,6
GFSA.SLS03G04703,2013.06,-1,FINAL,"Local Government, Expenses by Function, Net Acquisition of Non-financial Assets",Government Financial Statistics - GFS,Public order and safety,,,,,Dollars,6
GFSA.SLS03G04703,2014.06,2,FINAL,"Local Government, Expenses by Function, Net Acquisition of Non-financial Assets",Government Financial Statistics - GFS,Public order and safety,,,,,Dollars,6
GFSA.SLS03G04703,2015.06,0,FINAL,"Local Government, Expenses by Function, Net Acquisition of Non-financial Assets",Government Financial Statistics - GFS,Public order and safety,,,,,Dollars,6
GFSA.SLS03G04703,2016.06,2,FINAL,"Local Government, Expenses by Function, Net Acquisition of Non-financial Assets",Government Financial Statistics - GFS,Public order and safety,,,,,Dollars,6
GFSA.SLS03G04703,2017.06,1,FINAL,"Local Government, Expenses by Function, Net Acquisition of Non-financial Assets",Government Financial Statistics - GFS,Public order and safety,,,,,Dollars,6
GFSA.SLS03G04703,2018.06,2,FINAL,"Local Government, Expenses by Function, Net Acquisition of Non-financial Assets",Government Financial Statistics - GFS,Public order and safety,,,,,Dollars,6
GFSA.SLS03G04703,2019.06,1,FINAL,"Local Government, Expenses by Function, Net Acquisition of Non-financial Assets",Government Financial Statistics - GFS,Public order and safety,,,,,Dollars,6
GFSA.SLS03G04703,2020.06,13,FINAL,"Local Government, Expenses by Function, Net Acquisition of Non-financial Assets",Government Financial Statistics - GFS,Public order and safety,,,,,Dollars,6
GFSA.SLS03G04703,2021.06,31,FINAL,"Local Government, Expenses by Function, Net Acquisition of Non-financial Assets",Government Financial Statistics - GFS,Public order and safety,,,,,Dollars,6
GFSA.SLS03G04703,2022.06,4,FINAL,"Local Government, Expenses by Function, Net Acquisition of Non-financial Assets",Government Financial Statistics - GFS,Public order and safety,,,,,Dollars,6
GFSA.SLS03G04703,2023.06,1,FINAL,"Local Government, Expenses by Function, Net Acquisition of Non-financial Assets",Government Financial Statistics - GFS,Public order and safety,,,,,Dollars,6
GFSA.SLS03G04703,2024.06,5,REVISED,"Local Government, Expenses by Function, Net Acquisition of Non-financial Assets",Government Financial Statistics - GFS,Public order and safety,,,,,Dollars,6
GFSA.SLS03G04703,2025.06,5,PROVISIONAL,"Local Government, Expenses by Function, Net Acquisition of Non-financial Assets",Government Financial Statistics - GFS,Public order and safety,,,,,Dollars,6
GFSA.SLS03G04704,2009.06,783,FINAL,"Local Government, Expenses by Function, Net Acquisition of Non-financial Assets",Government Financial Statistics - GFS,Economic affairs,,,,,Dollars,6
GFSA.SLS03G04704,2010.06,659,FINAL,"Local Government, Expenses by Function, Net Acquisition of Non-financial Assets",Government Financial Statistics - GFS,Economic affairs,,,,,Dollars,6
GFSA.SLS03G04704,2011.06,281,FINAL,"Local Government, Expenses by Function, Net Acquisition of Non-financial Assets",Government Financial Statistics - GFS,Economic affairs,,,,,Dollars,6
GFSA.SLS03G04704,2012.06,393,FINAL,"Local Government, Expenses by Function, Net Acquisition of Non-financial Assets",Government Financial Statistics - GFS,Economic affairs,,,,,Dollars,6
GFSA.SLS03G04704,2013.06,436,FINAL,"Local Government, Expenses by Function, Net Acquisition of Non-financial Assets",Government Financial Statistics - GFS,Economic affairs,,,,,Dollars,6
GFSA.SLS03G04704,2014.06,694,FINAL,"Local Government, Expenses by Function, Net Acquisition of Non-financial Assets",Government Financial Statistics - GFS,Economic affairs,,,,,Dollars,6
GFSA.SLS03G04704,2015.06,796,FINAL,"Local Government, Expenses by Function, Net Acquisition of Non-financial Assets",Government Financial Statistics - GFS,Economic affairs,,,,,Dollars,6
GFSA.SLS03G04704,2016.06,873,FINAL,"Local Government, Expenses by Function, Net Acquisition of Non-financial Assets",Government Financial Statistics - GFS,Economic affairs,,,,,Dollars,6
GFSA.SLS03G04704,2017.06,585,FINAL,"Local Government, Expenses by Function, Net Acquisition of Non-financial Assets",Government Financial Statistics - GFS,Economic affairs,,,,,Dollars,6
GFSA.SLS03G04704,2018.06,940,REVISED,"Local Government, Expenses by Function, Net Acquisition of Non-financial Assets",Government Financial Statistics - GFS,Economic affairs,,,,,Dollars,6
GFSA.SLS03G04704,2019.06,1125,REVISED,"Local Government, Expenses by Function, Net Acquisition of Non-financial Assets",Government Financial Statistics - GFS,Economic affairs,,,,,Dollars,6
GFSA.SLS03G04704,2020.06,1356,REVISED,"Local Government, Expenses by Function, Net Acquisition of Non-financial Assets",Government Financial Statistics - GFS,Economic affairs,,,,,Dollars,6
GFSA.SLS03G04704,2021.06,1771,REVISED,"Local Government, Expenses by Function, Net Acquisition of Non-financial Assets",Government Financial Statistics - GFS,Economic affairs,,,,,Dollars,6
GFSA.SLS03G04704,2022.06,1570,REVISED,"Local Government, Expenses by Function, Net Acquisition of Non-financial Assets",Government Financial Statistics - GFS,Economic affairs,,,,,Dollars,6
GFSA.SLS03G04704,2023.06,2020,REVISED,"Local Government, Expenses by Function, Net Acquisition of Non-financial Assets",Government Financial Statistics - GFS,Economic affairs,,,,,Dollars,6
GFSA.SLS03G04704,2024.06,2066,REVISED,"Local Government, Expenses by Function, Net Acquisition of Non-financial Assets",Government Financial Statistics - GFS,Economic affairs,,,,,Dollars,6
GFSA.SLS03G04704,2025.06,2362,PROVISIONAL,"Local Government, Expenses by Function, Net Acquisition of Non-financial Assets",Government Financial Statistics - GFS,Economic affairs,,,,,Dollars,6
GFSA.SLS03G04705,2009.06,465,FINAL,"Local Government, Expenses by Function, Net Acquisition of Non-financial Assets",Government Financial Statistics - GFS,Environmental protection,,,,,Dollars,6
GFSA.SLS03G04705,2010.06,388,FINAL,"Local Government, Expenses by Function, Net Acquisition of Non-financial Assets",Government Financial Statistics - GFS,Environmental protection,,,,,Dollars,6
GFSA.SLS03G04705,2011.06,113,FINAL,"Local Government, Expenses by Function, Net Acquisition of Non-financial Assets",Government Financial Statistics - GFS,Environmental protection,,,,,Dollars,6
GFSA.SLS03G04705,2012.06,287,FINAL,"Local Government, Expenses by Function, Net Acquisition of Non-financial Assets",Government Financial Statistics - GFS,Environmental protection,,,,,Dollars,6
GFSA.SLS03G04705,2013.06,563,FINAL,"Local Government, Expenses by Function, Net Acquisition of Non-financial Assets",Government Financial Statistics - GFS,Environmental protection,,,,,Dollars,6
GFSA.SLS03G04705,2014.06,508,FINAL,"Local Government, Expenses by Function, Net Acquisition of Non-financial Assets",Government Financial Statistics - GFS,Environmental protection,,,,,Dollars,6
GFSA.SLS03G04705,2015.06,565,FINAL,"Local Government, Expenses by Function, Net Acquisition of Non-financial Assets",Government Financial Statistics - GFS,Environmental protection,,,,,Dollars,6
GFSA.SLS03G04705,2016.06,492,FINAL,"Local Government, Expenses by Function, Net Acquisition of Non-financial Assets",Government Financial Statistics - GFS,Environmental protection,,,,,Dollars,6
GFSA.SLS03G04705,2017.06,378,FINAL,"Local Government, Expenses by Function, Net Acquisition of Non-financial Assets",Government Financial Statistics - GFS,Environmental protection,,,,,Dollars,6
GFSA.SLS03G04705,2018.06,397,FINAL,"Local Government, Expenses by Function, Net Acquisition of Non-financial Assets",Government Financial Statistics - GFS,Environmental protection,,,,,Dollars,6
GFSA.SLS03G04705,2019.06,411,FINAL,"Local Government, Expenses by Function, Net Acquisition of Non-financial Assets",Government Financial Statistics - GFS,Environmental protection,,,,,Dollars,6
GFSA.SLS03G04705,2020.06,490,FINAL,"Local Government, Expenses by Function, Net Acquisition of Non-financial Assets",Government Financial Statistics - GFS,Environmental protection,,,,,Dollars,6
GFSA.SLS03G04705,2021.06,538,FINAL,"Local Government, Expenses by Function, Net Acquisition of Non-financial Assets",Government Financial Statistics - GFS,Environmental protection,,,,,Dollars,6
GFSA.SLS03G04705,2022.06,750,REVISED,"Local Government, Expenses by Function, Net Acquisition of Non-financial Assets",Government Financial Statistics - GFS,Environmental protection,,,,,Dollars,6
GFSA.SLS03G04705,2023.06,697,REVISED,"Local Government, Expenses by Function, Net Acquisition of Non-financial Assets",Government Financial Statistics - GFS,Environmental protection,,,,,Dollars,6
GFSA.SLS03G04705,2024.06,857,REVISED,"Local Government, Expenses by Function, Net Acquisition of Non-financial Assets",Government Financial Statistics - GFS,Environmental protection,,,,,Dollars,6
GFSA.SLS03G04705,2025.06,980,PROVISIONAL,"Local Government, Expenses by Function, Net Acquisition of Non-financial Assets",Government Financial Statistics - GFS,Environmental protection,,,,,Dollars,6
GFSA.SLS03G04706,2009.06,46,FINAL,"Local Government, Expenses by Function, Net Acquisition of Non-financial Assets",Government Financial Statistics - GFS,Housing and community amenities,,,,,Dollars,6
GFSA.SLS03G04706,2010.06,112,FINAL,"Local Government, Expenses by Function, Net Acquisition of Non-financial Assets",Government Financial Statistics - GFS,Housing and community amenities,,,,,Dollars,6
GFSA.SLS03G04706,2011.06,-7,FINAL,"Local Government, Expenses by Function, Net Acquisition of Non-financial Assets",Government Financial Statistics - GFS,Housing and community amenities,,,,,Dollars,6
GFSA.SLS03G04706,2012.06,66,FINAL,"Local Government, Expenses by Function, Net Acquisition of Non-financial Assets",Government Financial Statistics - GFS,Housing and community amenities,,,,,Dollars,6
GFSA.SLS03G04706,2013.06,85,FINAL,"Local Government, Expenses by Function, Net Acquisition of Non-financial Assets",Government Financial Statistics - GFS,Housing and community amenities,,,,,Dollars,6
GFSA.SLS03G04706,2014.06,37,FINAL,"Local Government, Expenses by Function, Net Acquisition of Non-financial Assets",Government Financial Statistics - GFS,Housing and community amenities,,,,,Dollars,6
GFSA.SLS03G04706,2015.06,101,FINAL,"Local Government, Expenses by Function, Net Acquisition of Non-financial Assets",Government Financial Statistics - GFS,Housing and community amenities,,,,,Dollars,6
GFSA.SLS03G04706,2016.06,342,FINAL,"Local Government, Expenses by Function, Net Acquisition of Non-financial Assets",Government Financial Statistics - GFS,Housing and community amenities,,,,,Dollars,6
GFSA.SLS03G04706,2017.06,60,FINAL,"Local Government, Expenses by Function, Net Acquisition of Non-financial Assets",Government Financial Statistics - GFS,Housing and community amenities,,,,,Dollars,6
GFSA.SLS03G04706,2018.06,53,FINAL,"Local Government, Expenses by Function, Net Acquisition of Non-financial Assets",Government Financial Statistics - GFS,Housing and community amenities,,,,,Dollars,6
GFSA.SLS03G04706,2019.06,116,FINAL,"Local Government, Expenses by Function, Net Acquisition of Non-financial Assets",Government Financial Statistics - GFS,Housing and community amenities,,,,,Dollars,6
GFSA.SLS03G04706,2020.06,213,FINAL,"Local Government, Expenses by Function, Net Acquisition of Non-financial Assets",Government Financial Statistics - GFS,Housing and community amenities,,,,,Dollars,6
GFSA.SLS03G04706,2021.06,199,FINAL,"Local Government, Expenses by Function, Net Acquisition of Non-financial Assets",Government Financial Statistics - GFS,Housing and community amenities,,,,,Dollars,6
GFSA.SLS03G04706,2022.06,373,REVISED,"Local Government, Expenses by Function, Net Acquisition of Non-financial Assets",Government Financial Statistics - GFS,Housing and community amenities,,,,,Dollars,6
GFSA.SLS03G04706,2023.06,537,REVISED,"Local Government, Expenses by Function, Net Acquisition of Non-financial Assets",Government Financial Statistics - GFS,Housing and community amenities,,,,,Dollars,6
GFSA.SLS03G04706,2024.06,393,REVISED,"Local Government, Expenses by Function, Net Acquisition of Non-financial Assets",Government Financial Statistics - GFS,Housing and community amenities,,,,,Dollars,6
GFSA.SLS03G04706,2025.06,449,PROVISIONAL,"Local Government, Expenses by Function, Net Acquisition of Non-financial Assets",Government Financial Statistics - GFS,Housing and community amenities,,,,,Dollars,6
GFSA.SLS03G04707,2009.06,0,FINAL,"Local Government, Expenses by Function, Net Acquisition of Non-financial Assets",Government Financial Statistics - GFS,Health,,,,,Dollars,6
GFSA.SLS03G04707,2010.06,0,FINAL,"Local Government, Expenses by Function, Net Acquisition of Non-financial Assets",Government Financial Statistics - GFS,Health,,,,,Dollars,6
GFSA.SLS03G04707,2011.06,0,FINAL,"Local Government, Expenses by Function, Net Acquisition of Non-financial Assets",Government Financial Statistics - GFS,Health,,,,,Dollars,6
GFSA.SLS03G04707,2012.06,0,FINAL,"Local Government, Expenses by Function, Net Acquisition of Non-financial Assets",Government Financial Statistics - GFS,Health,,,,,Dollars,6
GFSA.SLS03G04707,2013.06,0,FINAL,"Local Government, Expenses by Function, Net Acquisition of Non-financial Assets",Government Financial Statistics - GFS,Health,,,,,Dollars,6
GFSA.SLS03G04707,2014.06,0,FINAL,"Local Government, Expenses by Function, Net Acquisition of Non-financial Assets",Government Financial Statistics - GFS,Health,,,,,Dollars,6
GFSA.SLS03G04707,2015.06,0,FINAL,"Local Government, Expenses by Function, Net Acquisition of Non-financial Assets",Government Financial Statistics - GFS,Health,,,,,Dollars,6
GFSA.SLS03G04707,2016.06,0,FINAL,"Local Government, Expenses by Function, Net Acquisition of Non-financial Assets",Government Financial Statistics - GFS,Health,,,,,Dollars,6
GFSA.SLS03G04707,2017.06,0,FINAL,"Local Government, Expenses by Function, Net Acquisition of Non-financial Assets",Government Financial Statistics - GFS,Health,,,,,Dollars,6
GFSA.SLS03G04707,2018.06,0,FINAL,"Local Government, Expenses by Function, Net Acquisition of Non-financial Assets",Government Financial Statistics - GFS,Health,,,,,Dollars,6
GFSA.SLS03G04707,2019.06,0,FINAL,"Local Government, Expenses by Function, Net Acquisition of Non-financial Assets",Government Financial Statistics - GFS,Health,,,,,Dollars,6
GFSA.SLS03G04707,2020.06,0,FINAL,"Local Government, Expenses by Function, Net Acquisition of Non-financial Assets",Government Financial Statistics - GFS,Health,,,,,Dollars,6
GFSA.SLS03G04707,2021.06,0,FINAL,"Local Government, Expenses by Function, Net Acquisition of Non-financial Assets",Government Financial Statistics - GFS,Health,,,,,Dollars,6
GFSA.SLS03G04707,2022.06,0,FINAL,"Local Government, Expenses by Function, Net Acquisition of Non-financial Assets",Government Financial Statistics - GFS,Health,,,,,Dollars,6
GFSA.SLS03G04707,2023.06,0,FINAL,"Local Government, Expenses by Function, Net Acquisition of Non-financial Assets",Government Financial Statistics - GFS,Health,,,,,Dollars,6
GFSA.SLS03G04707,2024.06,0,FINAL,"Local Government, Expenses by Function, Net Acquisition of Non-financial Assets",Government Financial Statistics - GFS,Health,,,,,Dollars,6
GFSA.SLS03G04707,2025.06,0,PROVISIONAL,"Local Government, Expenses by Function, Net Acquisition of Non-financial Assets",Government Financial Statistics - GFS,Health,,,,,Dollars,6
GFSA.SLS03G04708,2009.06,240,FINAL,"Local Government, Expenses by Function, Net Acquisition of Non-financial Assets",Government Financial Statistics - GFS,"Recreation, culture, and religion",,,,,Dollars,6
GFSA.SLS03G04708,2010.06,246,FINAL,"Local Government, Expenses by Function, Net Acquisition of Non-financial Assets",Government Financial Statistics - GFS,"Recreation, culture, and religion",,,,,Dollars,6
GFSA.SLS03G04708,2011.06,280,FINAL,"Local Government, Expenses by Function, Net Acquisition of Non-financial Assets",Government Financial Statistics - GFS,"Recreation, culture, and religion",,,,,Dollars,6
GFSA.SLS03G04708,2012.06,79,FINAL,"Local Government, Expenses by Function, Net Acquisition of Non-financial Assets",Government Financial Statistics - GFS,"Recreation, culture, and religion",,,,,Dollars,6
GFSA.SLS03G04708,2013.06,14,FINAL,"Local Government, Expenses by Function, Net Acquisition of Non-financial Assets",Government Financial Statistics - GFS,"Recreation, culture, and religion",,,,,Dollars,6
GFSA.SLS03G04708,2014.06,30,FINAL,"Local Government, Expenses by Function, Net Acquisition of Non-financial Assets",Government Financial Statistics - GFS,"Recreation, culture, and religion",,,,,Dollars,6
GFSA.SLS03G04708,2015.06,136,FINAL,"Local Government, Expenses by Function, Net Acquisition of Non-financial Assets",Government Financial Statistics - GFS,"Recreation, culture, and religion",,,,,Dollars,6
GFSA.SLS03G04708,2016.06,30,FINAL,"Local Government, Expenses by Function, Net Acquisition of Non-financial Assets",Government Financial Statistics - GFS,"Recreation, culture, and religion",,,,,Dollars,6
GFSA.SLS03G04708,2017.06,214,FINAL,"Local Government, Expenses by Function, Net Acquisition of Non-financial Assets",Government Financial Statistics - GFS,"Recreation, culture, and religion",,,,,Dollars,6
GFSA.SLS03G04708,2018.06,426,FINAL,"Local Government, Expenses by Function, Net Acquisition of Non-financial Assets",Government Financial Statistics - GFS,"Recreation, culture, and religion",,,,,Dollars,6
GFSA.SLS03G04708,2019.06,253,FINAL,"Local Government, Expenses by Function, Net Acquisition of Non-financial Assets",Government Financial Statistics - GFS,"Recreation, culture, and religion",,,,,Dollars,6
GFSA.SLS03G04708,2020.06,453,FINAL,"Local Government, Expenses by Function, Net Acquisition of Non-financial Assets",Government Financial Statistics - GFS,"Recreation, culture, and religion",,,,,Dollars,6
GFSA.SLS03G04708,2021.06,321,FINAL,"Local Government, Expenses by Function, Net Acquisition of Non-financial Assets",Government Financial Statistics - GFS,"Recreation, culture, and religion",,,,,Dollars,6
GFSA.SLS03G04708,2022.06,256,FINAL,"Local Government, Expenses by Function, Net Acquisition of Non-financial Assets",Government Financial Statistics - GFS,"Recreation, culture, and religion",,,,,Dollars,6
GFSA.SLS03G04708,2023.06,789,REVISED,"Local Government, Expenses by Function, Net Acquisition of Non-financial Assets",Government Financial Statistics - GFS,"Recreation, culture, and religion",,,,,Dollars,6
GFSA.SLS03G04708,2024.06,858,REVISED,"Local Government, Expenses by Function, Net Acquisition of Non-financial Assets",Government Financial Statistics - GFS,"Recreation, culture, and religion",,,,,Dollars,6
GFSA.SLS03G04708,2025.06,981,PROVISIONAL,"Local Government, Expenses by Function, Net Acquisition of Non-financial Assets",Government Financial Statistics - GFS,"Recreation, culture, and religion",,,,,Dollars,6
GFSA.SLS03G04709,2009.06,0,FINAL,"Local Government, Expenses by Function, Net Acquisition of Non-financial Assets",Government Financial Statistics - GFS,Education,,,,,Dollars,6
GFSA.SLS03G04709,2010.06,0,FINAL,"Local Government, Expenses by Function, Net Acquisition of Non-financial Assets",Government Financial Statistics - GFS,Education,,,,,Dollars,6
GFSA.SLS03G04709,2011.06,0,FINAL,"Local Government, Expenses by Function, Net Acquisition of Non-financial Assets",Government Financial Statistics - GFS,Education,,,,,Dollars,6
GFSA.SLS03G04709,2012.06,0,FINAL,"Local Government, Expenses by Function, Net Acquisition of Non-financial Assets",Government Financial Statistics - GFS,Education,,,,,Dollars,6
GFSA.SLS03G04709,2013.06,0,FINAL,"Local Government, Expenses by Function, Net Acquisition of Non-financial Assets",Government Financial Statistics - GFS,Education,,,,,Dollars,6
GFSA.SLS03G04709,2014.06,0,FINAL,"Local Government, Expenses by Function, Net Acquisition of Non-financial Assets",Government Financial Statistics - GFS,Education,,,,,Dollars,6
GFSA.SLS03G04709,2015.06,0,FINAL,"Local Government, Expenses by Function, Net Acquisition of Non-financial Assets",Government Financial Statistics - GFS,Education,,,,,Dollars,6
GFSA.SLS03G04709,2016.06,0,FINAL,"Local Government, Expenses by Function, Net Acquisition of Non-financial Assets",Government Financial Statistics - GFS,Education,,,,,Dollars,6
GFSA.SLS03G04709,2017.06,0,FINAL,"Local Government, Expenses by Function, Net Acquisition of Non-financial Assets",Government Financial Statistics - GFS,Education,,,,,Dollars,6
GFSA.SLS03G04709,2018.06,0,FINAL,"Local Government, Expenses by Function, Net Acquisition of Non-financial Assets",Government Financial Statistics - GFS,Education,,,,,Dollars,6
GFSA.SLS03G04709,2019.06,0,FINAL,"Local Government, Expenses by Function, Net Acquisition of Non-financial Assets",Government Financial Statistics - GFS,Education,,,,,Dollars,6
GFSA.SLS03G04709,2020.06,0,FINAL,"Local Government, Expenses by Function, Net Acquisition of Non-financial Assets",Government Financial Statistics - GFS,Education,,,,,Dollars,6
GFSA.SLS03G04709,2021.06,0,FINAL,"Local Government, Expenses by Function, Net Acquisition of Non-financial Assets",Government Financial Statistics - GFS,Education,,,,,Dollars,6
GFSA.SLS03G04709,2022.06,0,FINAL,"Local Government, Expenses by Function, Net Acquisition of Non-financial Assets",Government Financial Statistics - GFS,Education,,,,,Dollars,6
GFSA.SLS03G04709,2023.06,0,FINAL,"Local Government, Expenses by Function, Net Acquisition of Non-financial Assets",Government Financial Statistics - GFS,Education,,,,,Dollars,6
GFSA.SLS03G04709,2024.06,0,FINAL,"Local Government, Expenses by Function, Net Acquisition of Non-financial Assets",Government Financial Statistics - GFS,Education,,,,,Dollars,6
GFSA.SLS03G04709,2025.06,0,PROVISIONAL,"Local Government, Expenses by Function, Net Acquisition of Non-financial Assets",Government Financial Statistics - GFS,Education,,,,,Dollars,6
GFSA.SLS03G04710,2009.06,0,FINAL,"Local Government, Expenses by Function, Net Acquisition of Non-financial Assets",Government Financial Statistics - GFS,Social protection,,,,,Dollars,6
GFSA.SLS03G04710,2010.06,0,FINAL,"Local Government, Expenses by Function, Net Acquisition of Non-financial Assets",Government Financial Statistics - GFS,Social protection,,,,,Dollars,6
GFSA.SLS03G04710,2011.06,0,FINAL,"Local Government, Expenses by Function, Net Acquisition of Non-financial Assets",Government Financial Statistics - GFS,Social protection,,,,,Dollars,6
GFSA.SLS03G04710,2012.06,0,FINAL,"Local Government, Expenses by Function, Net Acquisition of Non-financial Assets",Government Financial Statistics - GFS,Social protection,,,,,Dollars,6
GFSA.SLS03G04710,2013.06,0,FINAL,"Local Government, Expenses by Function, Net Acquisition of Non-financial Assets",Government Financial Statistics - GFS,Social protection,,,,,Dollars,6
GFSA.SLS03G04710,2014.06,0,FINAL,"Local Government, Expenses by Function, Net Acquisition of Non-financial Assets",Government Financial Statistics - GFS,Social protection,,,,,Dollars,6
GFSA.SLS03G04710,2015.06,0,FINAL,"Local Government, Expenses by Function, Net Acquisition of Non-financial Assets",Government Financial Statistics - GFS,Social protection,,,,,Dollars,6
GFSA.SLS03G04710,2016.06,0,FINAL,"Local Government, Expenses by Function, Net Acquisition of Non-financial Assets",Government Financial Statistics - GFS,Social protection,,,,,Dollars,6
GFSA.SLS03G04710,2017.06,0,FINAL,"Local Government, Expenses by Function, Net Acquisition of Non-financial Assets",Government Financial Statistics - GFS,Social protection,,,,,Dollars,6
GFSA.SLS03G04710,2018.06,0,FINAL,"Local Government, Expenses by Function, Net Acquisition of Non-financial Assets",Government Financial Statistics - GFS,Social protection,,,,,Dollars,6
GFSA.SLS03G04710,2019.06,0,FINAL,"Local Government, Expenses by Function, Net Acquisition of Non-financial Assets",Government Financial Statistics - GFS,Social protection,,,,,Dollars,6
GFSA.SLS03G04710,2020.06,0,FINAL,"Local Government, Expenses by Function, Net Acquisition of Non-financial Assets",Government Financial Statistics - GFS,Social protection,,,,,Dollars,6
GFSA.SLS03G04710,2021.06,0,FINAL,"Local Government, Expenses by Function, Net Acquisition of Non-financial Assets",Government Financial Statistics - GFS,Social protection,,,,,Dollars,6
GFSA.SLS03G04710,2022.06,0,FINAL,"Local Government, Expenses by Function, Net Acquisition of Non-financial Assets",Government Financial Statistics - GFS,Social protection,,,,,Dollars,6
GFSA.SLS03G04710,2023.06,0,FINAL,"Local Government, Expenses by Function, Net Acquisition of Non-financial Assets",Government Financial Statistics - GFS,Social protection,,,,,Dollars,6
GFSA.SLS03G04710,2024.06,0,FINAL,"Local Government, Expenses by Function, Net Acquisition of Non-financial Assets",Government Financial Statistics - GFS,Social protection,,,,,Dollars,6
GFSA.SLS03G04710,2025.06,0,PROVISIONAL,"Local Government, Expenses by Function, Net Acquisition of Non-financial Assets",Government Financial Statistics - GFS,Social protection,,,,,Dollars,6
GFSA.SLS04G00Z11,2009.06,4097,FINAL,"Local Government, Taxation Revenue, Total",Government Financial Statistics - GFS,Taxation revenue,,,,,Dollars,6
GFSA.SLS04G00Z11,2010.06,4289,FINAL,"Local Government, Taxation Revenue, Total",Government Financial Statistics - GFS,Taxation revenue,,,,,Dollars,6
GFSA.SLS04G00Z11,2011.06,4473,FINAL,"Local Government, Taxation Revenue, Total",Government Financial Statistics - GFS,Taxation revenue,,,,,Dollars,6
GFSA.SLS04G00Z11,2012.06,4653,FINAL,"Local Government, Taxation Revenue, Total",Government Financial Statistics - GFS,Taxation revenue,,,,,Dollars,6
GFSA.SLS04G00Z11,2013.06,4814,FINAL,"Local Government, Taxation Revenue, Total",Government Financial Statistics - GFS,Taxation revenue,,,,,Dollars,6
GFSA.SLS04G00Z11,2014.06,5107,FINAL,"Local Government, Taxation Revenue, Total",Government Financial Statistics - GFS,Taxation revenue,,,,,Dollars,6
GFSA.SLS04G00Z11,2015.06,5389,FINAL,"Local Government, Taxation Revenue, Total",Government Financial Statistics - GFS,Taxation revenue,,,,,Dollars,6
GFSA.SLS04G00Z11,2016.06,5749,FINAL,"Local Government, Taxation Revenue, Total",Government Financial Statistics - GFS,Taxation revenue,,,,,Dollars,6
GFSA.SLS04G00Z11,2017.06,6051,FINAL,"Local Government, Taxation Revenue, Total",Government Financial Statistics - GFS,Taxation revenue,,,,,Dollars,6
GFSA.SLS04G00Z11,2018.06,6360,FINAL,"Local Government, Taxation Revenue, Total",Government Financial Statistics - GFS,Taxation revenue,,,,,Dollars,6
GFSA.SLS04G00Z11,2019.06,6895,FINAL,"Local Government, Taxation Revenue, Total",Government Financial Statistics - GFS,Taxation revenue,,,,,Dollars,6
GFSA.SLS04G00Z11,2020.06,7147,FINAL,"Local Government, Taxation Revenue, Total",Government Financial Statistics - GFS,Taxation revenue,,,,,Dollars,6
GFSA.SLS04G00Z11,2021.06,7527,FINAL,"Local Government, Taxation Revenue, Total",Government Financial Statistics - GFS,Taxation revenue,,,,,Dollars,6
GFSA.SLS04G00Z11,2022.06,8239,FINAL,"Local Government, Taxation Revenue, Total",Government Financial Statistics - GFS,Taxation revenue,,,,,Dollars,6
GFSA.SLS04G00Z11,2023.06,8830,REVISED,"Local Government, Taxation Revenue, Total",Government Financial Statistics - GFS,Taxation revenue,,,,,Dollars,6
GFSA.SLS04G00Z11,2024.06,9473,REVISED,"Local Government, Taxation Revenue, Total",Government Financial Statistics - GFS,Taxation revenue,,,,,Dollars,6
GFSA.SLS04G00Z11,2025.06,10484,PROVISIONAL,"Local Government, Taxation Revenue, Total",Government Financial Statistics - GFS,Taxation revenue,,,,,Dollars,6
GFSA.SLS04G101110,2009.06,0,FINAL,"Local Government, Taxation Revenue, Taxes on Income, Profits and Capital Gains",Government Financial Statistics - GFS,"Taxes on income, profits, and capital gains",Total,,,,Dollars,6
GFSA.SLS04G101110,2010.06,0,FINAL,"Local Government, Taxation Revenue, Taxes on Income, Profits and Capital Gains",Government Financial Statistics - GFS,"Taxes on income, profits, and capital gains",Total,,,,Dollars,6
GFSA.SLS04G101110,2011.06,0,FINAL,"Local Government, Taxation Revenue, Taxes on Income, Profits and Capital Gains",Government Financial Statistics - GFS,"Taxes on income, profits, and capital gains",Total,,,,Dollars,6
GFSA.SLS04G101110,2012.06,0,FINAL,"Local Government, Taxation Revenue, Taxes on Income, Profits and Capital Gains",Government Financial Statistics - GFS,"Taxes on income, profits, and capital gains",Total,,,,Dollars,6
GFSA.SLS04G101110,2013.06,0,FINAL,"Local Government, Taxation Revenue, Taxes on Income, Profits and Capital Gains",Government Financial Statistics - GFS,"Taxes on income, profits, and capital gains",Total,,,,Dollars,6
GFSA.SLS04G101110,2014.06,0,FINAL,"Local Government, Taxation Revenue, Taxes on Income, Profits and Capital Gains",Government Financial Statistics - GFS,"Taxes on income, profits, and capital gains",Total,,,,Dollars,6
GFSA.SLS04G101110,2015.06,0,FINAL,"Local Government, Taxation Revenue, Taxes on Income, Profits and Capital Gains",Government Financial Statistics - GFS,"Taxes on income, profits, and capital gains",Total,,,,Dollars,6
GFSA.SLS04G101110,2016.06,0,FINAL,"Local Government, Taxation Revenue, Taxes on Income, Profits and Capital Gains",Government Financial Statistics - GFS,"Taxes on income, profits, and capital gains",Total,,,,Dollars,6
GFSA.SLS04G101110,2017.06,0,FINAL,"Local Government, Taxation Revenue, Taxes on Income, Profits and Capital Gains",Government Financial Statistics - GFS,"Taxes on income, profits, and capital gains",Total,,,,Dollars,6
GFSA.SLS04G101110,2018.06,0,FINAL,"Local Government, Taxation Revenue, Taxes on Income, Profits and Capital Gains",Government Financial Statistics - GFS,"Taxes on income, profits, and capital gains",Total,,,,Dollars,6
GFSA.SLS04G101110,2019.06,0,FINAL,"Local Government, Taxation Revenue, Taxes on Income, Profits and Capital Gains",Government Financial Statistics - GFS,"Taxes on income, profits, and capital gains",Total,,,,Dollars,6
GFSA.SLS04G101110,2020.06,0,FINAL,"Local Government, Taxation Revenue, Taxes on Income, Profits and Capital Gains",Government Financial Statistics - GFS,"Taxes on income, profits, and capital gains",Total,,,,Dollars,6
GFSA.SLS04G101110,2021.06,0,FINAL,"Local Government, Taxation Revenue, Taxes on Income, Profits and Capital Gains",Government Financial Statistics - GFS,"Taxes on income, profits, and capital gains",Total,,,,Dollars,6
GFSA.SLS04G101110,2022.06,0,FINAL,"Local Government, Taxation Revenue, Taxes on Income, Profits and Capital Gains",Government Financial Statistics - GFS,"Taxes on income, profits, and capital gains",Total,,,,Dollars,6
GFSA.SLS04G101110,2023.06,0,FINAL,"Local Government, Taxation Revenue, Taxes on Income, Profits and Capital Gains",Government Financial Statistics - GFS,"Taxes on income, profits, and capital gains",Total,,,,Dollars,6
GFSA.SLS04G101110,2024.06,0,FINAL,"Local Government, Taxation Revenue, Taxes on Income, Profits and Capital Gains",Government Financial Statistics - GFS,"Taxes on income, profits, and capital gains",Total,,,,Dollars,6
GFSA.SLS04G101110,2025.06,0,PROVISIONAL,"Local Government, Taxation Revenue, Taxes on Income, Profits and Capital Gains",Government Financial Statistics - GFS,"Taxes on income, profits, and capital gains",Total,,,,Dollars,6
GFSA.SLS04G101111,2009.06,0,FINAL,"Local Government, Taxation Revenue, Taxes on Income, Profits and Capital Gains",Government Financial Statistics - GFS,"Taxes on income, profits, and capital gains",Payable by individuals,,,,Dollars,6
GFSA.SLS04G101111,2010.06,0,FINAL,"Local Government, Taxation Revenue, Taxes on Income, Profits and Capital Gains",Government Financial Statistics - GFS,"Taxes on income, profits, and capital gains",Payable by individuals,,,,Dollars,6
GFSA.SLS04G101111,2011.06,0,FINAL,"Local Government, Taxation Revenue, Taxes on Income, Profits and Capital Gains",Government Financial Statistics - GFS,"Taxes on income, profits, and capital gains",Payable by individuals,,,,Dollars,6
GFSA.SLS04G101111,2012.06,0,FINAL,"Local Government, Taxation Revenue, Taxes on Income, Profits and Capital Gains",Government Financial Statistics - GFS,"Taxes on income, profits, and capital gains",Payable by individuals,,,,Dollars,6
GFSA.SLS04G101111,2013.06,0,FINAL,"Local Government, Taxation Revenue, Taxes on Income, Profits and Capital Gains",Government Financial Statistics - GFS,"Taxes on income, profits, and capital gains",Payable by individuals,,,,Dollars,6
GFSA.SLS04G101111,2014.06,0,FINAL,"Local Government, Taxation Revenue, Taxes on Income, Profits and Capital Gains",Government Financial Statistics - GFS,"Taxes on income, profits, and capital gains",Payable by individuals,,,,Dollars,6
GFSA.SLS04G101111,2015.06,0,FINAL,"Local Government, Taxation Revenue, Taxes on Income, Profits and Capital Gains",Government Financial Statistics - GFS,"Taxes on income, profits, and capital gains",Payable by individuals,,,,Dollars,6
GFSA.SLS04G101111,2016.06,0,FINAL,"Local Government, Taxation Revenue, Taxes on Income, Profits and Capital Gains",Government Financial Statistics - GFS,"Taxes on income, profits, and capital gains",Payable by individuals,,,,Dollars,6
GFSA.SLS04G101111,2017.06,0,FINAL,"Local Government, Taxation Revenue, Taxes on Income, Profits and Capital Gains",Government Financial Statistics - GFS,"Taxes on income, profits, and capital gains",Payable by individuals,,,,Dollars,6
GFSA.SLS04G101111,2018.06,0,FINAL,"Local Government, Taxation Revenue, Taxes on Income, Profits and Capital Gains",Government Financial Statistics - GFS,"Taxes on income, profits, and capital gains",Payable by individuals,,,,Dollars,6
GFSA.SLS04G101111,2019.06,0,FINAL,"Local Government, Taxation Revenue, Taxes on Income, Profits and Capital Gains",Government Financial Statistics - GFS,"Taxes on income, profits, and capital gains",Payable by individuals,,,,Dollars,6
GFSA.SLS04G101111,2020.06,0,FINAL,"Local Government, Taxation Revenue, Taxes on Income, Profits and Capital Gains",Government Financial Statistics - GFS,"Taxes on income, profits, and capital gains",Payable by individuals,,,,Dollars,6
GFSA.SLS04G101111,2021.06,0,FINAL,"Local Government, Taxation Revenue, Taxes on Income, Profits and Capital Gains",Government Financial Statistics - GFS,"Taxes on income, profits, and capital gains",Payable by individuals,,,,Dollars,6
GFSA.SLS04G101111,2022.06,0,FINAL,"Local Government, Taxation Revenue, Taxes on Income, Profits and Capital Gains",Government Financial Statistics - GFS,"Taxes on income, profits, and capital gains",Payable by individuals,,,,Dollars,6
GFSA.SLS04G101111,2023.06,0,FINAL,"Local Government, Taxation Revenue, Taxes on Income, Profits and Capital Gains",Government Financial Statistics - GFS,"Taxes on income, profits, and capital gains",Payable by individuals,,,,Dollars,6
GFSA.SLS04G101111,2024.06,0,FINAL,"Local Government, Taxation Revenue, Taxes on Income, Profits and Capital Gains",Government Financial Statistics - GFS,"Taxes on income, profits, and capital gains",Payable by individuals,,,,Dollars,6
GFSA.SLS04G101111,2025.06,0,PROVISIONAL,"Local Government, Taxation Revenue, Taxes on Income, Profits and Capital Gains",Government Financial Statistics - GFS,"Taxes on income, profits, and capital gains",Payable by individuals,,,,Dollars,6
GFSA.SLS04G101112,2009.06,0,FINAL,"Local Government, Taxation Revenue, Taxes on Income, Profits and Capital Gains",Government Financial Statistics - GFS,"Taxes on income, profits, and capital gains",Payable by corporations,,,,Dollars,6
GFSA.SLS04G101112,2010.06,0,FINAL,"Local Government, Taxation Revenue, Taxes on Income, Profits and Capital Gains",Government Financial Statistics - GFS,"Taxes on income, profits, and capital gains",Payable by corporations,,,,Dollars,6
GFSA.SLS04G101112,2011.06,0,FINAL,"Local Government, Taxation Revenue, Taxes on Income, Profits and Capital Gains",Government Financial Statistics - GFS,"Taxes on income, profits, and capital gains",Payable by corporations,,,,Dollars,6
GFSA.SLS04G101112,2012.06,0,FINAL,"Local Government, Taxation Revenue, Taxes on Income, Profits and Capital Gains",Government Financial Statistics - GFS,"Taxes on income, profits, and capital gains",Payable by corporations,,,,Dollars,6
GFSA.SLS04G101112,2013.06,0,FINAL,"Local Government, Taxation Revenue, Taxes on Income, Profits and Capital Gains",Government Financial Statistics - GFS,"Taxes on income, profits, and capital gains",Payable by corporations,,,,Dollars,6
GFSA.SLS04G101112,2014.06,0,FINAL,"Local Government, Taxation Revenue, Taxes on Income, Profits and Capital Gains",Government Financial Statistics - GFS,"Taxes on income, profits, and capital gains",Payable by corporations,,,,Dollars,6
GFSA.SLS04G101112,2015.06,0,FINAL,"Local Government, Taxation Revenue, Taxes on Income, Profits and Capital Gains",Government Financial Statistics - GFS,"Taxes on income, profits, and capital gains",Payable by corporations,,,,Dollars,6
GFSA.SLS04G101112,2016.06,0,FINAL,"Local Government, Taxation Revenue, Taxes on Income, Profits and Capital Gains",Government Financial Statistics - GFS,"Taxes on income, profits, and capital gains",Payable by corporations,,,,Dollars,6
GFSA.SLS04G101112,2017.06,0,FINAL,"Local Government, Taxation Revenue, Taxes on Income, Profits and Capital Gains",Government Financial Statistics - GFS,"Taxes on income, profits, and capital gains",Payable by corporations,,,,Dollars,6
GFSA.SLS04G101112,2018.06,0,FINAL,"Local Government, Taxation Revenue, Taxes on Income, Profits and Capital Gains",Government Financial Statistics - GFS,"Taxes on income, profits, and capital gains",Payable by corporations,,,,Dollars,6
GFSA.SLS04G101112,2019.06,0,FINAL,"Local Government, Taxation Revenue, Taxes on Income, Profits and Capital Gains",Government Financial Statistics - GFS,"Taxes on income, profits, and capital gains",Payable by corporations,,,,Dollars,6
GFSA.SLS04G101112,2020.06,0,FINAL,"Local Government, Taxation Revenue, Taxes on Income, Profits and Capital Gains",Government Financial Statistics - GFS,"Taxes on income, profits, and capital gains",Payable by corporations,,,,Dollars,6
GFSA.SLS04G101112,2021.06,0,FINAL,"Local Government, Taxation Revenue, Taxes on Income, Profits and Capital Gains",Government Financial Statistics - GFS,"Taxes on income, profits, and capital gains",Payable by corporations,,,,Dollars,6
GFSA.SLS04G101112,2022.06,0,FINAL,"Local Government, Taxation Revenue, Taxes on Income, Profits and Capital Gains",Government Financial Statistics - GFS,"Taxes on income, profits, and capital gains",Payable by corporations,,,,Dollars,6
GFSA.SLS04G101112,2023.06,0,FINAL,"Local Government, Taxation Revenue, Taxes on Income, Profits and Capital Gains",Government Financial Statistics - GFS,"Taxes on income, profits, and capital gains",Payable by corporations,,,,Dollars,6
GFSA.SLS04G101112,2024.06,0,FINAL,"Local Government, Taxation Revenue, Taxes on Income, Profits and Capital Gains",Government Financial Statistics - GFS,"Taxes on income, profits, and capital gains",Payable by corporations,,,,Dollars,6
GFSA.SLS04G101112,2025.06,0,PROVISIONAL,"Local Government, Taxation Revenue, Taxes on Income, Profits and Capital Gains",Government Financial Statistics - GFS,"Taxes on income, profits, and capital gains",Payable by corporations,,,,Dollars,6
GFSA.SLS04G101113,2009.06,0,FINAL,"Local Government, Taxation Revenue, Taxes on Income, Profits and Capital Gains",Government Financial Statistics - GFS,"Taxes on income, profits, and capital gains",Unallocable,,,,Dollars,6
GFSA.SLS04G101113,2010.06,0,FINAL,"Local Government, Taxation Revenue, Taxes on Income, Profits and Capital Gains",Government Financial Statistics - GFS,"Taxes on income, profits, and capital gains",Unallocable,,,,Dollars,6
GFSA.SLS04G101113,2011.06,0,FINAL,"Local Government, Taxation Revenue, Taxes on Income, Profits and Capital Gains",Government Financial Statistics - GFS,"Taxes on income, profits, and capital gains",Unallocable,,,,Dollars,6
GFSA.SLS04G101113,2012.06,0,FINAL,"Local Government, Taxation Revenue, Taxes on Income, Profits and Capital Gains",Government Financial Statistics - GFS,"Taxes on income, profits, and capital gains",Unallocable,,,,Dollars,6
GFSA.SLS04G101113,2013.06,0,FINAL,"Local Government, Taxation Revenue, Taxes on Income, Profits and Capital Gains",Government Financial Statistics - GFS,"Taxes on income, profits, and capital gains",Unallocable,,,,Dollars,6
GFSA.SLS04G101113,2014.06,0,FINAL,"Local Government, Taxation Revenue, Taxes on Income, Profits and Capital Gains",Government Financial Statistics - GFS,"Taxes on income, profits, and capital gains",Unallocable,,,,Dollars,6
GFSA.SLS04G101113,2015.06,0,FINAL,"Local Government, Taxation Revenue, Taxes on Income, Profits and Capital Gains",Government Financial Statistics - GFS,"Taxes on income, profits, and capital gains",Unallocable,,,,Dollars,6
GFSA.SLS04G101113,2016.06,0,FINAL,"Local Government, Taxation Revenue, Taxes on Income, Profits and Capital Gains",Government Financial Statistics - GFS,"Taxes on income, profits, and capital gains",Unallocable,,,,Dollars,6
GFSA.SLS04G101113,2017.06,0,FINAL,"Local Government, Taxation Revenue, Taxes on Income, Profits and Capital Gains",Government Financial Statistics - GFS,"Taxes on income, profits, and capital gains",Unallocable,,,,Dollars,6
GFSA.SLS04G101113,2018.06,0,FINAL,"Local Government, Taxation Revenue, Taxes on Income, Profits and Capital Gains",Government Financial Statistics - GFS,"Taxes on income, profits, and capital gains",Unallocable,,,,Dollars,6
GFSA.SLS04G101113,2019.06,0,FINAL,"Local Government, Taxation Revenue, Taxes on Income, Profits and Capital Gains",Government Financial Statistics - GFS,"Taxes on income, profits, and capital gains",Unallocable,,,,Dollars,6
GFSA.SLS04G101113,2020.06,0,FINAL,"Local Government, Taxation Revenue, Taxes on Income, Profits and Capital Gains",Government Financial Statistics - GFS,"Taxes on income, profits, and capital gains",Unallocable,,,,Dollars,6
GFSA.SLS04G101113,2021.06,0,FINAL,"Local Government, Taxation Revenue, Taxes on Income, Profits and Capital Gains",Government Financial Statistics - GFS,"Taxes on income, profits, and capital gains",Unallocable,,,,Dollars,6
GFSA.SLS04G101113,2022.06,0,FINAL,"Local Government, Taxation Revenue, Taxes on Income, Profits and Capital Gains",Government Financial Statistics - GFS,"Taxes on income, profits, and capital gains",Unallocable,,,,Dollars,6
GFSA.SLS04G101113,2023.06,0,FINAL,"Local Government, Taxation Revenue, Taxes on Income, Profits and Capital Gains",Government Financial Statistics - GFS,"Taxes on income, profits, and capital gains",Unallocable,,,,Dollars,6
GFSA.SLS04G101113,2024.06,0,FINAL,"Local Government, Taxation Revenue, Taxes on Income, Profits and Capital Gains",Government Financial Statistics - GFS,"Taxes on income, profits, and capital gains",Unallocable,,,,Dollars,6
GFSA.SLS04G101113,2025.06,0,PROVISIONAL,"Local Government, Taxation Revenue, Taxes on Income, Profits and Capital Gains",Government Financial Statistics - GFS,"Taxes on income, profits, and capital gains",Unallocable,,,,Dollars,6
GFSA.SLS04G111130,2009.06,3789,FINAL,"Local Government, Taxation Revenue, Taxes on Property",Government Financial Statistics - GFS,Taxes on property,Total,,,,Dollars,6
GFSA.SLS04G111130,2010.06,3951,FINAL,"Local Government, Taxation Revenue, Taxes on Property",Government Financial Statistics - GFS,Taxes on property,Total,,,,Dollars,6
GFSA.SLS04G111130,2011.06,4173,FINAL,"Local Government, Taxation Revenue, Taxes on Property",Government Financial Statistics - GFS,Taxes on property,Total,,,,Dollars,6
GFSA.SLS04G111130,2012.06,4353,FINAL,"Local Government, Taxation Revenue, Taxes on Property",Government Financial Statistics - GFS,Taxes on property,Total,,,,Dollars,6
GFSA.SLS04G111130,2013.06,4491,FINAL,"Local Government, Taxation Revenue, Taxes on Property",Government Financial Statistics - GFS,Taxes on property,Total,,,,Dollars,6
GFSA.SLS04G111130,2014.06,4752,FINAL,"Local Government, Taxation Revenue, Taxes on Property",Government Financial Statistics - GFS,Taxes on property,Total,,,,Dollars,6
GFSA.SLS04G111130,2015.06,4969,FINAL,"Local Government, Taxation Revenue, Taxes on Property",Government Financial Statistics - GFS,Taxes on property,Total,,,,Dollars,6
GFSA.SLS04G111130,2016.06,5284,FINAL,"Local Government, Taxation Revenue, Taxes on Property",Government Financial Statistics - GFS,Taxes on property,Total,,,,Dollars,6
GFSA.SLS04G111130,2017.06,5558,FINAL,"Local Government, Taxation Revenue, Taxes on Property",Government Financial Statistics - GFS,Taxes on property,Total,,,,Dollars,6
GFSA.SLS04G111130,2018.06,5839,FINAL,"Local Government, Taxation Revenue, Taxes on Property",Government Financial Statistics - GFS,Taxes on property,Total,,,,Dollars,6
GFSA.SLS04G111130,2019.06,6172,FINAL,"Local Government, Taxation Revenue, Taxes on Property",Government Financial Statistics - GFS,Taxes on property,Total,,,,Dollars,6
GFSA.SLS04G111130,2020.06,6446,FINAL,"Local Government, Taxation Revenue, Taxes on Property",Government Financial Statistics - GFS,Taxes on property,Total,,,,Dollars,6
GFSA.SLS04G111130,2021.06,6785,FINAL,"Local Government, Taxation Revenue, Taxes on Property",Government Financial Statistics - GFS,Taxes on property,Total,,,,Dollars,6
GFSA.SLS04G111130,2022.06,7457,FINAL,"Local Government, Taxation Revenue, Taxes on Property",Government Financial Statistics - GFS,Taxes on property,Total,,,,Dollars,6
GFSA.SLS04G111130,2023.06,8028,REVISED,"Local Government, Taxation Revenue, Taxes on Property",Government Financial Statistics - GFS,Taxes on property,Total,,,,Dollars,6
GFSA.SLS04G111130,2024.06,8678,REVISED,"Local Government, Taxation Revenue, Taxes on Property",Government Financial Statistics - GFS,Taxes on property,Total,,,,Dollars,6
GFSA.SLS04G111130,2025.06,9742,PROVISIONAL,"Local Government, Taxation Revenue, Taxes on Property",Government Financial Statistics - GFS,Taxes on property,Total,,,,Dollars,6
GFSA.SLS04G111131,2009.06,3593,FINAL,"Local Government, Taxation Revenue, Taxes on Property",Government Financial Statistics - GFS,Taxes on property,Recurrent taxes on immovable property,,,,Dollars,6
GFSA.SLS04G111131,2010.06,3773,FINAL,"Local Government, Taxation Revenue, Taxes on Property",Government Financial Statistics - GFS,Taxes on property,Recurrent taxes on immovable property,,,,Dollars,6
GFSA.SLS04G111131,2011.06,4031,FINAL,"Local Government, Taxation Revenue, Taxes on Property",Government Financial Statistics - GFS,Taxes on property,Recurrent taxes on immovable property,,,,Dollars,6
GFSA.SLS04G111131,2012.06,4208,FINAL,"Local Government, Taxation Revenue, Taxes on Property",Government Financial Statistics - GFS,Taxes on property,Recurrent taxes on immovable property,,,,Dollars,6
GFSA.SLS04G111131,2013.06,4302,FINAL,"Local Government, Taxation Revenue, Taxes on Property",Government Financial Statistics - GFS,Taxes on property,Recurrent taxes on immovable property,,,,Dollars,6
GFSA.SLS04G111131,2014.06,4492,FINAL,"Local Government, Taxation Revenue, Taxes on Property",Government Financial Statistics - GFS,Taxes on property,Recurrent taxes on immovable property,,,,Dollars,6
GFSA.SLS04G111131,2015.06,4693,FINAL,"Local Government, Taxation Revenue, Taxes on Property",Government Financial Statistics - GFS,Taxes on property,Recurrent taxes on immovable property,,,,Dollars,6
GFSA.SLS04G111131,2016.06,4962,FINAL,"Local Government, Taxation Revenue, Taxes on Property",Government Financial Statistics - GFS,Taxes on property,Recurrent taxes on immovable property,,,,Dollars,6
GFSA.SLS04G111131,2017.06,5177,FINAL,"Local Government, Taxation Revenue, Taxes on Property",Government Financial Statistics - GFS,Taxes on property,Recurrent taxes on immovable property,,,,Dollars,6
GFSA.SLS04G111131,2018.06,5427,FINAL,"Local Government, Taxation Revenue, Taxes on Property",Government Financial Statistics - GFS,Taxes on property,Recurrent taxes on immovable property,,,,Dollars,6
GFSA.SLS04G111131,2019.06,5735,FINAL,"Local Government, Taxation Revenue, Taxes on Property",Government Financial Statistics - GFS,Taxes on property,Recurrent taxes on immovable property,,,,Dollars,6
GFSA.SLS04G111131,2020.06,6037,FINAL,"Local Government, Taxation Revenue, Taxes on Property",Government Financial Statistics - GFS,Taxes on property,Recurrent taxes on immovable property,,,,Dollars,6
GFSA.SLS04G111131,2021.06,6271,FINAL,"Local Government, Taxation Revenue, Taxes on Property",Government Financial Statistics - GFS,Taxes on property,Recurrent taxes on immovable property,,,,Dollars,6
GFSA.SLS04G111131,2022.06,6885,FINAL,"Local Government, Taxation Revenue, Taxes on Property",Government Financial Statistics - GFS,Taxes on property,Recurrent taxes on immovable property,,,,Dollars,6
GFSA.SLS04G111131,2023.06,7419,FINAL,"Local Government, Taxation Revenue, Taxes on Property",Government Financial Statistics - GFS,Taxes on property,Recurrent taxes on immovable property,,,,Dollars,6
GFSA.SLS04G111131,2024.06,8165,REVISED,"Local Government, Taxation Revenue, Taxes on Property",Government Financial Statistics - GFS,Taxes on property,Recurrent taxes on immovable property,,,,Dollars,6
GFSA.SLS04G111131,2025.06,9290,PROVISIONAL,"Local Government, Taxation Revenue, Taxes on Property",Government Financial Statistics - GFS,Taxes on property,Recurrent taxes on immovable property,,,,Dollars,6
GFSA.SLS04G111132,2009.06,0,FINAL,"Local Government, Taxation Revenue, Taxes on Property",Government Financial Statistics - GFS,Taxes on property,Recurrent taxes on net worth,,,,Dollars,6
GFSA.SLS04G111132,2010.06,0,FINAL,"Local Government, Taxation Revenue, Taxes on Property",Government Financial Statistics - GFS,Taxes on property,Recurrent taxes on net worth,,,,Dollars,6
GFSA.SLS04G111132,2011.06,0,FINAL,"Local Government, Taxation Revenue, Taxes on Property",Government Financial Statistics - GFS,Taxes on property,Recurrent taxes on net worth,,,,Dollars,6
GFSA.SLS04G111132,2012.06,0,FINAL,"Local Government, Taxation Revenue, Taxes on Property",Government Financial Statistics - GFS,Taxes on property,Recurrent taxes on net worth,,,,Dollars,6
GFSA.SLS04G111132,2013.06,0,FINAL,"Local Government, Taxation Revenue, Taxes on Property",Government Financial Statistics - GFS,Taxes on property,Recurrent taxes on net worth,,,,Dollars,6
GFSA.SLS04G111132,2014.06,0,FINAL,"Local Government, Taxation Revenue, Taxes on Property",Government Financial Statistics - GFS,Taxes on property,Recurrent taxes on net worth,,,,Dollars,6
GFSA.SLS04G111132,2015.06,0,FINAL,"Local Government, Taxation Revenue, Taxes on Property",Government Financial Statistics - GFS,Taxes on property,Recurrent taxes on net worth,,,,Dollars,6
GFSA.SLS04G111132,2016.06,0,FINAL,"Local Government, Taxation Revenue, Taxes on Property",Government Financial Statistics - GFS,Taxes on property,Recurrent taxes on net worth,,,,Dollars,6
GFSA.SLS04G111132,2017.06,0,FINAL,"Local Government, Taxation Revenue, Taxes on Property",Government Financial Statistics - GFS,Taxes on property,Recurrent taxes on net worth,,,,Dollars,6
GFSA.SLS04G111132,2018.06,0,FINAL,"Local Government, Taxation Revenue, Taxes on Property",Government Financial Statistics - GFS,Taxes on property,Recurrent taxes on net worth,,,,Dollars,6
GFSA.SLS04G111132,2019.06,0,FINAL,"Local Government, Taxation Revenue, Taxes on Property",Government Financial Statistics - GFS,Taxes on property,Recurrent taxes on net worth,,,,Dollars,6
GFSA.SLS04G111132,2020.06,0,FINAL,"Local Government, Taxation Revenue, Taxes on Property",Government Financial Statistics - GFS,Taxes on property,Recurrent taxes on net worth,,,,Dollars,6
GFSA.SLS04G111132,2021.06,0,FINAL,"Local Government, Taxation Revenue, Taxes on Property",Government Financial Statistics - GFS,Taxes on property,Recurrent taxes on net worth,,,,Dollars,6
GFSA.SLS04G111132,2022.06,0,FINAL,"Local Government, Taxation Revenue, Taxes on Property",Government Financial Statistics - GFS,Taxes on property,Recurrent taxes on net worth,,,,Dollars,6
GFSA.SLS04G111132,2023.06,0,FINAL,"Local Government, Taxation Revenue, Taxes on Property",Government Financial Statistics - GFS,Taxes on property,Recurrent taxes on net worth,,,,Dollars,6
GFSA.SLS04G111132,2024.06,0,FINAL,"Local Government, Taxation Revenue, Taxes on Property",Government Financial Statistics - GFS,Taxes on property,Recurrent taxes on net worth,,,,Dollars,6
GFSA.SLS04G111132,2025.06,0,PROVISIONAL,"Local Government, Taxation Revenue, Taxes on Property",Government Financial Statistics - GFS,Taxes on property,Recurrent taxes on net worth,,,,Dollars,6
GFSA.SLS04G111133,2009.06,0,FINAL,"Local Government, Taxation Revenue, Taxes on Property",Government Financial Statistics - GFS,Taxes on property,"Estate, inheritence, and gift taxes",,,,Dollars,6
GFSA.SLS04G111133,2010.06,0,FINAL,"Local Government, Taxation Revenue, Taxes on Property",Government Financial Statistics - GFS,Taxes on property,"Estate, inheritence, and gift taxes",,,,Dollars,6
GFSA.SLS04G111133,2011.06,0,FINAL,"Local Government, Taxation Revenue, Taxes on Property",Government Financial Statistics - GFS,Taxes on property,"Estate, inheritence, and gift taxes",,,,Dollars,6
GFSA.SLS04G111133,2012.06,0,FINAL,"Local Government, Taxation Revenue, Taxes on Property",Government Financial Statistics - GFS,Taxes on property,"Estate, inheritence, and gift taxes",,,,Dollars,6
GFSA.SLS04G111133,2013.06,0,FINAL,"Local Government, Taxation Revenue, Taxes on Property",Government Financial Statistics - GFS,Taxes on property,"Estate, inheritence, and gift taxes",,,,Dollars,6
GFSA.SLS04G111133,2014.06,0,FINAL,"Local Government, Taxation Revenue, Taxes on Property",Government Financial Statistics - GFS,Taxes on property,"Estate, inheritence, and gift taxes",,,,Dollars,6
GFSA.SLS04G111133,2015.06,0,FINAL,"Local Government, Taxation Revenue, Taxes on Property",Government Financial Statistics - GFS,Taxes on property,"Estate, inheritence, and gift taxes",,,,Dollars,6
GFSA.SLS04G111133,2016.06,0,FINAL,"Local Government, Taxation Revenue, Taxes on Property",Government Financial Statistics - GFS,Taxes on property,"Estate, inheritence, and gift taxes",,,,Dollars,6
GFSA.SLS04G111133,2017.06,0,FINAL,"Local Government, Taxation Revenue, Taxes on Property",Government Financial Statistics - GFS,Taxes on property,"Estate, inheritence, and gift taxes",,,,Dollars,6
GFSA.SLS04G111133,2018.06,0,FINAL,"Local Government, Taxation Revenue, Taxes on Property",Government Financial Statistics - GFS,Taxes on property,"Estate, inheritence, and gift taxes",,,,Dollars,6
GFSA.SLS04G111133,2019.06,0,FINAL,"Local Government, Taxation Revenue, Taxes on Property",Government Financial Statistics - GFS,Taxes on property,"Estate, inheritence, and gift taxes",,,,Dollars,6
GFSA.SLS04G111133,2020.06,0,FINAL,"Local Government, Taxation Revenue, Taxes on Property",Government Financial Statistics - GFS,Taxes on property,"Estate, inheritence, and gift taxes",,,,Dollars,6
GFSA.SLS04G111133,2021.06,0,FINAL,"Local Government, Taxation Revenue, Taxes on Property",Government Financial Statistics - GFS,Taxes on property,"Estate, inheritence, and gift taxes",,,,Dollars,6
GFSA.SLS04G111133,2022.06,0,FINAL,"Local Government, Taxation Revenue, Taxes on Property",Government Financial Statistics - GFS,Taxes on property,"Estate, inheritence, and gift taxes",,,,Dollars,6
GFSA.SLS04G111133,2023.06,0,FINAL,"Local Government, Taxation Revenue, Taxes on Property",Government Financial Statistics - GFS,Taxes on property,"Estate, inheritence, and gift taxes",,,,Dollars,6
GFSA.SLS04G111133,2024.06,0,FINAL,"Local Government, Taxation Revenue, Taxes on Property",Government Financial Statistics - GFS,Taxes on property,"Estate, inheritence, and gift taxes",,,,Dollars,6
GFSA.SLS04G111133,2025.06,0,PROVISIONAL,"Local Government, Taxation Revenue, Taxes on Property",Government Financial Statistics - GFS,Taxes on property,"Estate, inheritence, and gift taxes",,,,Dollars,6
GFSA.SLS04G111134,2009.06,0,FINAL,"Local Government, Taxation Revenue, Taxes on Property",Government Financial Statistics - GFS,Taxes on property,Taxes on financial and capital transactions,,,,Dollars,6
GFSA.SLS04G111134,2010.06,0,FINAL,"Local Government, Taxation Revenue, Taxes on Property",Government Financial Statistics - GFS,Taxes on property,Taxes on financial and capital transactions,,,,Dollars,6
GFSA.SLS04G111134,2011.06,0,FINAL,"Local Government, Taxation Revenue, Taxes on Property",Government Financial Statistics - GFS,Taxes on property,Taxes on financial and capital transactions,,,,Dollars,6
GFSA.SLS04G111134,2012.06,0,FINAL,"Local Government, Taxation Revenue, Taxes on Property",Government Financial Statistics - GFS,Taxes on property,Taxes on financial and capital transactions,,,,Dollars,6
GFSA.SLS04G111134,2013.06,0,FINAL,"Local Government, Taxation Revenue, Taxes on Property",Government Financial Statistics - GFS,Taxes on property,Taxes on financial and capital transactions,,,,Dollars,6
GFSA.SLS04G111134,2014.06,0,FINAL,"Local Government, Taxation Revenue, Taxes on Property",Government Financial Statistics - GFS,Taxes on property,Taxes on financial and capital transactions,,,,Dollars,6
GFSA.SLS04G111134,2015.06,0,FINAL,"Local Government, Taxation Revenue, Taxes on Property",Government Financial Statistics - GFS,Taxes on property,Taxes on financial and capital transactions,,,,Dollars,6
GFSA.SLS04G111134,2016.06,0,FINAL,"Local Government, Taxation Revenue, Taxes on Property",Government Financial Statistics - GFS,Taxes on property,Taxes on financial and capital transactions,,,,Dollars,6
GFSA.SLS04G111134,2017.06,0,FINAL,"Local Government, Taxation Revenue, Taxes on Property",Government Financial Statistics - GFS,Taxes on property,Taxes on financial and capital transactions,,,,Dollars,6
GFSA.SLS04G111134,2018.06,0,FINAL,"Local Government, Taxation Revenue, Taxes on Property",Government Financial Statistics - GFS,Taxes on property,Taxes on financial and capital transactions,,,,Dollars,6
GFSA.SLS04G111134,2019.06,0,FINAL,"Local Government, Taxation Revenue, Taxes on Property",Government Financial Statistics - GFS,Taxes on property,Taxes on financial and capital transactions,,,,Dollars,6
GFSA.SLS04G111134,2020.06,0,FINAL,"Local Government, Taxation Revenue, Taxes on Property",Government Financial Statistics - GFS,Taxes on property,Taxes on financial and capital transactions,,,,Dollars,6
GFSA.SLS04G111134,2021.06,0,FINAL,"Local Government, Taxation Revenue, Taxes on Property",Government Financial Statistics - GFS,Taxes on property,Taxes on financial and capital transactions,,,,Dollars,6
GFSA.SLS04G111134,2022.06,0,FINAL,"Local Government, Taxation Revenue, Taxes on Property",Government Financial Statistics - GFS,Taxes on property,Taxes on financial and capital transactions,,,,Dollars,6
GFSA.SLS04G111134,2023.06,0,FINAL,"Local Government, Taxation Revenue, Taxes on Property",Government Financial Statistics - GFS,Taxes on property,Taxes on financial and capital transactions,,,,Dollars,6
GFSA.SLS04G111134,2024.06,0,FINAL,"Local Government, Taxation Revenue, Taxes on Property",Government Financial Statistics - GFS,Taxes on property,Taxes on financial and capital transactions,,,,Dollars,6
GFSA.SLS04G111134,2025.06,0,PROVISIONAL,"Local Government, Taxation Revenue, Taxes on Property",Government Financial Statistics - GFS,Taxes on property,Taxes on financial and capital transactions,,,,Dollars,6
GFSA.SLS04G111135,2009.06,196,FINAL,"Local Government, Taxation Revenue, Taxes on Property",Government Financial Statistics - GFS,Taxes on property,Other non-recurrent taxes on property,,,,Dollars,6
GFSA.SLS04G111135,2010.06,178,FINAL,"Local Government, Taxation Revenue, Taxes on Property",Government Financial Statistics - GFS,Taxes on property,Other non-recurrent taxes on property,,,,Dollars,6
GFSA.SLS04G111135,2011.06,142,FINAL,"Local Government, Taxation Revenue, Taxes on Property",Government Financial Statistics - GFS,Taxes on property,Other non-recurrent taxes on property,,,,Dollars,6
GFSA.SLS04G111135,2012.06,145,FINAL,"Local Government, Taxation Revenue, Taxes on Property",Government Financial Statistics - GFS,Taxes on property,Other non-recurrent taxes on property,,,,Dollars,6
GFSA.SLS04G111135,2013.06,189,FINAL,"Local Government, Taxation Revenue, Taxes on Property",Government Financial Statistics - GFS,Taxes on property,Other non-recurrent taxes on property,,,,Dollars,6
GFSA.SLS04G111135,2014.06,261,FINAL,"Local Government, Taxation Revenue, Taxes on Property",Government Financial Statistics - GFS,Taxes on property,Other non-recurrent taxes on property,,,,Dollars,6
GFSA.SLS04G111135,2015.06,276,FINAL,"Local Government, Taxation Revenue, Taxes on Property",Government Financial Statistics - GFS,Taxes on property,Other non-recurrent taxes on property,,,,Dollars,6
GFSA.SLS04G111135,2016.06,322,FINAL,"Local Government, Taxation Revenue, Taxes on Property",Government Financial Statistics - GFS,Taxes on property,Other non-recurrent taxes on property,,,,Dollars,6
GFSA.SLS04G111135,2017.06,381,FINAL,"Local Government, Taxation Revenue, Taxes on Property",Government Financial Statistics - GFS,Taxes on property,Other non-recurrent taxes on property,,,,Dollars,6
GFSA.SLS04G111135,2018.06,413,FINAL,"Local Government, Taxation Revenue, Taxes on Property",Government Financial Statistics - GFS,Taxes on property,Other non-recurrent taxes on property,,,,Dollars,6
GFSA.SLS04G111135,2019.06,437,FINAL,"Local Government, Taxation Revenue, Taxes on Property",Government Financial Statistics - GFS,Taxes on property,Other non-recurrent taxes on property,,,,Dollars,6
GFSA.SLS04G111135,2020.06,409,FINAL,"Local Government, Taxation Revenue, Taxes on Property",Government Financial Statistics - GFS,Taxes on property,Other non-recurrent taxes on property,,,,Dollars,6
GFSA.SLS04G111135,2021.06,514,FINAL,"Local Government, Taxation Revenue, Taxes on Property",Government Financial Statistics - GFS,Taxes on property,Other non-recurrent taxes on property,,,,Dollars,6
GFSA.SLS04G111135,2022.06,571,FINAL,"Local Government, Taxation Revenue, Taxes on Property",Government Financial Statistics - GFS,Taxes on property,Other non-recurrent taxes on property,,,,Dollars,6
GFSA.SLS04G111135,2023.06,610,REVISED,"Local Government, Taxation Revenue, Taxes on Property",Government Financial Statistics - GFS,Taxes on property,Other non-recurrent taxes on property,,,,Dollars,6
GFSA.SLS04G111135,2024.06,514,REVISED,"Local Government, Taxation Revenue, Taxes on Property",Government Financial Statistics - GFS,Taxes on property,Other non-recurrent taxes on property,,,,Dollars,6
GFSA.SLS04G111135,2025.06,452,PROVISIONAL,"Local Government, Taxation Revenue, Taxes on Property",Government Financial Statistics - GFS,Taxes on property,Other non-recurrent taxes on property,,,,Dollars,6
GFSA.SLS04G111136,2009.06,0,FINAL,"Local Government, Taxation Revenue, Taxes on Property",Government Financial Statistics - GFS,Taxes on property,Other recurrent taxes on property,,,,Dollars,6
GFSA.SLS04G111136,2010.06,0,FINAL,"Local Government, Taxation Revenue, Taxes on Property",Government Financial Statistics - GFS,Taxes on property,Other recurrent taxes on property,,,,Dollars,6
GFSA.SLS04G111136,2011.06,0,FINAL,"Local Government, Taxation Revenue, Taxes on Property",Government Financial Statistics - GFS,Taxes on property,Other recurrent taxes on property,,,,Dollars,6
GFSA.SLS04G111136,2012.06,0,FINAL,"Local Government, Taxation Revenue, Taxes on Property",Government Financial Statistics - GFS,Taxes on property,Other recurrent taxes on property,,,,Dollars,6
GFSA.SLS04G111136,2013.06,0,FINAL,"Local Government, Taxation Revenue, Taxes on Property",Government Financial Statistics - GFS,Taxes on property,Other recurrent taxes on property,,,,Dollars,6
GFSA.SLS04G111136,2014.06,0,FINAL,"Local Government, Taxation Revenue, Taxes on Property",Government Financial Statistics - GFS,Taxes on property,Other recurrent taxes on property,,,,Dollars,6
GFSA.SLS04G111136,2015.06,0,FINAL,"Local Government, Taxation Revenue, Taxes on Property",Government Financial Statistics - GFS,Taxes on property,Other recurrent taxes on property,,,,Dollars,6
GFSA.SLS04G111136,2016.06,0,FINAL,"Local Government, Taxation Revenue, Taxes on Property",Government Financial Statistics - GFS,Taxes on property,Other recurrent taxes on property,,,,Dollars,6
GFSA.SLS04G111136,2017.06,0,FINAL,"Local Government, Taxation Revenue, Taxes on Property",Government Financial Statistics - GFS,Taxes on property,Other recurrent taxes on property,,,,Dollars,6
GFSA.SLS04G111136,2018.06,0,FINAL,"Local Government, Taxation Revenue, Taxes on Property",Government Financial Statistics - GFS,Taxes on property,Other recurrent taxes on property,,,,Dollars,6
GFSA.SLS04G111136,2019.06,0,FINAL,"Local Government, Taxation Revenue, Taxes on Property",Government Financial Statistics - GFS,Taxes on property,Other recurrent taxes on property,,,,Dollars,6
GFSA.SLS04G111136,2020.06,0,FINAL,"Local Government, Taxation Revenue, Taxes on Property",Government Financial Statistics - GFS,Taxes on property,Other recurrent taxes on property,,,,Dollars,6
GFSA.SLS04G111136,2021.06,0,FINAL,"Local Government, Taxation Revenue, Taxes on Property",Government Financial Statistics - GFS,Taxes on property,Other recurrent taxes on property,,,,Dollars,6
GFSA.SLS04G111136,2022.06,0,FINAL,"Local Government, Taxation Revenue, Taxes on Property",Government Financial Statistics - GFS,Taxes on property,Other recurrent taxes on property,,,,Dollars,6
GFSA.SLS04G111136,2023.06,0,FINAL,"Local Government, Taxation Revenue, Taxes on Property",Government Financial Statistics - GFS,Taxes on property,Other recurrent taxes on property,,,,Dollars,6
GFSA.SLS04G111136,2024.06,0,FINAL,"Local Government, Taxation Revenue, Taxes on Property",Government Financial Statistics - GFS,Taxes on property,Other recurrent taxes on property,,,,Dollars,6
GFSA.SLS04G111136,2025.06,0,PROVISIONAL,"Local Government, Taxation Revenue, Taxes on Property",Government Financial Statistics - GFS,Taxes on property,Other recurrent taxes on property,,,,Dollars,6
GFSA.SLS04G121140,2009.06,308,FINAL,"Local Government, Taxation Revenue, Taxes on Goods and Services",Government Financial Statistics - GFS,Taxes on goods and services,Total,,,,Dollars,6
GFSA.SLS04G121140,2010.06,337,FINAL,"Local Government, Taxation Revenue, Taxes on Goods and Services",Government Financial Statistics - GFS,Taxes on goods and services,Total,,,,Dollars,6
GFSA.SLS04G121140,2011.06,299,FINAL,"Local Government, Taxation Revenue, Taxes on Goods and Services",Government Financial Statistics - GFS,Taxes on goods and services,Total,,,,Dollars,6
GFSA.SLS04G121140,2012.06,300,FINAL,"Local Government, Taxation Revenue, Taxes on Goods and Services",Government Financial Statistics - GFS,Taxes on goods and services,Total,,,,Dollars,6
GFSA.SLS04G121140,2013.06,322,FINAL,"Local Government, Taxation Revenue, Taxes on Goods and Services",Government Financial Statistics - GFS,Taxes on goods and services,Total,,,,Dollars,6
GFSA.SLS04G121140,2014.06,355,FINAL,"Local Government, Taxation Revenue, Taxes on Goods and Services",Government Financial Statistics - GFS,Taxes on goods and services,Total,,,,Dollars,6
GFSA.SLS04G121140,2015.06,420,FINAL,"Local Government, Taxation Revenue, Taxes on Goods and Services",Government Financial Statistics - GFS,Taxes on goods and services,Total,,,,Dollars,6
GFSA.SLS04G121140,2016.06,464,FINAL,"Local Government, Taxation Revenue, Taxes on Goods and Services",Government Financial Statistics - GFS,Taxes on goods and services,Total,,,,Dollars,6
GFSA.SLS04G121140,2017.06,492,FINAL,"Local Government, Taxation Revenue, Taxes on Goods and Services",Government Financial Statistics - GFS,Taxes on goods and services,Total,,,,Dollars,6
GFSA.SLS04G121140,2018.06,520,FINAL,"Local Government, Taxation Revenue, Taxes on Goods and Services",Government Financial Statistics - GFS,Taxes on goods and services,Total,,,,Dollars,6
GFSA.SLS04G121140,2019.06,723,FINAL,"Local Government, Taxation Revenue, Taxes on Goods and Services",Government Financial Statistics - GFS,Taxes on goods and services,Total,,,,Dollars,6
GFSA.SLS04G121140,2020.06,701,FINAL,"Local Government, Taxation Revenue, Taxes on Goods and Services",Government Financial Statistics - GFS,Taxes on goods and services,Total,,,,Dollars,6
GFSA.SLS04G121140,2021.06,742,FINAL,"Local Government, Taxation Revenue, Taxes on Goods and Services",Government Financial Statistics - GFS,Taxes on goods and services,Total,,,,Dollars,6
GFSA.SLS04G121140,2022.06,781,FINAL,"Local Government, Taxation Revenue, Taxes on Goods and Services",Government Financial Statistics - GFS,Taxes on goods and services,Total,,,,Dollars,6
GFSA.SLS04G121140,2023.06,801,REVISED,"Local Government, Taxation Revenue, Taxes on Goods and Services",Government Financial Statistics - GFS,Taxes on goods and services,Total,,,,Dollars,6
GFSA.SLS04G121140,2024.06,794,REVISED,"Local Government, Taxation Revenue, Taxes on Goods and Services",Government Financial Statistics - GFS,Taxes on goods and services,Total,,,,Dollars,6
GFSA.SLS04G121140,2025.06,743,PROVISIONAL,"Local Government, Taxation Revenue, Taxes on Goods and Services",Government Financial Statistics - GFS,Taxes on goods and services,Total,,,,Dollars,6
GFSA.SLS04G121141,2009.06,0,FINAL,"Local Government, Taxation Revenue, Taxes on Goods and Services",Government Financial Statistics - GFS,Taxes on goods and services,General taxes on goods and services,,,,Dollars,6
GFSA.SLS04G121141,2010.06,0,FINAL,"Local Government, Taxation Revenue, Taxes on Goods and Services",Government Financial Statistics - GFS,Taxes on goods and services,General taxes on goods and services,,,,Dollars,6
GFSA.SLS04G121141,2011.06,0,FINAL,"Local Government, Taxation Revenue, Taxes on Goods and Services",Government Financial Statistics - GFS,Taxes on goods and services,General taxes on goods and services,,,,Dollars,6
GFSA.SLS04G121141,2012.06,0,FINAL,"Local Government, Taxation Revenue, Taxes on Goods and Services",Government Financial Statistics - GFS,Taxes on goods and services,General taxes on goods and services,,,,Dollars,6
GFSA.SLS04G121141,2013.06,0,FINAL,"Local Government, Taxation Revenue, Taxes on Goods and Services",Government Financial Statistics - GFS,Taxes on goods and services,General taxes on goods and services,,,,Dollars,6
GFSA.SLS04G121141,2014.06,0,FINAL,"Local Government, Taxation Revenue, Taxes on Goods and Services",Government Financial Statistics - GFS,Taxes on goods and services,General taxes on goods and services,,,,Dollars,6
GFSA.SLS04G121141,2015.06,0,FINAL,"Local Government, Taxation Revenue, Taxes on Goods and Services",Government Financial Statistics - GFS,Taxes on goods and services,General taxes on goods and services,,,,Dollars,6
GFSA.SLS04G121141,2016.06,0,FINAL,"Local Government, Taxation Revenue, Taxes on Goods and Services",Government Financial Statistics - GFS,Taxes on goods and services,General taxes on goods and services,,,,Dollars,6
GFSA.SLS04G121141,2017.06,0,FINAL,"Local Government, Taxation Revenue, Taxes on Goods and Services",Government Financial Statistics - GFS,Taxes on goods and services,General taxes on goods and services,,,,Dollars,6
GFSA.SLS04G121141,2018.06,0,FINAL,"Local Government, Taxation Revenue, Taxes on Goods and Services",Government Financial Statistics - GFS,Taxes on goods and services,General taxes on goods and services,,,,Dollars,6
GFSA.SLS04G121141,2019.06,0,FINAL,"Local Government, Taxation Revenue, Taxes on Goods and Services",Government Financial Statistics - GFS,Taxes on goods and services,General taxes on goods and services,,,,Dollars,6
GFSA.SLS04G121141,2020.06,0,FINAL,"Local Government, Taxation Revenue, Taxes on Goods and Services",Government Financial Statistics - GFS,Taxes on goods and services,General taxes on goods and services,,,,Dollars,6
GFSA.SLS04G121141,2021.06,0,FINAL,"Local Government, Taxation Revenue, Taxes on Goods and Services",Government Financial Statistics - GFS,Taxes on goods and services,General taxes on goods and services,,,,Dollars,6
GFSA.SLS04G121141,2022.06,0,FINAL,"Local Government, Taxation Revenue, Taxes on Goods and Services",Government Financial Statistics - GFS,Taxes on goods and services,General taxes on goods and services,,,,Dollars,6
GFSA.SLS04G121141,2023.06,0,FINAL,"Local Government, Taxation Revenue, Taxes on Goods and Services",Government Financial Statistics - GFS,Taxes on goods and services,General taxes on goods and services,,,,Dollars,6
GFSA.SLS04G121141,2024.06,0,FINAL,"Local Government, Taxation Revenue, Taxes on Goods and Services",Government Financial Statistics - GFS,Taxes on goods and services,General taxes on goods and services,,,,Dollars,6
GFSA.SLS04G121141,2025.06,0,PROVISIONAL,"Local Government, Taxation Revenue, Taxes on Goods and Services",Government Financial Statistics - GFS,Taxes on goods and services,General taxes on goods and services,,,,Dollars,6
GFSA.SLS04G121142,2009.06,29,FINAL,"Local Government, Taxation Revenue, Taxes on Goods and Services",Government Financial Statistics - GFS,Taxes on goods and services,Excises,,,,Dollars,6
GFSA.SLS04G121142,2010.06,29,FINAL,"Local Government, Taxation Revenue, Taxes on Goods and Services",Government Financial Statistics - GFS,Taxes on goods and services,Excises,,,,Dollars,6
GFSA.SLS04G121142,2011.06,31,FINAL,"Local Government, Taxation Revenue, Taxes on Goods and Services",Government Financial Statistics - GFS,Taxes on goods and services,Excises,,,,Dollars,6
GFSA.SLS04G121142,2012.06,30,FINAL,"Local Government, Taxation Revenue, Taxes on Goods and Services",Government Financial Statistics - GFS,Taxes on goods and services,Excises,,,,Dollars,6
GFSA.SLS04G121142,2013.06,30,FINAL,"Local Government, Taxation Revenue, Taxes on Goods and Services",Government Financial Statistics - GFS,Taxes on goods and services,Excises,,,,Dollars,6
GFSA.SLS04G121142,2014.06,30,FINAL,"Local Government, Taxation Revenue, Taxes on Goods and Services",Government Financial Statistics - GFS,Taxes on goods and services,Excises,,,,Dollars,6
GFSA.SLS04G121142,2015.06,32,FINAL,"Local Government, Taxation Revenue, Taxes on Goods and Services",Government Financial Statistics - GFS,Taxes on goods and services,Excises,,,,Dollars,6
GFSA.SLS04G121142,2016.06,32,FINAL,"Local Government, Taxation Revenue, Taxes on Goods and Services",Government Financial Statistics - GFS,Taxes on goods and services,Excises,,,,Dollars,6
GFSA.SLS04G121142,2017.06,33,FINAL,"Local Government, Taxation Revenue, Taxes on Goods and Services",Government Financial Statistics - GFS,Taxes on goods and services,Excises,,,,Dollars,6
GFSA.SLS04G121142,2018.06,32,FINAL,"Local Government, Taxation Revenue, Taxes on Goods and Services",Government Financial Statistics - GFS,Taxes on goods and services,Excises,,,,Dollars,6
GFSA.SLS04G121142,2019.06,189,FINAL,"Local Government, Taxation Revenue, Taxes on Goods and Services",Government Financial Statistics - GFS,Taxes on goods and services,Excises,,,,Dollars,6
GFSA.SLS04G121142,2020.06,175,FINAL,"Local Government, Taxation Revenue, Taxes on Goods and Services",Government Financial Statistics - GFS,Taxes on goods and services,Excises,,,,Dollars,6
GFSA.SLS04G121142,2021.06,188,FINAL,"Local Government, Taxation Revenue, Taxes on Goods and Services",Government Financial Statistics - GFS,Taxes on goods and services,Excises,,,,Dollars,6
GFSA.SLS04G121142,2022.06,167,FINAL,"Local Government, Taxation Revenue, Taxes on Goods and Services",Government Financial Statistics - GFS,Taxes on goods and services,Excises,,,,Dollars,6
GFSA.SLS04G121142,2023.06,181,FINAL,"Local Government, Taxation Revenue, Taxes on Goods and Services",Government Financial Statistics - GFS,Taxes on goods and services,Excises,,,,Dollars,6
GFSA.SLS04G121142,2024.06,172,REVISED,"Local Government, Taxation Revenue, Taxes on Goods and Services",Government Financial Statistics - GFS,Taxes on goods and services,Excises,,,,Dollars,6
GFSA.SLS04G121142,2025.06,36,PROVISIONAL,"Local Government, Taxation Revenue, Taxes on Goods and Services",Government Financial Statistics - GFS,Taxes on goods and services,Excises,,,,Dollars,6
GFSA.SLS04G121143,2009.06,0,FINAL,"Local Government, Taxation Revenue, Taxes on Goods and Services",Government Financial Statistics - GFS,Taxes on goods and services,Profits of fiscal monopolies,,,,Dollars,6
GFSA.SLS04G121143,2010.06,0,FINAL,"Local Government, Taxation Revenue, Taxes on Goods and Services",Government Financial Statistics - GFS,Taxes on goods and services,Profits of fiscal monopolies,,,,Dollars,6
GFSA.SLS04G121143,2011.06,0,FINAL,"Local Government, Taxation Revenue, Taxes on Goods and Services",Government Financial Statistics - GFS,Taxes on goods and services,Profits of fiscal monopolies,,,,Dollars,6
GFSA.SLS04G121143,2012.06,0,FINAL,"Local Government, Taxation Revenue, Taxes on Goods and Services",Government Financial Statistics - GFS,Taxes on goods and services,Profits of fiscal monopolies,,,,Dollars,6
GFSA.SLS04G121143,2013.06,0,FINAL,"Local Government, Taxation Revenue, Taxes on Goods and Services",Government Financial Statistics - GFS,Taxes on goods and services,Profits of fiscal monopolies,,,,Dollars,6
GFSA.SLS04G121143,2014.06,0,FINAL,"Local Government, Taxation Revenue, Taxes on Goods and Services",Government Financial Statistics - GFS,Taxes on goods and services,Profits of fiscal monopolies,,,,Dollars,6
GFSA.SLS04G121143,2015.06,0,FINAL,"Local Government, Taxation Revenue, Taxes on Goods and Services",Government Financial Statistics - GFS,Taxes on goods and services,Profits of fiscal monopolies,,,,Dollars,6
GFSA.SLS04G121143,2016.06,0,FINAL,"Local Government, Taxation Revenue, Taxes on Goods and Services",Government Financial Statistics - GFS,Taxes on goods and services,Profits of fiscal monopolies,,,,Dollars,6
GFSA.SLS04G121143,2017.06,0,FINAL,"Local Government, Taxation Revenue, Taxes on Goods and Services",Government Financial Statistics - GFS,Taxes on goods and services,Profits of fiscal monopolies,,,,Dollars,6
GFSA.SLS04G121143,2018.06,0,FINAL,"Local Government, Taxation Revenue, Taxes on Goods and Services",Government Financial Statistics - GFS,Taxes on goods and services,Profits of fiscal monopolies,,,,Dollars,6
GFSA.SLS04G121143,2019.06,0,FINAL,"Local Government, Taxation Revenue, Taxes on Goods and Services",Government Financial Statistics - GFS,Taxes on goods and services,Profits of fiscal monopolies,,,,Dollars,6
GFSA.SLS04G121143,2020.06,0,FINAL,"Local Government, Taxation Revenue, Taxes on Goods and Services",Government Financial Statistics - GFS,Taxes on goods and services,Profits of fiscal monopolies,,,,Dollars,6
GFSA.SLS04G121143,2021.06,0,FINAL,"Local Government, Taxation Revenue, Taxes on Goods and Services",Government Financial Statistics - GFS,Taxes on goods and services,Profits of fiscal monopolies,,,,Dollars,6
GFSA.SLS04G121143,2022.06,0,FINAL,"Local Government, Taxation Revenue, Taxes on Goods and Services",Government Financial Statistics - GFS,Taxes on goods and services,Profits of fiscal monopolies,,,,Dollars,6
GFSA.SLS04G121143,2023.06,0,FINAL,"Local Government, Taxation Revenue, Taxes on Goods and Services",Government Financial Statistics - GFS,Taxes on goods and services,Profits of fiscal monopolies,,,,Dollars,6
GFSA.SLS04G121143,2024.06,0,FINAL,"Local Government, Taxation Revenue, Taxes on Goods and Services",Government Financial Statistics - GFS,Taxes on goods and services,Profits of fiscal monopolies,,,,Dollars,6
GFSA.SLS04G121143,2025.06,0,PROVISIONAL,"Local Government, Taxation Revenue, Taxes on Goods and Services",Government Financial Statistics - GFS,Taxes on goods and services,Profits of fiscal monopolies,,,,Dollars,6
GFSA.SLS04G121144,2009.06,0,FINAL,"Local Government, Taxation Revenue, Taxes on Goods and Services",Government Financial Statistics - GFS,Taxes on goods and services,Taxes on specific services,,,,Dollars,6
GFSA.SLS04G121144,2010.06,0,FINAL,"Local Government, Taxation Revenue, Taxes on Goods and Services",Government Financial Statistics - GFS,Taxes on goods and services,Taxes on specific services,,,,Dollars,6
GFSA.SLS04G121144,2011.06,0,FINAL,"Local Government, Taxation Revenue, Taxes on Goods and Services",Government Financial Statistics - GFS,Taxes on goods and services,Taxes on specific services,,,,Dollars,6
GFSA.SLS04G121144,2012.06,0,FINAL,"Local Government, Taxation Revenue, Taxes on Goods and Services",Government Financial Statistics - GFS,Taxes on goods and services,Taxes on specific services,,,,Dollars,6
GFSA.SLS04G121144,2013.06,0,FINAL,"Local Government, Taxation Revenue, Taxes on Goods and Services",Government Financial Statistics - GFS,Taxes on goods and services,Taxes on specific services,,,,Dollars,6
GFSA.SLS04G121144,2014.06,0,FINAL,"Local Government, Taxation Revenue, Taxes on Goods and Services",Government Financial Statistics - GFS,Taxes on goods and services,Taxes on specific services,,,,Dollars,6
GFSA.SLS04G121144,2015.06,0,FINAL,"Local Government, Taxation Revenue, Taxes on Goods and Services",Government Financial Statistics - GFS,Taxes on goods and services,Taxes on specific services,,,,Dollars,6
GFSA.SLS04G121144,2016.06,0,FINAL,"Local Government, Taxation Revenue, Taxes on Goods and Services",Government Financial Statistics - GFS,Taxes on goods and services,Taxes on specific services,,,,Dollars,6
GFSA.SLS04G121144,2017.06,0,FINAL,"Local Government, Taxation Revenue, Taxes on Goods and Services",Government Financial Statistics - GFS,Taxes on goods and services,Taxes on specific services,,,,Dollars,6
GFSA.SLS04G121144,2018.06,0,FINAL,"Local Government, Taxation Revenue, Taxes on Goods and Services",Government Financial Statistics - GFS,Taxes on goods and services,Taxes on specific services,,,,Dollars,6
GFSA.SLS04G121144,2019.06,0,FINAL,"Local Government, Taxation Revenue, Taxes on Goods and Services",Government Financial Statistics - GFS,Taxes on goods and services,Taxes on specific services,,,,Dollars,6
GFSA.SLS04G121144,2020.06,0,FINAL,"Local Government, Taxation Revenue, Taxes on Goods and Services",Government Financial Statistics - GFS,Taxes on goods and services,Taxes on specific services,,,,Dollars,6
GFSA.SLS04G121144,2021.06,0,FINAL,"Local Government, Taxation Revenue, Taxes on Goods and Services",Government Financial Statistics - GFS,Taxes on goods and services,Taxes on specific services,,,,Dollars,6
GFSA.SLS04G121144,2022.06,0,FINAL,"Local Government, Taxation Revenue, Taxes on Goods and Services",Government Financial Statistics - GFS,Taxes on goods and services,Taxes on specific services,,,,Dollars,6
GFSA.SLS04G121144,2023.06,0,FINAL,"Local Government, Taxation Revenue, Taxes on Goods and Services",Government Financial Statistics - GFS,Taxes on goods and services,Taxes on specific services,,,,Dollars,6
GFSA.SLS04G121144,2024.06,0,FINAL,"Local Government, Taxation Revenue, Taxes on Goods and Services",Government Financial Statistics - GFS,Taxes on goods and services,Taxes on specific services,,,,Dollars,6
GFSA.SLS04G121144,2025.06,0,PROVISIONAL,"Local Government, Taxation Revenue, Taxes on Goods and Services",Government Financial Statistics - GFS,Taxes on goods and services,Taxes on specific services,,,,Dollars,6
GFSA.SLS04G121145,2009.06,279,FINAL,"Local Government, Taxation Revenue, Taxes on Goods and Services",Government Financial Statistics - GFS,Taxes on goods and services,"Taxes on use of goods, permission to use goods",,,,Dollars,6
GFSA.SLS04G121145,2010.06,308,FINAL,"Local Government, Taxation Revenue, Taxes on Goods and Services",Government Financial Statistics - GFS,Taxes on goods and services,"Taxes on use of goods, permission to use goods",,,,Dollars,6
GFSA.SLS04G121145,2011.06,269,FINAL,"Local Government, Taxation Revenue, Taxes on Goods and Services",Government Financial Statistics - GFS,Taxes on goods and services,"Taxes on use of goods, permission to use goods",,,,Dollars,6
GFSA.SLS04G121145,2012.06,271,FINAL,"Local Government, Taxation Revenue, Taxes on Goods and Services",Government Financial Statistics - GFS,Taxes on goods and services,"Taxes on use of goods, permission to use goods",,,,Dollars,6
GFSA.SLS04G121145,2013.06,291,FINAL,"Local Government, Taxation Revenue, Taxes on Goods and Services",Government Financial Statistics - GFS,Taxes on goods and services,"Taxes on use of goods, permission to use goods",,,,Dollars,6
GFSA.SLS04G121145,2014.06,325,FINAL,"Local Government, Taxation Revenue, Taxes on Goods and Services",Government Financial Statistics - GFS,Taxes on goods and services,"Taxes on use of goods, permission to use goods",,,,Dollars,6
GFSA.SLS04G121145,2015.06,388,FINAL,"Local Government, Taxation Revenue, Taxes on Goods and Services",Government Financial Statistics - GFS,Taxes on goods and services,"Taxes on use of goods, permission to use goods",,,,Dollars,6
GFSA.SLS04G121145,2016.06,432,FINAL,"Local Government, Taxation Revenue, Taxes on Goods and Services",Government Financial Statistics - GFS,Taxes on goods and services,"Taxes on use of goods, permission to use goods",,,,Dollars,6
GFSA.SLS04G121145,2017.06,459,FINAL,"Local Government, Taxation Revenue, Taxes on Goods and Services",Government Financial Statistics - GFS,Taxes on goods and services,"Taxes on use of goods, permission to use goods",,,,Dollars,6
GFSA.SLS04G121145,2018.06,488,FINAL,"Local Government, Taxation Revenue, Taxes on Goods and Services",Government Financial Statistics - GFS,Taxes on goods and services,"Taxes on use of goods, permission to use goods",,,,Dollars,6
GFSA.SLS04G121145,2019.06,534,FINAL,"Local Government, Taxation Revenue, Taxes on Goods and Services",Government Financial Statistics - GFS,Taxes on goods and services,"Taxes on use of goods, permission to use goods",,,,Dollars,6
GFSA.SLS04G121145,2020.06,526,FINAL,"Local Government, Taxation Revenue, Taxes on Goods and Services",Government Financial Statistics - GFS,Taxes on goods and services,"Taxes on use of goods, permission to use goods",,,,Dollars,6
GFSA.SLS04G121145,2021.06,554,FINAL,"Local Government, Taxation Revenue, Taxes on Goods and Services",Government Financial Statistics - GFS,Taxes on goods and services,"Taxes on use of goods, permission to use goods",,,,Dollars,6
GFSA.SLS04G121145,2022.06,614,FINAL,"Local Government, Taxation Revenue, Taxes on Goods and Services",Government Financial Statistics - GFS,Taxes on goods and services,"Taxes on use of goods, permission to use goods",,,,Dollars,6
GFSA.SLS04G121145,2023.06,621,REVISED,"Local Government, Taxation Revenue, Taxes on Goods and Services",Government Financial Statistics - GFS,Taxes on goods and services,"Taxes on use of goods, permission to use goods",,,,Dollars,6
GFSA.SLS04G121145,2024.06,623,REVISED,"Local Government, Taxation Revenue, Taxes on Goods and Services",Government Financial Statistics - GFS,Taxes on goods and services,"Taxes on use of goods, permission to use goods",,,,Dollars,6
GFSA.SLS04G121145,2025.06,707,PROVISIONAL,"Local Government, Taxation Revenue, Taxes on Goods and Services",Government Financial Statistics - GFS,Taxes on goods and services,"Taxes on use of goods, permission to use goods",,,,Dollars,6
GFSA.SLS04G121146,2009.06,0,FINAL,"Local Government, Taxation Revenue, Taxes on Goods and Services",Government Financial Statistics - GFS,Taxes on goods and services,Other taxes on goods and services,,,,Dollars,6
GFSA.SLS04G121146,2010.06,0,FINAL,"Local Government, Taxation Revenue, Taxes on Goods and Services",Government Financial Statistics - GFS,Taxes on goods and services,Other taxes on goods and services,,,,Dollars,6
GFSA.SLS04G121146,2011.06,0,FINAL,"Local Government, Taxation Revenue, Taxes on Goods and Services",Government Financial Statistics - GFS,Taxes on goods and services,Other taxes on goods and services,,,,Dollars,6
GFSA.SLS04G121146,2012.06,0,FINAL,"Local Government, Taxation Revenue, Taxes on Goods and Services",Government Financial Statistics - GFS,Taxes on goods and services,Other taxes on goods and services,,,,Dollars,6
GFSA.SLS04G121146,2013.06,0,FINAL,"Local Government, Taxation Revenue, Taxes on Goods and Services",Government Financial Statistics - GFS,Taxes on goods and services,Other taxes on goods and services,,,,Dollars,6
GFSA.SLS04G121146,2014.06,0,FINAL,"Local Government, Taxation Revenue, Taxes on Goods and Services",Government Financial Statistics - GFS,Taxes on goods and services,Other taxes on goods and services,,,,Dollars,6
GFSA.SLS04G121146,2015.06,0,FINAL,"Local Government, Taxation Revenue, Taxes on Goods and Services",Government Financial Statistics - GFS,Taxes on goods and services,Other taxes on goods and services,,,,Dollars,6
GFSA.SLS04G121146,2016.06,0,FINAL,"Local Government, Taxation Revenue, Taxes on Goods and Services",Government Financial Statistics - GFS,Taxes on goods and services,Other taxes on goods and services,,,,Dollars,6
GFSA.SLS04G121146,2017.06,0,FINAL,"Local Government, Taxation Revenue, Taxes on Goods and Services",Government Financial Statistics - GFS,Taxes on goods and services,Other taxes on goods and services,,,,Dollars,6
GFSA.SLS04G121146,2018.06,0,FINAL,"Local Government, Taxation Revenue, Taxes on Goods and Services",Government Financial Statistics - GFS,Taxes on goods and services,Other taxes on goods and services,,,,Dollars,6
GFSA.SLS04G121146,2019.06,0,FINAL,"Local Government, Taxation Revenue, Taxes on Goods and Services",Government Financial Statistics - GFS,Taxes on goods and services,Other taxes on goods and services,,,,Dollars,6
GFSA.SLS04G121146,2020.06,0,FINAL,"Local Government, Taxation Revenue, Taxes on Goods and Services",Government Financial Statistics - GFS,Taxes on goods and services,Other taxes on goods and services,,,,Dollars,6
GFSA.SLS04G121146,2021.06,0,FINAL,"Local Government, Taxation Revenue, Taxes on Goods and Services",Government Financial Statistics - GFS,Taxes on goods and services,Other taxes on goods and services,,,,Dollars,6
GFSA.SLS04G121146,2022.06,0,FINAL,"Local Government, Taxation Revenue, Taxes on Goods and Services",Government Financial Statistics - GFS,Taxes on goods and services,Other taxes on goods and services,,,,Dollars,6
GFSA.SLS04G121146,2023.06,0,FINAL,"Local Government, Taxation Revenue, Taxes on Goods and Services",Government Financial Statistics - GFS,Taxes on goods and services,Other taxes on goods and services,,,,Dollars,6
GFSA.SLS04G121146,2024.06,0,FINAL,"Local Government, Taxation Revenue, Taxes on Goods and Services",Government Financial Statistics - GFS,Taxes on goods and services,Other taxes on goods and services,,,,Dollars,6
GFSA.SLS04G121146,2025.06,0,PROVISIONAL,"Local Government, Taxation Revenue, Taxes on Goods and Services",Government Financial Statistics - GFS,Taxes on goods and services,Other taxes on goods and services,,,,Dollars,6
GFSA.SLS04G131150,2009.06,0,FINAL,"Local Government, Taxation Revenue, Taxes on Int'l Trade and Transactions",Government Financial Statistics - GFS,Taxes on international trade and transactions,Total,,,,Dollars,6
GFSA.SLS04G131150,2010.06,0,FINAL,"Local Government, Taxation Revenue, Taxes on Int'l Trade and Transactions",Government Financial Statistics - GFS,Taxes on international trade and transactions,Total,,,,Dollars,6
GFSA.SLS04G131150,2011.06,0,FINAL,"Local Government, Taxation Revenue, Taxes on Int'l Trade and Transactions",Government Financial Statistics - GFS,Taxes on international trade and transactions,Total,,,,Dollars,6
GFSA.SLS04G131150,2012.06,0,FINAL,"Local Government, Taxation Revenue, Taxes on Int'l Trade and Transactions",Government Financial Statistics - GFS,Taxes on international trade and transactions,Total,,,,Dollars,6
GFSA.SLS04G131150,2013.06,0,FINAL,"Local Government, Taxation Revenue, Taxes on Int'l Trade and Transactions",Government Financial Statistics - GFS,Taxes on international trade and transactions,Total,,,,Dollars,6
GFSA.SLS04G131150,2014.06,0,FINAL,"Local Government, Taxation Revenue, Taxes on Int'l Trade and Transactions",Government Financial Statistics - GFS,Taxes on international trade and transactions,Total,,,,Dollars,6
GFSA.SLS04G131150,2015.06,0,FINAL,"Local Government, Taxation Revenue, Taxes on Int'l Trade and Transactions",Government Financial Statistics - GFS,Taxes on international trade and transactions,Total,,,,Dollars,6
GFSA.SLS04G131150,2016.06,0,FINAL,"Local Government, Taxation Revenue, Taxes on Int'l Trade and Transactions",Government Financial Statistics - GFS,Taxes on international trade and transactions,Total,,,,Dollars,6
GFSA.SLS04G131150,2017.06,0,FINAL,"Local Government, Taxation Revenue, Taxes on Int'l Trade and Transactions",Government Financial Statistics - GFS,Taxes on international trade and transactions,Total,,,,Dollars,6
GFSA.SLS04G131150,2018.06,0,FINAL,"Local Government, Taxation Revenue, Taxes on Int'l Trade and Transactions",Government Financial Statistics - GFS,Taxes on international trade and transactions,Total,,,,Dollars,6
GFSA.SLS04G131150,2019.06,0,FINAL,"Local Government, Taxation Revenue, Taxes on Int'l Trade and Transactions",Government Financial Statistics - GFS,Taxes on international trade and transactions,Total,,,,Dollars,6
GFSA.SLS04G131150,2020.06,0,FINAL,"Local Government, Taxation Revenue, Taxes on Int'l Trade and Transactions",Government Financial Statistics - GFS,Taxes on international trade and transactions,Total,,,,Dollars,6
GFSA.SLS04G131150,2021.06,0,FINAL,"Local Government, Taxation Revenue, Taxes on Int'l Trade and Transactions",Government Financial Statistics - GFS,Taxes on international trade and transactions,Total,,,,Dollars,6
GFSA.SLS04G131150,2022.06,0,FINAL,"Local Government, Taxation Revenue, Taxes on Int'l Trade and Transactions",Government Financial Statistics - GFS,Taxes on international trade and transactions,Total,,,,Dollars,6
GFSA.SLS04G131150,2023.06,0,FINAL,"Local Government, Taxation Revenue, Taxes on Int'l Trade and Transactions",Government Financial Statistics - GFS,Taxes on international trade and transactions,Total,,,,Dollars,6
GFSA.SLS04G131150,2024.06,0,FINAL,"Local Government, Taxation Revenue, Taxes on Int'l Trade and Transactions",Government Financial Statistics - GFS,Taxes on international trade and transactions,Total,,,,Dollars,6
GFSA.SLS04G131150,2025.06,0,PROVISIONAL,"Local Government, Taxation Revenue, Taxes on Int'l Trade and Transactions",Government Financial Statistics - GFS,Taxes on international trade and transactions,Total,,,,Dollars,6
GFSA.SLS04G131151,2009.06,0,FINAL,"Local Government, Taxation Revenue, Taxes on Int'l Trade and Transactions",Government Financial Statistics - GFS,Taxes on international trade and transactions,Customs and other import duties,,,,Dollars,6
GFSA.SLS04G131151,2010.06,0,FINAL,"Local Government, Taxation Revenue, Taxes on Int'l Trade and Transactions",Government Financial Statistics - GFS,Taxes on international trade and transactions,Customs and other import duties,,,,Dollars,6
GFSA.SLS04G131151,2011.06,0,FINAL,"Local Government, Taxation Revenue, Taxes on Int'l Trade and Transactions",Government Financial Statistics - GFS,Taxes on international trade and transactions,Customs and other import duties,,,,Dollars,6
GFSA.SLS04G131151,2012.06,0,FINAL,"Local Government, Taxation Revenue, Taxes on Int'l Trade and Transactions",Government Financial Statistics - GFS,Taxes on international trade and transactions,Customs and other import duties,,,,Dollars,6
GFSA.SLS04G131151,2013.06,0,FINAL,"Local Government, Taxation Revenue, Taxes on Int'l Trade and Transactions",Government Financial Statistics - GFS,Taxes on international trade and transactions,Customs and other import duties,,,,Dollars,6
GFSA.SLS04G131151,2014.06,0,FINAL,"Local Government, Taxation Revenue, Taxes on Int'l Trade and Transactions",Government Financial Statistics - GFS,Taxes on international trade and transactions,Customs and other import duties,,,,Dollars,6
GFSA.SLS04G131151,2015.06,0,FINAL,"Local Government, Taxation Revenue, Taxes on Int'l Trade and Transactions",Government Financial Statistics - GFS,Taxes on international trade and transactions,Customs and other import duties,,,,Dollars,6
GFSA.SLS04G131151,2016.06,0,FINAL,"Local Government, Taxation Revenue, Taxes on Int'l Trade and Transactions",Government Financial Statistics - GFS,Taxes on international trade and transactions,Customs and other import duties,,,,Dollars,6
GFSA.SLS04G131151,2017.06,0,FINAL,"Local Government, Taxation Revenue, Taxes on Int'l Trade and Transactions",Government Financial Statistics - GFS,Taxes on international trade and transactions,Customs and other import duties,,,,Dollars,6
GFSA.SLS04G131151,2018.06,0,FINAL,"Local Government, Taxation Revenue, Taxes on Int'l Trade and Transactions",Government Financial Statistics - GFS,Taxes on international trade and transactions,Customs and other import duties,,,,Dollars,6
GFSA.SLS04G131151,2019.06,0,FINAL,"Local Government, Taxation Revenue, Taxes on Int'l Trade and Transactions",Government Financial Statistics - GFS,Taxes on international trade and transactions,Customs and other import duties,,,,Dollars,6
GFSA.SLS04G131151,2020.06,0,FINAL,"Local Government, Taxation Revenue, Taxes on Int'l Trade and Transactions",Government Financial Statistics - GFS,Taxes on international trade and transactions,Customs and other import duties,,,,Dollars,6
GFSA.SLS04G131151,2021.06,0,FINAL,"Local Government, Taxation Revenue, Taxes on Int'l Trade and Transactions",Government Financial Statistics - GFS,Taxes on international trade and transactions,Customs and other import duties,,,,Dollars,6
GFSA.SLS04G131151,2022.06,0,FINAL,"Local Government, Taxation Revenue, Taxes on Int'l Trade and Transactions",Government Financial Statistics - GFS,Taxes on international trade and transactions,Customs and other import duties,,,,Dollars,6
GFSA.SLS04G131151,2023.06,0,FINAL,"Local Government, Taxation Revenue, Taxes on Int'l Trade and Transactions",Government Financial Statistics - GFS,Taxes on international trade and transactions,Customs and other import duties,,,,Dollars,6
GFSA.SLS04G131151,2024.06,0,FINAL,"Local Government, Taxation Revenue, Taxes on Int'l Trade and Transactions",Government Financial Statistics - GFS,Taxes on international trade and transactions,Customs and other import duties,,,,Dollars,6
GFSA.SLS04G131151,2025.06,0,PROVISIONAL,"Local Government, Taxation Revenue, Taxes on Int'l Trade and Transactions",Government Financial Statistics - GFS,Taxes on international trade and transactions,Customs and other import duties,,,,Dollars,6
GFSA.SLS04G131152,2009.06,0,FINAL,"Local Government, Taxation Revenue, Taxes on Int'l Trade and Transactions",Government Financial Statistics - GFS,Taxes on international trade and transactions,Taxes on exports,,,,Dollars,6
GFSA.SLS04G131152,2010.06,0,FINAL,"Local Government, Taxation Revenue, Taxes on Int'l Trade and Transactions",Government Financial Statistics - GFS,Taxes on international trade and transactions,Taxes on exports,,,,Dollars,6
GFSA.SLS04G131152,2011.06,0,FINAL,"Local Government, Taxation Revenue, Taxes on Int'l Trade and Transactions",Government Financial Statistics - GFS,Taxes on international trade and transactions,Taxes on exports,,,,Dollars,6
GFSA.SLS04G131152,2012.06,0,FINAL,"Local Government, Taxation Revenue, Taxes on Int'l Trade and Transactions",Government Financial Statistics - GFS,Taxes on international trade and transactions,Taxes on exports,,,,Dollars,6
GFSA.SLS04G131152,2013.06,0,FINAL,"Local Government, Taxation Revenue, Taxes on Int'l Trade and Transactions",Government Financial Statistics - GFS,Taxes on international trade and transactions,Taxes on exports,,,,Dollars,6
GFSA.SLS04G131152,2014.06,0,FINAL,"Local Government, Taxation Revenue, Taxes on Int'l Trade and Transactions",Government Financial Statistics - GFS,Taxes on international trade and transactions,Taxes on exports,,,,Dollars,6
GFSA.SLS04G131152,2015.06,0,FINAL,"Local Government, Taxation Revenue, Taxes on Int'l Trade and Transactions",Government Financial Statistics - GFS,Taxes on international trade and transactions,Taxes on exports,,,,Dollars,6
GFSA.SLS04G131152,2016.06,0,FINAL,"Local Government, Taxation Revenue, Taxes on Int'l Trade and Transactions",Government Financial Statistics - GFS,Taxes on international trade and transactions,Taxes on exports,,,,Dollars,6
GFSA.SLS04G131152,2017.06,0,FINAL,"Local Government, Taxation Revenue, Taxes on Int'l Trade and Transactions",Government Financial Statistics - GFS,Taxes on international trade and transactions,Taxes on exports,,,,Dollars,6
GFSA.SLS04G131152,2018.06,0,FINAL,"Local Government, Taxation Revenue, Taxes on Int'l Trade and Transactions",Government Financial Statistics - GFS,Taxes on international trade and transactions,Taxes on exports,,,,Dollars,6
GFSA.SLS04G131152,2019.06,0,FINAL,"Local Government, Taxation Revenue, Taxes on Int'l Trade and Transactions",Government Financial Statistics - GFS,Taxes on international trade and transactions,Taxes on exports,,,,Dollars,6
GFSA.SLS04G131152,2020.06,0,FINAL,"Local Government, Taxation Revenue, Taxes on Int'l Trade and Transactions",Government Financial Statistics - GFS,Taxes on international trade and transactions,Taxes on exports,,,,Dollars,6
GFSA.SLS04G131152,2021.06,0,FINAL,"Local Government, Taxation Revenue, Taxes on Int'l Trade and Transactions",Government Financial Statistics - GFS,Taxes on international trade and transactions,Taxes on exports,,,,Dollars,6
GFSA.SLS04G131152,2022.06,0,FINAL,"Local Government, Taxation Revenue, Taxes on Int'l Trade and Transactions",Government Financial Statistics - GFS,Taxes on international trade and transactions,Taxes on exports,,,,Dollars,6
GFSA.SLS04G131152,2023.06,0,FINAL,"Local Government, Taxation Revenue, Taxes on Int'l Trade and Transactions",Government Financial Statistics - GFS,Taxes on international trade and transactions,Taxes on exports,,,,Dollars,6
GFSA.SLS04G131152,2024.06,0,FINAL,"Local Government, Taxation Revenue, Taxes on Int'l Trade and Transactions",Government Financial Statistics - GFS,Taxes on international trade and transactions,Taxes on exports,,,,Dollars,6
GFSA.SLS04G131152,2025.06,0,PROVISIONAL,"Local Government, Taxation Revenue, Taxes on Int'l Trade and Transactions",Government Financial Statistics - GFS,Taxes on international trade and transactions,Taxes on exports,,,,Dollars,6
GFSA.SLS04G131153,2009.06,0,FINAL,"Local Government, Taxation Revenue, Taxes on Int'l Trade and Transactions",Government Financial Statistics - GFS,Taxes on international trade and transactions,Profits of export or import monopolies,,,,Dollars,6
GFSA.SLS04G131153,2010.06,0,FINAL,"Local Government, Taxation Revenue, Taxes on Int'l Trade and Transactions",Government Financial Statistics - GFS,Taxes on international trade and transactions,Profits of export or import monopolies,,,,Dollars,6
GFSA.SLS04G131153,2011.06,0,FINAL,"Local Government, Taxation Revenue, Taxes on Int'l Trade and Transactions",Government Financial Statistics - GFS,Taxes on international trade and transactions,Profits of export or import monopolies,,,,Dollars,6
GFSA.SLS04G131153,2012.06,0,FINAL,"Local Government, Taxation Revenue, Taxes on Int'l Trade and Transactions",Government Financial Statistics - GFS,Taxes on international trade and transactions,Profits of export or import monopolies,,,,Dollars,6
GFSA.SLS04G131153,2013.06,0,FINAL,"Local Government, Taxation Revenue, Taxes on Int'l Trade and Transactions",Government Financial Statistics - GFS,Taxes on international trade and transactions,Profits of export or import monopolies,,,,Dollars,6
GFSA.SLS04G131153,2014.06,0,FINAL,"Local Government, Taxation Revenue, Taxes on Int'l Trade and Transactions",Government Financial Statistics - GFS,Taxes on international trade and transactions,Profits of export or import monopolies,,,,Dollars,6
GFSA.SLS04G131153,2015.06,0,FINAL,"Local Government, Taxation Revenue, Taxes on Int'l Trade and Transactions",Government Financial Statistics - GFS,Taxes on international trade and transactions,Profits of export or import monopolies,,,,Dollars,6
GFSA.SLS04G131153,2016.06,0,FINAL,"Local Government, Taxation Revenue, Taxes on Int'l Trade and Transactions",Government Financial Statistics - GFS,Taxes on international trade and transactions,Profits of export or import monopolies,,,,Dollars,6
GFSA.SLS04G131153,2017.06,0,FINAL,"Local Government, Taxation Revenue, Taxes on Int'l Trade and Transactions",Government Financial Statistics - GFS,Taxes on international trade and transactions,Profits of export or import monopolies,,,,Dollars,6
GFSA.SLS04G131153,2018.06,0,FINAL,"Local Government, Taxation Revenue, Taxes on Int'l Trade and Transactions",Government Financial Statistics - GFS,Taxes on international trade and transactions,Profits of export or import monopolies,,,,Dollars,6
GFSA.SLS04G131153,2019.06,0,FINAL,"Local Government, Taxation Revenue, Taxes on Int'l Trade and Transactions",Government Financial Statistics - GFS,Taxes on international trade and transactions,Profits of export or import monopolies,,,,Dollars,6
GFSA.SLS04G131153,2020.06,0,FINAL,"Local Government, Taxation Revenue, Taxes on Int'l Trade and Transactions",Government Financial Statistics - GFS,Taxes on international trade and transactions,Profits of export or import monopolies,,,,Dollars,6
GFSA.SLS04G131153,2021.06,0,FINAL,"Local Government, Taxation Revenue, Taxes on Int'l Trade and Transactions",Government Financial Statistics - GFS,Taxes on international trade and transactions,Profits of export or import monopolies,,,,Dollars,6
GFSA.SLS04G131153,2022.06,0,FINAL,"Local Government, Taxation Revenue, Taxes on Int'l Trade and Transactions",Government Financial Statistics - GFS,Taxes on international trade and transactions,Profits of export or import monopolies,,,,Dollars,6
GFSA.SLS04G131153,2023.06,0,FINAL,"Local Government, Taxation Revenue, Taxes on Int'l Trade and Transactions",Government Financial Statistics - GFS,Taxes on international trade and transactions,Profits of export or import monopolies,,,,Dollars,6
GFSA.SLS04G131153,2024.06,0,FINAL,"Local Government, Taxation Revenue, Taxes on Int'l Trade and Transactions",Government Financial Statistics - GFS,Taxes on international trade and transactions,Profits of export or import monopolies,,,,Dollars,6
GFSA.SLS04G131153,2025.06,0,PROVISIONAL,"Local Government, Taxation Revenue, Taxes on Int'l Trade and Transactions",Government Financial Statistics - GFS,Taxes on international trade and transactions,Profits of export or import monopolies,,,,Dollars,6
GFSA.SLS04G131154,2009.06,0,FINAL,"Local Government, Taxation Revenue, Taxes on Int'l Trade and Transactions",Government Financial Statistics - GFS,Taxes on international trade and transactions,Exchange profits,,,,Dollars,6
GFSA.SLS04G131154,2010.06,0,FINAL,"Local Government, Taxation Revenue, Taxes on Int'l Trade and Transactions",Government Financial Statistics - GFS,Taxes on international trade and transactions,Exchange profits,,,,Dollars,6
GFSA.SLS04G131154,2011.06,0,FINAL,"Local Government, Taxation Revenue, Taxes on Int'l Trade and Transactions",Government Financial Statistics - GFS,Taxes on international trade and transactions,Exchange profits,,,,Dollars,6
GFSA.SLS04G131154,2012.06,0,FINAL,"Local Government, Taxation Revenue, Taxes on Int'l Trade and Transactions",Government Financial Statistics - GFS,Taxes on international trade and transactions,Exchange profits,,,,Dollars,6
GFSA.SLS04G131154,2013.06,0,FINAL,"Local Government, Taxation Revenue, Taxes on Int'l Trade and Transactions",Government Financial Statistics - GFS,Taxes on international trade and transactions,Exchange profits,,,,Dollars,6
GFSA.SLS04G131154,2014.06,0,FINAL,"Local Government, Taxation Revenue, Taxes on Int'l Trade and Transactions",Government Financial Statistics - GFS,Taxes on international trade and transactions,Exchange profits,,,,Dollars,6
GFSA.SLS04G131154,2015.06,0,FINAL,"Local Government, Taxation Revenue, Taxes on Int'l Trade and Transactions",Government Financial Statistics - GFS,Taxes on international trade and transactions,Exchange profits,,,,Dollars,6
GFSA.SLS04G131154,2016.06,0,FINAL,"Local Government, Taxation Revenue, Taxes on Int'l Trade and Transactions",Government Financial Statistics - GFS,Taxes on international trade and transactions,Exchange profits,,,,Dollars,6
GFSA.SLS04G131154,2017.06,0,FINAL,"Local Government, Taxation Revenue, Taxes on Int'l Trade and Transactions",Government Financial Statistics - GFS,Taxes on international trade and transactions,Exchange profits,,,,Dollars,6
GFSA.SLS04G131154,2018.06,0,FINAL,"Local Government, Taxation Revenue, Taxes on Int'l Trade and Transactions",Government Financial Statistics - GFS,Taxes on international trade and transactions,Exchange profits,,,,Dollars,6
GFSA.SLS04G131154,2019.06,0,FINAL,"Local Government, Taxation Revenue, Taxes on Int'l Trade and Transactions",Government Financial Statistics - GFS,Taxes on international trade and transactions,Exchange profits,,,,Dollars,6
GFSA.SLS04G131154,2020.06,0,FINAL,"Local Government, Taxation Revenue, Taxes on Int'l Trade and Transactions",Government Financial Statistics - GFS,Taxes on international trade and transactions,Exchange profits,,,,Dollars,6
GFSA.SLS04G131154,2021.06,0,FINAL,"Local Government, Taxation Revenue, Taxes on Int'l Trade and Transactions",Government Financial Statistics - GFS,Taxes on international trade and transactions,Exchange profits,,,,Dollars,6
GFSA.SLS04G131154,2022.06,0,FINAL,"Local Government, Taxation Revenue, Taxes on Int'l Trade and Transactions",Government Financial Statistics - GFS,Taxes on international trade and transactions,Exchange profits,,,,Dollars,6
GFSA.SLS04G131154,2023.06,0,FINAL,"Local Government, Taxation Revenue, Taxes on Int'l Trade and Transactions",Government Financial Statistics - GFS,Taxes on international trade and transactions,Exchange profits,,,,Dollars,6
GFSA.SLS04G131154,2024.06,0,FINAL,"Local Government, Taxation Revenue, Taxes on Int'l Trade and Transactions",Government Financial Statistics - GFS,Taxes on international trade and transactions,Exchange profits,,,,Dollars,6
GFSA.SLS04G131154,2025.06,0,PROVISIONAL,"Local Government, Taxation Revenue, Taxes on Int'l Trade and Transactions",Government Financial Statistics - GFS,Taxes on international trade and transactions,Exchange profits,,,,Dollars,6
GFSA.SLS04G131155,2009.06,0,FINAL,"Local Government, Taxation Revenue, Taxes on Int'l Trade and Transactions",Government Financial Statistics - GFS,Taxes on international trade and transactions,Exchange taxes,,,,Dollars,6
GFSA.SLS04G131155,2010.06,0,FINAL,"Local Government, Taxation Revenue, Taxes on Int'l Trade and Transactions",Government Financial Statistics - GFS,Taxes on international trade and transactions,Exchange taxes,,,,Dollars,6
GFSA.SLS04G131155,2011.06,0,FINAL,"Local Government, Taxation Revenue, Taxes on Int'l Trade and Transactions",Government Financial Statistics - GFS,Taxes on international trade and transactions,Exchange taxes,,,,Dollars,6
GFSA.SLS04G131155,2012.06,0,FINAL,"Local Government, Taxation Revenue, Taxes on Int'l Trade and Transactions",Government Financial Statistics - GFS,Taxes on international trade and transactions,Exchange taxes,,,,Dollars,6
GFSA.SLS04G131155,2013.06,0,FINAL,"Local Government, Taxation Revenue, Taxes on Int'l Trade and Transactions",Government Financial Statistics - GFS,Taxes on international trade and transactions,Exchange taxes,,,,Dollars,6
GFSA.SLS04G131155,2014.06,0,FINAL,"Local Government, Taxation Revenue, Taxes on Int'l Trade and Transactions",Government Financial Statistics - GFS,Taxes on international trade and transactions,Exchange taxes,,,,Dollars,6
GFSA.SLS04G131155,2015.06,0,FINAL,"Local Government, Taxation Revenue, Taxes on Int'l Trade and Transactions",Government Financial Statistics - GFS,Taxes on international trade and transactions,Exchange taxes,,,,Dollars,6
GFSA.SLS04G131155,2016.06,0,FINAL,"Local Government, Taxation Revenue, Taxes on Int'l Trade and Transactions",Government Financial Statistics - GFS,Taxes on international trade and transactions,Exchange taxes,,,,Dollars,6
GFSA.SLS04G131155,2017.06,0,FINAL,"Local Government, Taxation Revenue, Taxes on Int'l Trade and Transactions",Government Financial Statistics - GFS,Taxes on international trade and transactions,Exchange taxes,,,,Dollars,6
GFSA.SLS04G131155,2018.06,0,FINAL,"Local Government, Taxation Revenue, Taxes on Int'l Trade and Transactions",Government Financial Statistics - GFS,Taxes on international trade and transactions,Exchange taxes,,,,Dollars,6
GFSA.SLS04G131155,2019.06,0,FINAL,"Local Government, Taxation Revenue, Taxes on Int'l Trade and Transactions",Government Financial Statistics - GFS,Taxes on international trade and transactions,Exchange taxes,,,,Dollars,6
GFSA.SLS04G131155,2020.06,0,FINAL,"Local Government, Taxation Revenue, Taxes on Int'l Trade and Transactions",Government Financial Statistics - GFS,Taxes on international trade and transactions,Exchange taxes,,,,Dollars,6
GFSA.SLS04G131155,2021.06,0,FINAL,"Local Government, Taxation Revenue, Taxes on Int'l Trade and Transactions",Government Financial Statistics - GFS,Taxes on international trade and transactions,Exchange taxes,,,,Dollars,6
GFSA.SLS04G131155,2022.06,0,FINAL,"Local Government, Taxation Revenue, Taxes on Int'l Trade and Transactions",Government Financial Statistics - GFS,Taxes on international trade and transactions,Exchange taxes,,,,Dollars,6
GFSA.SLS04G131155,2023.06,0,FINAL,"Local Government, Taxation Revenue, Taxes on Int'l Trade and Transactions",Government Financial Statistics - GFS,Taxes on international trade and transactions,Exchange taxes,,,,Dollars,6
GFSA.SLS04G131155,2024.06,0,FINAL,"Local Government, Taxation Revenue, Taxes on Int'l Trade and Transactions",Government Financial Statistics - GFS,Taxes on international trade and transactions,Exchange taxes,,,,Dollars,6
GFSA.SLS04G131155,2025.06,0,PROVISIONAL,"Local Government, Taxation Revenue, Taxes on Int'l Trade and Transactions",Government Financial Statistics - GFS,Taxes on international trade and transactions,Exchange taxes,,,,Dollars,6
GFSA.SLS04G131156,2009.06,0,FINAL,"Local Government, Taxation Revenue, Taxes on Int'l Trade and Transactions",Government Financial Statistics - GFS,Taxes on international trade and transactions,Other taxes on international trade and transactions,,,,Dollars,6
GFSA.SLS04G131156,2010.06,0,FINAL,"Local Government, Taxation Revenue, Taxes on Int'l Trade and Transactions",Government Financial Statistics - GFS,Taxes on international trade and transactions,Other taxes on international trade and transactions,,,,Dollars,6
GFSA.SLS04G131156,2011.06,0,FINAL,"Local Government, Taxation Revenue, Taxes on Int'l Trade and Transactions",Government Financial Statistics - GFS,Taxes on international trade and transactions,Other taxes on international trade and transactions,,,,Dollars,6
GFSA.SLS04G131156,2012.06,0,FINAL,"Local Government, Taxation Revenue, Taxes on Int'l Trade and Transactions",Government Financial Statistics - GFS,Taxes on international trade and transactions,Other taxes on international trade and transactions,,,,Dollars,6
GFSA.SLS04G131156,2013.06,0,FINAL,"Local Government, Taxation Revenue, Taxes on Int'l Trade and Transactions",Government Financial Statistics - GFS,Taxes on international trade and transactions,Other taxes on international trade and transactions,,,,Dollars,6
GFSA.SLS04G131156,2014.06,0,FINAL,"Local Government, Taxation Revenue, Taxes on Int'l Trade and Transactions",Government Financial Statistics - GFS,Taxes on international trade and transactions,Other taxes on international trade and transactions,,,,Dollars,6
GFSA.SLS04G131156,2015.06,0,FINAL,"Local Government, Taxation Revenue, Taxes on Int'l Trade and Transactions",Government Financial Statistics - GFS,Taxes on international trade and transactions,Other taxes on international trade and transactions,,,,Dollars,6
GFSA.SLS04G131156,2016.06,0,FINAL,"Local Government, Taxation Revenue, Taxes on Int'l Trade and Transactions",Government Financial Statistics - GFS,Taxes on international trade and transactions,Other taxes on international trade and transactions,,,,Dollars,6
GFSA.SLS04G131156,2017.06,0,FINAL,"Local Government, Taxation Revenue, Taxes on Int'l Trade and Transactions",Government Financial Statistics - GFS,Taxes on international trade and transactions,Other taxes on international trade and transactions,,,,Dollars,6
GFSA.SLS04G131156,2018.06,0,FINAL,"Local Government, Taxation Revenue, Taxes on Int'l Trade and Transactions",Government Financial Statistics - GFS,Taxes on international trade and transactions,Other taxes on international trade and transactions,,,,Dollars,6
GFSA.SLS04G131156,2019.06,0,FINAL,"Local Government, Taxation Revenue, Taxes on Int'l Trade and Transactions",Government Financial Statistics - GFS,Taxes on international trade and transactions,Other taxes on international trade and transactions,,,,Dollars,6
GFSA.SLS04G131156,2020.06,0,FINAL,"Local Government, Taxation Revenue, Taxes on Int'l Trade and Transactions",Government Financial Statistics - GFS,Taxes on international trade and transactions,Other taxes on international trade and transactions,,,,Dollars,6
GFSA.SLS04G131156,2021.06,0,FINAL,"Local Government, Taxation Revenue, Taxes on Int'l Trade and Transactions",Government Financial Statistics - GFS,Taxes on international trade and transactions,Other taxes on international trade and transactions,,,,Dollars,6
GFSA.SLS04G131156,2022.06,0,FINAL,"Local Government, Taxation Revenue, Taxes on Int'l Trade and Transactions",Government Financial Statistics - GFS,Taxes on international trade and transactions,Other taxes on international trade and transactions,,,,Dollars,6
GFSA.SLS04G131156,2023.06,0,FINAL,"Local Government, Taxation Revenue, Taxes on Int'l Trade and Transactions",Government Financial Statistics - GFS,Taxes on international trade and transactions,Other taxes on international trade and transactions,,,,Dollars,6
GFSA.SLS04G131156,2024.06,0,FINAL,"Local Government, Taxation Revenue, Taxes on Int'l Trade and Transactions",Government Financial Statistics - GFS,Taxes on international trade and transactions,Other taxes on international trade and transactions,,,,Dollars,6
GFSA.SLS04G131156,2025.06,0,PROVISIONAL,"Local Government, Taxation Revenue, Taxes on Int'l Trade and Transactions",Government Financial Statistics - GFS,Taxes on international trade and transactions,Other taxes on international trade and transactions,,,,Dollars,6
GFSA.SLS04G14112,2009.06,0,FINAL,"Local Government, Taxation Revenue, Taxes on Payroll and Workforce",Government Financial Statistics - GFS,Taxes on payroll and workforce,,,,,Dollars,6
GFSA.SLS04G14112,2010.06,0,FINAL,"Local Government, Taxation Revenue, Taxes on Payroll and Workforce",Government Financial Statistics - GFS,Taxes on payroll and workforce,,,,,Dollars,6
GFSA.SLS04G14112,2011.06,0,FINAL,"Local Government, Taxation Revenue, Taxes on Payroll and Workforce",Government Financial Statistics - GFS,Taxes on payroll and workforce,,,,,Dollars,6
GFSA.SLS04G14112,2012.06,0,FINAL,"Local Government, Taxation Revenue, Taxes on Payroll and Workforce",Government Financial Statistics - GFS,Taxes on payroll and workforce,,,,,Dollars,6
GFSA.SLS04G14112,2013.06,0,FINAL,"Local Government, Taxation Revenue, Taxes on Payroll and Workforce",Government Financial Statistics - GFS,Taxes on payroll and workforce,,,,,Dollars,6
GFSA.SLS04G14112,2014.06,0,FINAL,"Local Government, Taxation Revenue, Taxes on Payroll and Workforce",Government Financial Statistics - GFS,Taxes on payroll and workforce,,,,,Dollars,6
GFSA.SLS04G14112,2015.06,0,FINAL,"Local Government, Taxation Revenue, Taxes on Payroll and Workforce",Government Financial Statistics - GFS,Taxes on payroll and workforce,,,,,Dollars,6
GFSA.SLS04G14112,2016.06,0,FINAL,"Local Government, Taxation Revenue, Taxes on Payroll and Workforce",Government Financial Statistics - GFS,Taxes on payroll and workforce,,,,,Dollars,6
GFSA.SLS04G14112,2017.06,0,FINAL,"Local Government, Taxation Revenue, Taxes on Payroll and Workforce",Government Financial Statistics - GFS,Taxes on payroll and workforce,,,,,Dollars,6
GFSA.SLS04G14112,2018.06,0,FINAL,"Local Government, Taxation Revenue, Taxes on Payroll and Workforce",Government Financial Statistics - GFS,Taxes on payroll and workforce,,,,,Dollars,6
GFSA.SLS04G14112,2019.06,0,FINAL,"Local Government, Taxation Revenue, Taxes on Payroll and Workforce",Government Financial Statistics - GFS,Taxes on payroll and workforce,,,,,Dollars,6
GFSA.SLS04G14112,2020.06,0,FINAL,"Local Government, Taxation Revenue, Taxes on Payroll and Workforce",Government Financial Statistics - GFS,Taxes on payroll and workforce,,,,,Dollars,6
GFSA.SLS04G14112,2021.06,0,FINAL,"Local Government, Taxation Revenue, Taxes on Payroll and Workforce",Government Financial Statistics - GFS,Taxes on payroll and workforce,,,,,Dollars,6
GFSA.SLS04G14112,2022.06,0,FINAL,"Local Government, Taxation Revenue, Taxes on Payroll and Workforce",Government Financial Statistics - GFS,Taxes on payroll and workforce,,,,,Dollars,6
GFSA.SLS04G14112,2023.06,0,FINAL,"Local Government, Taxation Revenue, Taxes on Payroll and Workforce",Government Financial Statistics - GFS,Taxes on payroll and workforce,,,,,Dollars,6
GFSA.SLS04G14112,2024.06,0,FINAL,"Local Government, Taxation Revenue, Taxes on Payroll and Workforce",Government Financial Statistics - GFS,Taxes on payroll and workforce,,,,,Dollars,6
GFSA.SLS04G14112,2025.06,0,PROVISIONAL,"Local Government, Taxation Revenue, Taxes on Payroll and Workforce",Government Financial Statistics - GFS,Taxes on payroll and workforce,,,,,Dollars,6
GFSA.SLS04G15116,2009.06,0,FINAL,"Local Government, Taxation Revenue, Other Taxes",Government Financial Statistics - GFS,Other taxes,,,,,Dollars,6
GFSA.SLS04G15116,2010.06,0,FINAL,"Local Government, Taxation Revenue, Other Taxes",Government Financial Statistics - GFS,Other taxes,,,,,Dollars,6
GFSA.SLS04G15116,2011.06,0,FINAL,"Local Government, Taxation Revenue, Other Taxes",Government Financial Statistics - GFS,Other taxes,,,,,Dollars,6
GFSA.SLS04G15116,2012.06,0,FINAL,"Local Government, Taxation Revenue, Other Taxes",Government Financial Statistics - GFS,Other taxes,,,,,Dollars,6
GFSA.SLS04G15116,2013.06,0,FINAL,"Local Government, Taxation Revenue, Other Taxes",Government Financial Statistics - GFS,Other taxes,,,,,Dollars,6
GFSA.SLS04G15116,2014.06,0,FINAL,"Local Government, Taxation Revenue, Other Taxes",Government Financial Statistics - GFS,Other taxes,,,,,Dollars,6
GFSA.SLS04G15116,2015.06,0,FINAL,"Local Government, Taxation Revenue, Other Taxes",Government Financial Statistics - GFS,Other taxes,,,,,Dollars,6
GFSA.SLS04G15116,2016.06,0,FINAL,"Local Government, Taxation Revenue, Other Taxes",Government Financial Statistics - GFS,Other taxes,,,,,Dollars,6
GFSA.SLS04G15116,2017.06,0,FINAL,"Local Government, Taxation Revenue, Other Taxes",Government Financial Statistics - GFS,Other taxes,,,,,Dollars,6
GFSA.SLS04G15116,2018.06,0,FINAL,"Local Government, Taxation Revenue, Other Taxes",Government Financial Statistics - GFS,Other taxes,,,,,Dollars,6
GFSA.SLS04G15116,2019.06,0,FINAL,"Local Government, Taxation Revenue, Other Taxes",Government Financial Statistics - GFS,Other taxes,,,,,Dollars,6
GFSA.SLS04G15116,2020.06,0,FINAL,"Local Government, Taxation Revenue, Other Taxes",Government Financial Statistics - GFS,Other taxes,,,,,Dollars,6
GFSA.SLS04G15116,2021.06,0,FINAL,"Local Government, Taxation Revenue, Other Taxes",Government Financial Statistics - GFS,Other taxes,,,,,Dollars,6
GFSA.SLS04G15116,2022.06,0,FINAL,"Local Government, Taxation Revenue, Other Taxes",Government Financial Statistics - GFS,Other taxes,,,,,Dollars,6
GFSA.SLS04G15116,2023.06,0,FINAL,"Local Government, Taxation Revenue, Other Taxes",Government Financial Statistics - GFS,Other taxes,,,,,Dollars,6
GFSA.SLS04G15116,2024.06,0,FINAL,"Local Government, Taxation Revenue, Other Taxes",Government Financial Statistics - GFS,Other taxes,,,,,Dollars,6
GFSA.SLS04G15116,2025.06,0,PROVISIONAL,"Local Government, Taxation Revenue, Other Taxes",Government Financial Statistics - GFS,Other taxes,,,,,Dollars,6
GFSA.SLS05G00Z61699A,2009.06,3479,FINAL,"Local Government, Non-financial Assets Reconciliation, Total excl Inventories",Government Financial Statistics - GFS,Non-financial assets,Non-financial assets excluding inventories,Additions,,,Dollars,6
GFSA.SLS05G00Z61699A,2010.06,4085,FINAL,"Local Government, Non-financial Assets Reconciliation, Total excl Inventories",Government Financial Statistics - GFS,Non-financial assets,Non-financial assets excluding inventories,Additions,,,Dollars,6
GFSA.SLS05G00Z61699A,2011.06,3398,FINAL,"Local Government, Non-financial Assets Reconciliation, Total excl Inventories",Government Financial Statistics - GFS,Non-financial assets,Non-financial assets excluding inventories,Additions,,,Dollars,6
GFSA.SLS05G00Z61699A,2012.06,3749,FINAL,"Local Government, Non-financial Assets Reconciliation, Total excl Inventories",Government Financial Statistics - GFS,Non-financial assets,Non-financial assets excluding inventories,Additions,,,Dollars,6
GFSA.SLS05G00Z61699A,2013.06,4408,FINAL,"Local Government, Non-financial Assets Reconciliation, Total excl Inventories",Government Financial Statistics - GFS,Non-financial assets,Non-financial assets excluding inventories,Additions,,,Dollars,6
GFSA.SLS05G00Z61699A,2014.06,3998,FINAL,"Local Government, Non-financial Assets Reconciliation, Total excl Inventories",Government Financial Statistics - GFS,Non-financial assets,Non-financial assets excluding inventories,Additions,,,Dollars,6
GFSA.SLS05G00Z61699A,2015.06,4103,FINAL,"Local Government, Non-financial Assets Reconciliation, Total excl Inventories",Government Financial Statistics - GFS,Non-financial assets,Non-financial assets excluding inventories,Additions,,,Dollars,6
GFSA.SLS05G00Z61699A,2016.06,4341,FINAL,"Local Government, Non-financial Assets Reconciliation, Total excl Inventories",Government Financial Statistics - GFS,Non-financial assets,Non-financial assets excluding inventories,Additions,,,Dollars,6
GFSA.SLS05G00Z61699A,2017.06,4373,FINAL,"Local Government, Non-financial Assets Reconciliation, Total excl Inventories",Government Financial Statistics - GFS,Non-financial assets,Non-financial assets excluding inventories,Additions,,,Dollars,6
GFSA.SLS05G00Z61699A,2018.06,5042,REVISED,"Local Government, Non-financial Assets Reconciliation, Total excl Inventories",Government Financial Statistics - GFS,Non-financial assets,Non-financial assets excluding inventories,Additions,,,Dollars,6
GFSA.SLS05G00Z61699A,2019.06,5427,REVISED,"Local Government, Non-financial Assets Reconciliation, Total excl Inventories",Government Financial Statistics - GFS,Non-financial assets,Non-financial assets excluding inventories,Additions,,,Dollars,6
GFSA.SLS05G00Z61699A,2020.06,5725,REVISED,"Local Government, Non-financial Assets Reconciliation, Total excl Inventories",Government Financial Statistics - GFS,Non-financial assets,Non-financial assets excluding inventories,Additions,,,Dollars,6
GFSA.SLS05G00Z61699A,2021.06,6534,REVISED,"Local Government, Non-financial Assets Reconciliation, Total excl Inventories",Government Financial Statistics - GFS,Non-financial assets,Non-financial assets excluding inventories,Additions,,,Dollars,6
GFSA.SLS05G00Z61699A,2022.06,6889,REVISED,"Local Government, Non-financial Assets Reconciliation, Total excl Inventories",Government Financial Statistics - GFS,Non-financial assets,Non-financial assets excluding inventories,Additions,,,Dollars,6
GFSA.SLS05G00Z61699A,2023.06,8601,REVISED,"Local Government, Non-financial Assets Reconciliation, Total excl Inventories",Government Financial Statistics - GFS,Non-financial assets,Non-financial assets excluding inventories,Additions,,,Dollars,6
GFSA.SLS05G00Z61699A,2024.06,9123,REVISED,"Local Government, Non-financial Assets Reconciliation, Total excl Inventories",Government Financial Statistics - GFS,Non-financial assets,Non-financial assets excluding inventories,Additions,,,Dollars,6
GFSA.SLS05G00Z61699A,2025.06,10102,PROVISIONAL,"Local Government, Non-financial Assets Reconciliation, Total excl Inventories",Government Financial Statistics - GFS,Non-financial assets,Non-financial assets excluding inventories,Additions,,,Dollars,6
GFSA.SLS05G00Z61699D,2009.06,250,FINAL,"Local Government, Non-financial Assets Reconciliation, Total excl Inventories",Government Financial Statistics - GFS,Non-financial assets,Non-financial assets excluding inventories,Disposals,,,Dollars,6
GFSA.SLS05G00Z61699D,2010.06,742,FINAL,"Local Government, Non-financial Assets Reconciliation, Total excl Inventories",Government Financial Statistics - GFS,Non-financial assets,Non-financial assets excluding inventories,Disposals,,,Dollars,6
GFSA.SLS05G00Z61699D,2011.06,646,FINAL,"Local Government, Non-financial Assets Reconciliation, Total excl Inventories",Government Financial Statistics - GFS,Non-financial assets,Non-financial assets excluding inventories,Disposals,,,Dollars,6
GFSA.SLS05G00Z61699D,2012.06,1090,FINAL,"Local Government, Non-financial Assets Reconciliation, Total excl Inventories",Government Financial Statistics - GFS,Non-financial assets,Non-financial assets excluding inventories,Disposals,,,Dollars,6
GFSA.SLS05G00Z61699D,2013.06,491,FINAL,"Local Government, Non-financial Assets Reconciliation, Total excl Inventories",Government Financial Statistics - GFS,Non-financial assets,Non-financial assets excluding inventories,Disposals,,,Dollars,6
GFSA.SLS05G00Z61699D,2014.06,548,FINAL,"Local Government, Non-financial Assets Reconciliation, Total excl Inventories",Government Financial Statistics - GFS,Non-financial assets,Non-financial assets excluding inventories,Disposals,,,Dollars,6
GFSA.SLS05G00Z61699D,2015.06,460,FINAL,"Local Government, Non-financial Assets Reconciliation, Total excl Inventories",Government Financial Statistics - GFS,Non-financial assets,Non-financial assets excluding inventories,Disposals,,,Dollars,6
GFSA.SLS05G00Z61699D,2016.06,815,FINAL,"Local Government, Non-financial Assets Reconciliation, Total excl Inventories",Government Financial Statistics - GFS,Non-financial assets,Non-financial assets excluding inventories,Disposals,,,Dollars,6
GFSA.SLS05G00Z61699D,2017.06,684,FINAL,"Local Government, Non-financial Assets Reconciliation, Total excl Inventories",Government Financial Statistics - GFS,Non-financial assets,Non-financial assets excluding inventories,Disposals,,,Dollars,6
GFSA.SLS05G00Z61699D,2018.06,627,REVISED,"Local Government, Non-financial Assets Reconciliation, Total excl Inventories",Government Financial Statistics - GFS,Non-financial assets,Non-financial assets excluding inventories,Disposals,,,Dollars,6
GFSA.SLS05G00Z61699D,2019.06,601,FINAL,"Local Government, Non-financial Assets Reconciliation, Total excl Inventories",Government Financial Statistics - GFS,Non-financial assets,Non-financial assets excluding inventories,Disposals,,,Dollars,6
GFSA.SLS05G00Z61699D,2020.06,405,FINAL,"Local Government, Non-financial Assets Reconciliation, Total excl Inventories",Government Financial Statistics - GFS,Non-financial assets,Non-financial assets excluding inventories,Disposals,,,Dollars,6
GFSA.SLS05G00Z61699D,2021.06,568,FINAL,"Local Government, Non-financial Assets Reconciliation, Total excl Inventories",Government Financial Statistics - GFS,Non-financial assets,Non-financial assets excluding inventories,Disposals,,,Dollars,6
GFSA.SLS05G00Z61699D,2022.06,647,FINAL,"Local Government, Non-financial Assets Reconciliation, Total excl Inventories",Government Financial Statistics - GFS,Non-financial assets,Non-financial assets excluding inventories,Disposals,,,Dollars,6
GFSA.SLS05G00Z61699D,2023.06,582,REVISED,"Local Government, Non-financial Assets Reconciliation, Total excl Inventories",Government Financial Statistics - GFS,Non-financial assets,Non-financial assets excluding inventories,Disposals,,,Dollars,6
GFSA.SLS05G00Z61699D,2024.06,683,REVISED,"Local Government, Non-financial Assets Reconciliation, Total excl Inventories",Government Financial Statistics - GFS,Non-financial assets,Non-financial assets excluding inventories,Disposals,,,Dollars,6
GFSA.SLS05G00Z61699D,2025.06,636,PROVISIONAL,"Local Government, Non-financial Assets Reconciliation, Total excl Inventories",Government Financial Statistics - GFS,Non-financial assets,Non-financial assets excluding inventories,Disposals,,,Dollars,6
GFSA.SLS05G00Z61699K,2009.06,1421,FINAL,"Local Government, Non-financial Assets Reconciliation, Total excl Inventories",Government Financial Statistics - GFS,Non-financial assets,Non-financial assets excluding inventories,Depreciation,,,Dollars,6
GFSA.SLS05G00Z61699K,2010.06,1513,FINAL,"Local Government, Non-financial Assets Reconciliation, Total excl Inventories",Government Financial Statistics - GFS,Non-financial assets,Non-financial assets excluding inventories,Depreciation,,,Dollars,6
GFSA.SLS05G00Z61699K,2011.06,1583,FINAL,"Local Government, Non-financial Assets Reconciliation, Total excl Inventories",Government Financial Statistics - GFS,Non-financial assets,Non-financial assets excluding inventories,Depreciation,,,Dollars,6
GFSA.SLS05G00Z61699K,2012.06,1618,FINAL,"Local Government, Non-financial Assets Reconciliation, Total excl Inventories",Government Financial Statistics - GFS,Non-financial assets,Non-financial assets excluding inventories,Depreciation,,,Dollars,6
GFSA.SLS05G00Z61699K,2013.06,1695,FINAL,"Local Government, Non-financial Assets Reconciliation, Total excl Inventories",Government Financial Statistics - GFS,Non-financial assets,Non-financial assets excluding inventories,Depreciation,,,Dollars,6
GFSA.SLS05G00Z61699K,2014.06,1766,FINAL,"Local Government, Non-financial Assets Reconciliation, Total excl Inventories",Government Financial Statistics - GFS,Non-financial assets,Non-financial assets excluding inventories,Depreciation,,,Dollars,6
GFSA.SLS05G00Z61699K,2015.06,1859,FINAL,"Local Government, Non-financial Assets Reconciliation, Total excl Inventories",Government Financial Statistics - GFS,Non-financial assets,Non-financial assets excluding inventories,Depreciation,,,Dollars,6
GFSA.SLS05G00Z61699K,2016.06,1991,FINAL,"Local Government, Non-financial Assets Reconciliation, Total excl Inventories",Government Financial Statistics - GFS,Non-financial assets,Non-financial assets excluding inventories,Depreciation,,,Dollars,6
GFSA.SLS05G00Z61699K,2017.06,2083,FINAL,"Local Government, Non-financial Assets Reconciliation, Total excl Inventories",Government Financial Statistics - GFS,Non-financial assets,Non-financial assets excluding inventories,Depreciation,,,Dollars,6
GFSA.SLS05G00Z61699K,2018.06,2158,FINAL,"Local Government, Non-financial Assets Reconciliation, Total excl Inventories",Government Financial Statistics - GFS,Non-financial assets,Non-financial assets excluding inventories,Depreciation,,,Dollars,6
GFSA.SLS05G00Z61699K,2019.06,2278,FINAL,"Local Government, Non-financial Assets Reconciliation, Total excl Inventories",Government Financial Statistics - GFS,Non-financial assets,Non-financial assets excluding inventories,Depreciation,,,Dollars,6
GFSA.SLS05G00Z61699K,2020.06,2411,FINAL,"Local Government, Non-financial Assets Reconciliation, Total excl Inventories",Government Financial Statistics - GFS,Non-financial assets,Non-financial assets excluding inventories,Depreciation,,,Dollars,6
GFSA.SLS05G00Z61699K,2021.06,2584,FINAL,"Local Government, Non-financial Assets Reconciliation, Total excl Inventories",Government Financial Statistics - GFS,Non-financial assets,Non-financial assets excluding inventories,Depreciation,,,Dollars,6
GFSA.SLS05G00Z61699K,2022.06,2737,FINAL,"Local Government, Non-financial Assets Reconciliation, Total excl Inventories",Government Financial Statistics - GFS,Non-financial assets,Non-financial assets excluding inventories,Depreciation,,,Dollars,6
GFSA.SLS05G00Z61699K,2023.06,3263,REVISED,"Local Government, Non-financial Assets Reconciliation, Total excl Inventories",Government Financial Statistics - GFS,Non-financial assets,Non-financial assets excluding inventories,Depreciation,,,Dollars,6
GFSA.SLS05G00Z61699K,2024.06,3530,REVISED,"Local Government, Non-financial Assets Reconciliation, Total excl Inventories",Government Financial Statistics - GFS,Non-financial assets,Non-financial assets excluding inventories,Depreciation,,,Dollars,6
GFSA.SLS05G00Z61699K,2025.06,3847,PROVISIONAL,"Local Government, Non-financial Assets Reconciliation, Total excl Inventories",Government Financial Statistics - GFS,Non-financial assets,Non-financial assets excluding inventories,Depreciation,,,Dollars,6
GFSA.SLS05G00Z61699O,2009.06,3309,FINAL,"Local Government, Non-financial Assets Reconciliation, Total excl Inventories",Government Financial Statistics - GFS,Non-financial assets,Non-financial assets excluding inventories,Other economic flows,,,Dollars,6
GFSA.SLS05G00Z61699O,2010.06,1481,FINAL,"Local Government, Non-financial Assets Reconciliation, Total excl Inventories",Government Financial Statistics - GFS,Non-financial assets,Non-financial assets excluding inventories,Other economic flows,,,Dollars,6
GFSA.SLS05G00Z61699O,2011.06,1257,FINAL,"Local Government, Non-financial Assets Reconciliation, Total excl Inventories",Government Financial Statistics - GFS,Non-financial assets,Non-financial assets excluding inventories,Other economic flows,,,Dollars,6
GFSA.SLS05G00Z61699O,2012.06,734,FINAL,"Local Government, Non-financial Assets Reconciliation, Total excl Inventories",Government Financial Statistics - GFS,Non-financial assets,Non-financial assets excluding inventories,Other economic flows,,,Dollars,6
GFSA.SLS05G00Z61699O,2013.06,-118,FINAL,"Local Government, Non-financial Assets Reconciliation, Total excl Inventories",Government Financial Statistics - GFS,Non-financial assets,Non-financial assets excluding inventories,Other economic flows,,,Dollars,6
GFSA.SLS05G00Z61699O,2014.06,4118,FINAL,"Local Government, Non-financial Assets Reconciliation, Total excl Inventories",Government Financial Statistics - GFS,Non-financial assets,Non-financial assets excluding inventories,Other economic flows,,,Dollars,6
GFSA.SLS05G00Z61699O,2015.06,2558,FINAL,"Local Government, Non-financial Assets Reconciliation, Total excl Inventories",Government Financial Statistics - GFS,Non-financial assets,Non-financial assets excluding inventories,Other economic flows,,,Dollars,6
GFSA.SLS05G00Z61699O,2016.06,2493,FINAL,"Local Government, Non-financial Assets Reconciliation, Total excl Inventories",Government Financial Statistics - GFS,Non-financial assets,Non-financial assets excluding inventories,Other economic flows,,,Dollars,6
GFSA.SLS05G00Z61699O,2017.06,4783,FINAL,"Local Government, Non-financial Assets Reconciliation, Total excl Inventories",Government Financial Statistics - GFS,Non-financial assets,Non-financial assets excluding inventories,Other economic flows,,,Dollars,6
GFSA.SLS05G00Z61699O,2018.06,3465,FINAL,"Local Government, Non-financial Assets Reconciliation, Total excl Inventories",Government Financial Statistics - GFS,Non-financial assets,Non-financial assets excluding inventories,Other economic flows,,,Dollars,6
GFSA.SLS05G00Z61699O,2019.06,4502,FINAL,"Local Government, Non-financial Assets Reconciliation, Total excl Inventories",Government Financial Statistics - GFS,Non-financial assets,Non-financial assets excluding inventories,Other economic flows,,,Dollars,6
GFSA.SLS05G00Z61699O,2020.06,5755,FINAL,"Local Government, Non-financial Assets Reconciliation, Total excl Inventories",Government Financial Statistics - GFS,Non-financial assets,Non-financial assets excluding inventories,Other economic flows,,,Dollars,6
GFSA.SLS05G00Z61699O,2021.06,5908,FINAL,"Local Government, Non-financial Assets Reconciliation, Total excl Inventories",Government Financial Statistics - GFS,Non-financial assets,Non-financial assets excluding inventories,Other economic flows,,,Dollars,6
GFSA.SLS05G00Z61699O,2022.06,23753,FINAL,"Local Government, Non-financial Assets Reconciliation, Total excl Inventories",Government Financial Statistics - GFS,Non-financial assets,Non-financial assets excluding inventories,Other economic flows,,,Dollars,6
GFSA.SLS05G00Z61699O,2023.06,4988,REVISED,"Local Government, Non-financial Assets Reconciliation, Total excl Inventories",Government Financial Statistics - GFS,Non-financial assets,Non-financial assets excluding inventories,Other economic flows,,,Dollars,6
GFSA.SLS05G00Z61699O,2024.06,7031,REVISED,"Local Government, Non-financial Assets Reconciliation, Total excl Inventories",Government Financial Statistics - GFS,Non-financial assets,Non-financial assets excluding inventories,Other economic flows,,,Dollars,6
GFSA.SLS05G00Z61699O,2025.06,536,PROVISIONAL,"Local Government, Non-financial Assets Reconciliation, Total excl Inventories",Government Financial Statistics - GFS,Non-financial assets,Non-financial assets excluding inventories,Other economic flows,,,Dollars,6
GFSA.SLS05G00Z61699Z,2008.06,84479,FINAL,"Local Government, Non-financial Assets Reconciliation, Total excl Inventories",Government Financial Statistics - GFS,Non-financial assets,Non-financial assets excluding inventories,Total,,,Dollars,6
GFSA.SLS05G00Z61699Z,2009.06,89596,FINAL,"Local Government, Non-financial Assets Reconciliation, Total excl Inventories",Government Financial Statistics - GFS,Non-financial assets,Non-financial assets excluding inventories,Total,,,Dollars,6
GFSA.SLS05G00Z61699Z,2010.06,92906,FINAL,"Local Government, Non-financial Assets Reconciliation, Total excl Inventories",Government Financial Statistics - GFS,Non-financial assets,Non-financial assets excluding inventories,Total,,,Dollars,6
GFSA.SLS05G00Z61699Z,2011.06,95332,FINAL,"Local Government, Non-financial Assets Reconciliation, Total excl Inventories",Government Financial Statistics - GFS,Non-financial assets,Non-financial assets excluding inventories,Total,,,Dollars,6
GFSA.SLS05G00Z61699Z,2012.06,97107,FINAL,"Local Government, Non-financial Assets Reconciliation, Total excl Inventories",Government Financial Statistics - GFS,Non-financial assets,Non-financial assets excluding inventories,Total,,,Dollars,6
GFSA.SLS05G00Z61699Z,2013.06,99210,FINAL,"Local Government, Non-financial Assets Reconciliation, Total excl Inventories",Government Financial Statistics - GFS,Non-financial assets,Non-financial assets excluding inventories,Total,,,Dollars,6
GFSA.SLS05G00Z61699Z,2014.06,105011,FINAL,"Local Government, Non-financial Assets Reconciliation, Total excl Inventories",Government Financial Statistics - GFS,Non-financial assets,Non-financial assets excluding inventories,Total,,,Dollars,6
GFSA.SLS05G00Z61699Z,2015.06,109353,FINAL,"Local Government, Non-financial Assets Reconciliation, Total excl Inventories",Government Financial Statistics - GFS,Non-financial assets,Non-financial assets excluding inventories,Total,,,Dollars,6
GFSA.SLS05G00Z61699Z,2016.06,113382,FINAL,"Local Government, Non-financial Assets Reconciliation, Total excl Inventories",Government Financial Statistics - GFS,Non-financial assets,Non-financial assets excluding inventories,Total,,,Dollars,6
GFSA.SLS05G00Z61699Z,2017.06,119770,FINAL,"Local Government, Non-financial Assets Reconciliation, Total excl Inventories",Government Financial Statistics - GFS,Non-financial assets,Non-financial assets excluding inventories,Total,,,Dollars,6
GFSA.SLS05G00Z61699Z,2018.06,125492,REVISED,"Local Government, Non-financial Assets Reconciliation, Total excl Inventories",Government Financial Statistics - GFS,Non-financial assets,Non-financial assets excluding inventories,Total,,,Dollars,6
GFSA.SLS05G00Z61699Z,2019.06,132541,REVISED,"Local Government, Non-financial Assets Reconciliation, Total excl Inventories",Government Financial Statistics - GFS,Non-financial assets,Non-financial assets excluding inventories,Total,,,Dollars,6
GFSA.SLS05G00Z61699Z,2020.06,141206,REVISED,"Local Government, Non-financial Assets Reconciliation, Total excl Inventories",Government Financial Statistics - GFS,Non-financial assets,Non-financial assets excluding inventories,Total,,,Dollars,6
GFSA.SLS05G00Z61699Z,2021.06,150496,REVISED,"Local Government, Non-financial Assets Reconciliation, Total excl Inventories",Government Financial Statistics - GFS,Non-financial assets,Non-financial assets excluding inventories,Total,,,Dollars,6
GFSA.SLS05G00Z61699Z,2022.06,177754,REVISED,"Local Government, Non-financial Assets Reconciliation, Total excl Inventories",Government Financial Statistics - GFS,Non-financial assets,Non-financial assets excluding inventories,Total,,,Dollars,6
GFSA.SLS05G00Z61699Z,2023.06,187497,REVISED,"Local Government, Non-financial Assets Reconciliation, Total excl Inventories",Government Financial Statistics - GFS,Non-financial assets,Non-financial assets excluding inventories,Total,,,Dollars,6
GFSA.SLS05G00Z61699Z,2024.06,199438,REVISED,"Local Government, Non-financial Assets Reconciliation, Total excl Inventories",Government Financial Statistics - GFS,Non-financial assets,Non-financial assets excluding inventories,Total,,,Dollars,6
GFSA.SLS05G00Z61699Z,2025.06,205593,PROVISIONAL,"Local Government, Non-financial Assets Reconciliation, Total excl Inventories",Government Financial Statistics - GFS,Non-financial assets,Non-financial assets excluding inventories,Total,,,Dollars,6
GFSA.SLS05G06Z616111A,2009.06,2712,FINAL,"Local Government, Non-financial Assets Reconciliation, Fixed Assets",Government Financial Statistics - GFS,Non-financial assets,Fixed assets,Buildings and structures,Additions,,Dollars,6
GFSA.SLS05G06Z616111A,2010.06,3467,FINAL,"Local Government, Non-financial Assets Reconciliation, Fixed Assets",Government Financial Statistics - GFS,Non-financial assets,Fixed assets,Buildings and structures,Additions,,Dollars,6
GFSA.SLS05G06Z616111A,2011.06,2838,FINAL,"Local Government, Non-financial Assets Reconciliation, Fixed Assets",Government Financial Statistics - GFS,Non-financial assets,Fixed assets,Buildings and structures,Additions,,Dollars,6
GFSA.SLS05G06Z616111A,2012.06,3159,FINAL,"Local Government, Non-financial Assets Reconciliation, Fixed Assets",Government Financial Statistics - GFS,Non-financial assets,Fixed assets,Buildings and structures,Additions,,Dollars,6
GFSA.SLS05G06Z616111A,2013.06,3314,FINAL,"Local Government, Non-financial Assets Reconciliation, Fixed Assets",Government Financial Statistics - GFS,Non-financial assets,Fixed assets,Buildings and structures,Additions,,Dollars,6
GFSA.SLS05G06Z616111A,2014.06,3068,FINAL,"Local Government, Non-financial Assets Reconciliation, Fixed Assets",Government Financial Statistics - GFS,Non-financial assets,Fixed assets,Buildings and structures,Additions,,Dollars,6
GFSA.SLS05G06Z616111A,2015.06,2961,FINAL,"Local Government, Non-financial Assets Reconciliation, Fixed Assets",Government Financial Statistics - GFS,Non-financial assets,Fixed assets,Buildings and structures,Additions,,Dollars,6
GFSA.SLS05G06Z616111A,2016.06,3369,FINAL,"Local Government, Non-financial Assets Reconciliation, Fixed Assets",Government Financial Statistics - GFS,Non-financial assets,Fixed assets,Buildings and structures,Additions,,Dollars,6
GFSA.SLS05G06Z616111A,2017.06,3394,FINAL,"Local Government, Non-financial Assets Reconciliation, Fixed Assets",Government Financial Statistics - GFS,Non-financial assets,Fixed assets,Buildings and structures,Additions,,Dollars,6
GFSA.SLS05G06Z616111A,2018.06,3873,REVISED,"Local Government, Non-financial Assets Reconciliation, Fixed Assets",Government Financial Statistics - GFS,Non-financial assets,Fixed assets,Buildings and structures,Additions,,Dollars,6
GFSA.SLS05G06Z616111A,2019.06,4279,REVISED,"Local Government, Non-financial Assets Reconciliation, Fixed Assets",Government Financial Statistics - GFS,Non-financial assets,Fixed assets,Buildings and structures,Additions,,Dollars,6
GFSA.SLS05G06Z616111A,2020.06,4548,REVISED,"Local Government, Non-financial Assets Reconciliation, Fixed Assets",Government Financial Statistics - GFS,Non-financial assets,Fixed assets,Buildings and structures,Additions,,Dollars,6
GFSA.SLS05G06Z616111A,2021.06,5475,REVISED,"Local Government, Non-financial Assets Reconciliation, Fixed Assets",Government Financial Statistics - GFS,Non-financial assets,Fixed assets,Buildings and structures,Additions,,Dollars,6
GFSA.SLS05G06Z616111A,2022.06,5834,REVISED,"Local Government, Non-financial Assets Reconciliation, Fixed Assets",Government Financial Statistics - GFS,Non-financial assets,Fixed assets,Buildings and structures,Additions,,Dollars,6
GFSA.SLS05G06Z616111A,2023.06,6841,REVISED,"Local Government, Non-financial Assets Reconciliation, Fixed Assets",Government Financial Statistics - GFS,Non-financial assets,Fixed assets,Buildings and structures,Additions,,Dollars,6
GFSA.SLS05G06Z616111A,2024.06,7331,REVISED,"Local Government, Non-financial Assets Reconciliation, Fixed Assets",Government Financial Statistics - GFS,Non-financial assets,Fixed assets,Buildings and structures,Additions,,Dollars,6
GFSA.SLS05G06Z616111A,2025.06,8081,PROVISIONAL,"Local Government, Non-financial Assets Reconciliation, Fixed Assets",Government Financial Statistics - GFS,Non-financial assets,Fixed assets,Buildings and structures,Additions,,Dollars,6
GFSA.SLS05G06Z616111D,2009.06,157,FINAL,"Local Government, Non-financial Assets Reconciliation, Fixed Assets",Government Financial Statistics - GFS,Non-financial assets,Fixed assets,Buildings and structures,Disposals,,Dollars,6
GFSA.SLS05G06Z616111D,2010.06,584,FINAL,"Local Government, Non-financial Assets Reconciliation, Fixed Assets",Government Financial Statistics - GFS,Non-financial assets,Fixed assets,Buildings and structures,Disposals,,Dollars,6
GFSA.SLS05G06Z616111D,2011.06,536,FINAL,"Local Government, Non-financial Assets Reconciliation, Fixed Assets",Government Financial Statistics - GFS,Non-financial assets,Fixed assets,Buildings and structures,Disposals,,Dollars,6
GFSA.SLS05G06Z616111D,2012.06,838,FINAL,"Local Government, Non-financial Assets Reconciliation, Fixed Assets",Government Financial Statistics - GFS,Non-financial assets,Fixed assets,Buildings and structures,Disposals,,Dollars,6
GFSA.SLS05G06Z616111D,2013.06,347,FINAL,"Local Government, Non-financial Assets Reconciliation, Fixed Assets",Government Financial Statistics - GFS,Non-financial assets,Fixed assets,Buildings and structures,Disposals,,Dollars,6
GFSA.SLS05G06Z616111D,2014.06,426,FINAL,"Local Government, Non-financial Assets Reconciliation, Fixed Assets",Government Financial Statistics - GFS,Non-financial assets,Fixed assets,Buildings and structures,Disposals,,Dollars,6
GFSA.SLS05G06Z616111D,2015.06,276,FINAL,"Local Government, Non-financial Assets Reconciliation, Fixed Assets",Government Financial Statistics - GFS,Non-financial assets,Fixed assets,Buildings and structures,Disposals,,Dollars,6
GFSA.SLS05G06Z616111D,2016.06,442,FINAL,"Local Government, Non-financial Assets Reconciliation, Fixed Assets",Government Financial Statistics - GFS,Non-financial assets,Fixed assets,Buildings and structures,Disposals,,Dollars,6
GFSA.SLS05G06Z616111D,2017.06,399,FINAL,"Local Government, Non-financial Assets Reconciliation, Fixed Assets",Government Financial Statistics - GFS,Non-financial assets,Fixed assets,Buildings and structures,Disposals,,Dollars,6
GFSA.SLS05G06Z616111D,2018.06,379,REVISED,"Local Government, Non-financial Assets Reconciliation, Fixed Assets",Government Financial Statistics - GFS,Non-financial assets,Fixed assets,Buildings and structures,Disposals,,Dollars,6
GFSA.SLS05G06Z616111D,2019.06,352,FINAL,"Local Government, Non-financial Assets Reconciliation, Fixed Assets",Government Financial Statistics - GFS,Non-financial assets,Fixed assets,Buildings and structures,Disposals,,Dollars,6
GFSA.SLS05G06Z616111D,2020.06,188,FINAL,"Local Government, Non-financial Assets Reconciliation, Fixed Assets",Government Financial Statistics - GFS,Non-financial assets,Fixed assets,Buildings and structures,Disposals,,Dollars,6
GFSA.SLS05G06Z616111D,2021.06,320,FINAL,"Local Government, Non-financial Assets Reconciliation, Fixed Assets",Government Financial Statistics - GFS,Non-financial assets,Fixed assets,Buildings and structures,Disposals,,Dollars,6
GFSA.SLS05G06Z616111D,2022.06,460,FINAL,"Local Government, Non-financial Assets Reconciliation, Fixed Assets",Government Financial Statistics - GFS,Non-financial assets,Fixed assets,Buildings and structures,Disposals,,Dollars,6
GFSA.SLS05G06Z616111D,2023.06,401,REVISED,"Local Government, Non-financial Assets Reconciliation, Fixed Assets",Government Financial Statistics - GFS,Non-financial assets,Fixed assets,Buildings and structures,Disposals,,Dollars,6
GFSA.SLS05G06Z616111D,2024.06,389,FINAL,"Local Government, Non-financial Assets Reconciliation, Fixed Assets",Government Financial Statistics - GFS,Non-financial assets,Fixed assets,Buildings and structures,Disposals,,Dollars,6
GFSA.SLS05G06Z616111D,2025.06,416,PROVISIONAL,"Local Government, Non-financial Assets Reconciliation, Fixed Assets",Government Financial Statistics - GFS,Non-financial assets,Fixed assets,Buildings and structures,Disposals,,Dollars,6
GFSA.SLS05G06Z616111K,2009.06,1194,FINAL,"Local Government, Non-financial Assets Reconciliation, Fixed Assets",Government Financial Statistics - GFS,Non-financial assets,Fixed assets,Buildings and structures,Depreciation,,Dollars,6
GFSA.SLS05G06Z616111K,2010.06,1271,FINAL,"Local Government, Non-financial Assets Reconciliation, Fixed Assets",Government Financial Statistics - GFS,Non-financial assets,Fixed assets,Buildings and structures,Depreciation,,Dollars,6
GFSA.SLS05G06Z616111K,2011.06,1312,FINAL,"Local Government, Non-financial Assets Reconciliation, Fixed Assets",Government Financial Statistics - GFS,Non-financial assets,Fixed assets,Buildings and structures,Depreciation,,Dollars,6
GFSA.SLS05G06Z616111K,2012.06,1355,FINAL,"Local Government, Non-financial Assets Reconciliation, Fixed Assets",Government Financial Statistics - GFS,Non-financial assets,Fixed assets,Buildings and structures,Depreciation,,Dollars,6
GFSA.SLS05G06Z616111K,2013.06,1397,FINAL,"Local Government, Non-financial Assets Reconciliation, Fixed Assets",Government Financial Statistics - GFS,Non-financial assets,Fixed assets,Buildings and structures,Depreciation,,Dollars,6
GFSA.SLS05G06Z616111K,2014.06,1409,FINAL,"Local Government, Non-financial Assets Reconciliation, Fixed Assets",Government Financial Statistics - GFS,Non-financial assets,Fixed assets,Buildings and structures,Depreciation,,Dollars,6
GFSA.SLS05G06Z616111K,2015.06,1472,FINAL,"Local Government, Non-financial Assets Reconciliation, Fixed Assets",Government Financial Statistics - GFS,Non-financial assets,Fixed assets,Buildings and structures,Depreciation,,Dollars,6
GFSA.SLS05G06Z616111K,2016.06,1628,FINAL,"Local Government, Non-financial Assets Reconciliation, Fixed Assets",Government Financial Statistics - GFS,Non-financial assets,Fixed assets,Buildings and structures,Depreciation,,Dollars,6
GFSA.SLS05G06Z616111K,2017.06,1707,FINAL,"Local Government, Non-financial Assets Reconciliation, Fixed Assets",Government Financial Statistics - GFS,Non-financial assets,Fixed assets,Buildings and structures,Depreciation,,Dollars,6
GFSA.SLS05G06Z616111K,2018.06,1759,FINAL,"Local Government, Non-financial Assets Reconciliation, Fixed Assets",Government Financial Statistics - GFS,Non-financial assets,Fixed assets,Buildings and structures,Depreciation,,Dollars,6
GFSA.SLS05G06Z616111K,2019.06,1874,FINAL,"Local Government, Non-financial Assets Reconciliation, Fixed Assets",Government Financial Statistics - GFS,Non-financial assets,Fixed assets,Buildings and structures,Depreciation,,Dollars,6
GFSA.SLS05G06Z616111K,2020.06,2021,FINAL,"Local Government, Non-financial Assets Reconciliation, Fixed Assets",Government Financial Statistics - GFS,Non-financial assets,Fixed assets,Buildings and structures,Depreciation,,Dollars,6
GFSA.SLS05G06Z616111K,2021.06,2163,FINAL,"Local Government, Non-financial Assets Reconciliation, Fixed Assets",Government Financial Statistics - GFS,Non-financial assets,Fixed assets,Buildings and structures,Depreciation,,Dollars,6
GFSA.SLS05G06Z616111K,2022.06,2286,FINAL,"Local Government, Non-financial Assets Reconciliation, Fixed Assets",Government Financial Statistics - GFS,Non-financial assets,Fixed assets,Buildings and structures,Depreciation,,Dollars,6
GFSA.SLS05G06Z616111K,2023.06,2807,REVISED,"Local Government, Non-financial Assets Reconciliation, Fixed Assets",Government Financial Statistics - GFS,Non-financial assets,Fixed assets,Buildings and structures,Depreciation,,Dollars,6
GFSA.SLS05G06Z616111K,2024.06,3035,REVISED,"Local Government, Non-financial Assets Reconciliation, Fixed Assets",Government Financial Statistics - GFS,Non-financial assets,Fixed assets,Buildings and structures,Depreciation,,Dollars,6
GFSA.SLS05G06Z616111K,2025.06,3309,PROVISIONAL,"Local Government, Non-financial Assets Reconciliation, Fixed Assets",Government Financial Statistics - GFS,Non-financial assets,Fixed assets,Buildings and structures,Depreciation,,Dollars,6
GFSA.SLS05G06Z616111O,2009.06,2611,FINAL,"Local Government, Non-financial Assets Reconciliation, Fixed Assets",Government Financial Statistics - GFS,Non-financial assets,Fixed assets,Buildings and structures,Other economic flows,,Dollars,6
GFSA.SLS05G06Z616111O,2010.06,848,FINAL,"Local Government, Non-financial Assets Reconciliation, Fixed Assets",Government Financial Statistics - GFS,Non-financial assets,Fixed assets,Buildings and structures,Other economic flows,,Dollars,6
GFSA.SLS05G06Z616111O,2011.06,-1357,FINAL,"Local Government, Non-financial Assets Reconciliation, Fixed Assets",Government Financial Statistics - GFS,Non-financial assets,Fixed assets,Buildings and structures,Other economic flows,,Dollars,6
GFSA.SLS05G06Z616111O,2012.06,1222,FINAL,"Local Government, Non-financial Assets Reconciliation, Fixed Assets",Government Financial Statistics - GFS,Non-financial assets,Fixed assets,Buildings and structures,Other economic flows,,Dollars,6
GFSA.SLS05G06Z616111O,2013.06,399,FINAL,"Local Government, Non-financial Assets Reconciliation, Fixed Assets",Government Financial Statistics - GFS,Non-financial assets,Fixed assets,Buildings and structures,Other economic flows,,Dollars,6
GFSA.SLS05G06Z616111O,2014.06,2547,FINAL,"Local Government, Non-financial Assets Reconciliation, Fixed Assets",Government Financial Statistics - GFS,Non-financial assets,Fixed assets,Buildings and structures,Other economic flows,,Dollars,6
GFSA.SLS05G06Z616111O,2015.06,1926,FINAL,"Local Government, Non-financial Assets Reconciliation, Fixed Assets",Government Financial Statistics - GFS,Non-financial assets,Fixed assets,Buildings and structures,Other economic flows,,Dollars,6
GFSA.SLS05G06Z616111O,2016.06,997,FINAL,"Local Government, Non-financial Assets Reconciliation, Fixed Assets",Government Financial Statistics - GFS,Non-financial assets,Fixed assets,Buildings and structures,Other economic flows,,Dollars,6
GFSA.SLS05G06Z616111O,2017.06,4026,FINAL,"Local Government, Non-financial Assets Reconciliation, Fixed Assets",Government Financial Statistics - GFS,Non-financial assets,Fixed assets,Buildings and structures,Other economic flows,,Dollars,6
GFSA.SLS05G06Z616111O,2018.06,1877,FINAL,"Local Government, Non-financial Assets Reconciliation, Fixed Assets",Government Financial Statistics - GFS,Non-financial assets,Fixed assets,Buildings and structures,Other economic flows,,Dollars,6
GFSA.SLS05G06Z616111O,2019.06,3429,FINAL,"Local Government, Non-financial Assets Reconciliation, Fixed Assets",Government Financial Statistics - GFS,Non-financial assets,Fixed assets,Buildings and structures,Other economic flows,,Dollars,6
GFSA.SLS05G06Z616111O,2020.06,4501,FINAL,"Local Government, Non-financial Assets Reconciliation, Fixed Assets",Government Financial Statistics - GFS,Non-financial assets,Fixed assets,Buildings and structures,Other economic flows,,Dollars,6
GFSA.SLS05G06Z616111O,2021.06,3687,FINAL,"Local Government, Non-financial Assets Reconciliation, Fixed Assets",Government Financial Statistics - GFS,Non-financial assets,Fixed assets,Buildings and structures,Other economic flows,,Dollars,6
GFSA.SLS05G06Z616111O,2022.06,18663,FINAL,"Local Government, Non-financial Assets Reconciliation, Fixed Assets",Government Financial Statistics - GFS,Non-financial assets,Fixed assets,Buildings and structures,Other economic flows,,Dollars,6
GFSA.SLS05G06Z616111O,2023.06,5494,REVISED,"Local Government, Non-financial Assets Reconciliation, Fixed Assets",Government Financial Statistics - GFS,Non-financial assets,Fixed assets,Buildings and structures,Other economic flows,,Dollars,6
GFSA.SLS05G06Z616111O,2024.06,6272,REVISED,"Local Government, Non-financial Assets Reconciliation, Fixed Assets",Government Financial Statistics - GFS,Non-financial assets,Fixed assets,Buildings and structures,Other economic flows,,Dollars,6
GFSA.SLS05G06Z616111O,2025.06,65,PROVISIONAL,"Local Government, Non-financial Assets Reconciliation, Fixed Assets",Government Financial Statistics - GFS,Non-financial assets,Fixed assets,Buildings and structures,Other economic flows,,Dollars,6
GFSA.SLS05G06Z616111Z,2008.06,58294,FINAL,"Local Government, Non-financial Assets Reconciliation, Fixed Assets",Government Financial Statistics - GFS,Non-financial assets,Fixed assets,Buildings and structures,Total,,Dollars,6
GFSA.SLS05G06Z616111Z,2009.06,62266,FINAL,"Local Government, Non-financial Assets Reconciliation, Fixed Assets",Government Financial Statistics - GFS,Non-financial assets,Fixed assets,Buildings and structures,Total,,Dollars,6
GFSA.SLS05G06Z616111Z,2010.06,64726,FINAL,"Local Government, Non-financial Assets Reconciliation, Fixed Assets",Government Financial Statistics - GFS,Non-financial assets,Fixed assets,Buildings and structures,Total,,Dollars,6
GFSA.SLS05G06Z616111Z,2011.06,64359,FINAL,"Local Government, Non-financial Assets Reconciliation, Fixed Assets",Government Financial Statistics - GFS,Non-financial assets,Fixed assets,Buildings and structures,Total,,Dollars,6
GFSA.SLS05G06Z616111Z,2012.06,66548,FINAL,"Local Government, Non-financial Assets Reconciliation, Fixed Assets",Government Financial Statistics - GFS,Non-financial assets,Fixed assets,Buildings and structures,Total,,Dollars,6
GFSA.SLS05G06Z616111Z,2013.06,68517,FINAL,"Local Government, Non-financial Assets Reconciliation, Fixed Assets",Government Financial Statistics - GFS,Non-financial assets,Fixed assets,Buildings and structures,Total,,Dollars,6
GFSA.SLS05G06Z616111Z,2014.06,72297,FINAL,"Local Government, Non-financial Assets Reconciliation, Fixed Assets",Government Financial Statistics - GFS,Non-financial assets,Fixed assets,Buildings and structures,Total,,Dollars,6
GFSA.SLS05G06Z616111Z,2015.06,75436,FINAL,"Local Government, Non-financial Assets Reconciliation, Fixed Assets",Government Financial Statistics - GFS,Non-financial assets,Fixed assets,Buildings and structures,Total,,Dollars,6
GFSA.SLS05G06Z616111Z,2016.06,77731,FINAL,"Local Government, Non-financial Assets Reconciliation, Fixed Assets",Government Financial Statistics - GFS,Non-financial assets,Fixed assets,Buildings and structures,Total,,Dollars,6
GFSA.SLS05G06Z616111Z,2017.06,83046,FINAL,"Local Government, Non-financial Assets Reconciliation, Fixed Assets",Government Financial Statistics - GFS,Non-financial assets,Fixed assets,Buildings and structures,Total,,Dollars,6
GFSA.SLS05G06Z616111Z,2018.06,86659,REVISED,"Local Government, Non-financial Assets Reconciliation, Fixed Assets",Government Financial Statistics - GFS,Non-financial assets,Fixed assets,Buildings and structures,Total,,Dollars,6
GFSA.SLS05G06Z616111Z,2019.06,92142,REVISED,"Local Government, Non-financial Assets Reconciliation, Fixed Assets",Government Financial Statistics - GFS,Non-financial assets,Fixed assets,Buildings and structures,Total,,Dollars,6
GFSA.SLS05G06Z616111Z,2020.06,98981,REVISED,"Local Government, Non-financial Assets Reconciliation, Fixed Assets",Government Financial Statistics - GFS,Non-financial assets,Fixed assets,Buildings and structures,Total,,Dollars,6
GFSA.SLS05G06Z616111Z,2021.06,105659,REVISED,"Local Government, Non-financial Assets Reconciliation, Fixed Assets",Government Financial Statistics - GFS,Non-financial assets,Fixed assets,Buildings and structures,Total,,Dollars,6
GFSA.SLS05G06Z616111Z,2022.06,127410,REVISED,"Local Government, Non-financial Assets Reconciliation, Fixed Assets",Government Financial Statistics - GFS,Non-financial assets,Fixed assets,Buildings and structures,Total,,Dollars,6
GFSA.SLS05G06Z616111Z,2023.06,136538,REVISED,"Local Government, Non-financial Assets Reconciliation, Fixed Assets",Government Financial Statistics - GFS,Non-financial assets,Fixed assets,Buildings and structures,Total,,Dollars,6
GFSA.SLS05G06Z616111Z,2024.06,146715,REVISED,"Local Government, Non-financial Assets Reconciliation, Fixed Assets",Government Financial Statistics - GFS,Non-financial assets,Fixed assets,Buildings and structures,Total,,Dollars,6
GFSA.SLS05G06Z616111Z,2025.06,151137,PROVISIONAL,"Local Government, Non-financial Assets Reconciliation, Fixed Assets",Government Financial Statistics - GFS,Non-financial assets,Fixed assets,Buildings and structures,Total,,Dollars,6
GFSA.SLS05G06Z616112A,2009.06,259,FINAL,"Local Government, Non-financial Assets Reconciliation, Fixed Assets",Government Financial Statistics - GFS,Non-financial assets,Fixed assets,Machinery and equipment,Additions,,Dollars,6
GFSA.SLS05G06Z616112A,2010.06,265,FINAL,"Local Government, Non-financial Assets Reconciliation, Fixed Assets",Government Financial Statistics - GFS,Non-financial assets,Fixed assets,Machinery and equipment,Additions,,Dollars,6
GFSA.SLS05G06Z616112A,2011.06,196,FINAL,"Local Government, Non-financial Assets Reconciliation, Fixed Assets",Government Financial Statistics - GFS,Non-financial assets,Fixed assets,Machinery and equipment,Additions,,Dollars,6
GFSA.SLS05G06Z616112A,2012.06,189,FINAL,"Local Government, Non-financial Assets Reconciliation, Fixed Assets",Government Financial Statistics - GFS,Non-financial assets,Fixed assets,Machinery and equipment,Additions,,Dollars,6
GFSA.SLS05G06Z616112A,2013.06,260,FINAL,"Local Government, Non-financial Assets Reconciliation, Fixed Assets",Government Financial Statistics - GFS,Non-financial assets,Fixed assets,Machinery and equipment,Additions,,Dollars,6
GFSA.SLS05G06Z616112A,2014.06,475,FINAL,"Local Government, Non-financial Assets Reconciliation, Fixed Assets",Government Financial Statistics - GFS,Non-financial assets,Fixed assets,Machinery and equipment,Additions,,Dollars,6
GFSA.SLS05G06Z616112A,2015.06,552,FINAL,"Local Government, Non-financial Assets Reconciliation, Fixed Assets",Government Financial Statistics - GFS,Non-financial assets,Fixed assets,Machinery and equipment,Additions,,Dollars,6
GFSA.SLS05G06Z616112A,2016.06,381,FINAL,"Local Government, Non-financial Assets Reconciliation, Fixed Assets",Government Financial Statistics - GFS,Non-financial assets,Fixed assets,Machinery and equipment,Additions,,Dollars,6
GFSA.SLS05G06Z616112A,2017.06,411,FINAL,"Local Government, Non-financial Assets Reconciliation, Fixed Assets",Government Financial Statistics - GFS,Non-financial assets,Fixed assets,Machinery and equipment,Additions,,Dollars,6
GFSA.SLS05G06Z616112A,2018.06,352,FINAL,"Local Government, Non-financial Assets Reconciliation, Fixed Assets",Government Financial Statistics - GFS,Non-financial assets,Fixed assets,Machinery and equipment,Additions,,Dollars,6
GFSA.SLS05G06Z616112A,2019.06,347,FINAL,"Local Government, Non-financial Assets Reconciliation, Fixed Assets",Government Financial Statistics - GFS,Non-financial assets,Fixed assets,Machinery and equipment,Additions,,Dollars,6
GFSA.SLS05G06Z616112A,2020.06,352,FINAL,"Local Government, Non-financial Assets Reconciliation, Fixed Assets",Government Financial Statistics - GFS,Non-financial assets,Fixed assets,Machinery and equipment,Additions,,Dollars,6
GFSA.SLS05G06Z616112A,2021.06,423,FINAL,"Local Government, Non-financial Assets Reconciliation, Fixed Assets",Government Financial Statistics - GFS,Non-financial assets,Fixed assets,Machinery and equipment,Additions,,Dollars,6
GFSA.SLS05G06Z616112A,2022.06,351,FINAL,"Local Government, Non-financial Assets Reconciliation, Fixed Assets",Government Financial Statistics - GFS,Non-financial assets,Fixed assets,Machinery and equipment,Additions,,Dollars,6
GFSA.SLS05G06Z616112A,2023.06,873,REVISED,"Local Government, Non-financial Assets Reconciliation, Fixed Assets",Government Financial Statistics - GFS,Non-financial assets,Fixed assets,Machinery and equipment,Additions,,Dollars,6
GFSA.SLS05G06Z616112A,2024.06,982,REVISED,"Local Government, Non-financial Assets Reconciliation, Fixed Assets",Government Financial Statistics - GFS,Non-financial assets,Fixed assets,Machinery and equipment,Additions,,Dollars,6
GFSA.SLS05G06Z616112A,2025.06,1045,PROVISIONAL,"Local Government, Non-financial Assets Reconciliation, Fixed Assets",Government Financial Statistics - GFS,Non-financial assets,Fixed assets,Machinery and equipment,Additions,,Dollars,6
GFSA.SLS05G06Z616112D,2009.06,48,FINAL,"Local Government, Non-financial Assets Reconciliation, Fixed Assets",Government Financial Statistics - GFS,Non-financial assets,Fixed assets,Machinery and equipment,Disposals,,Dollars,6
GFSA.SLS05G06Z616112D,2010.06,71,FINAL,"Local Government, Non-financial Assets Reconciliation, Fixed Assets",Government Financial Statistics - GFS,Non-financial assets,Fixed assets,Machinery and equipment,Disposals,,Dollars,6
GFSA.SLS05G06Z616112D,2011.06,31,FINAL,"Local Government, Non-financial Assets Reconciliation, Fixed Assets",Government Financial Statistics - GFS,Non-financial assets,Fixed assets,Machinery and equipment,Disposals,,Dollars,6
GFSA.SLS05G06Z616112D,2012.06,45,FINAL,"Local Government, Non-financial Assets Reconciliation, Fixed Assets",Government Financial Statistics - GFS,Non-financial assets,Fixed assets,Machinery and equipment,Disposals,,Dollars,6
GFSA.SLS05G06Z616112D,2013.06,41,FINAL,"Local Government, Non-financial Assets Reconciliation, Fixed Assets",Government Financial Statistics - GFS,Non-financial assets,Fixed assets,Machinery and equipment,Disposals,,Dollars,6
GFSA.SLS05G06Z616112D,2014.06,45,FINAL,"Local Government, Non-financial Assets Reconciliation, Fixed Assets",Government Financial Statistics - GFS,Non-financial assets,Fixed assets,Machinery and equipment,Disposals,,Dollars,6
GFSA.SLS05G06Z616112D,2015.06,66,FINAL,"Local Government, Non-financial Assets Reconciliation, Fixed Assets",Government Financial Statistics - GFS,Non-financial assets,Fixed assets,Machinery and equipment,Disposals,,Dollars,6
GFSA.SLS05G06Z616112D,2016.06,58,FINAL,"Local Government, Non-financial Assets Reconciliation, Fixed Assets",Government Financial Statistics - GFS,Non-financial assets,Fixed assets,Machinery and equipment,Disposals,,Dollars,6
GFSA.SLS05G06Z616112D,2017.06,47,FINAL,"Local Government, Non-financial Assets Reconciliation, Fixed Assets",Government Financial Statistics - GFS,Non-financial assets,Fixed assets,Machinery and equipment,Disposals,,Dollars,6
GFSA.SLS05G06Z616112D,2018.06,36,FINAL,"Local Government, Non-financial Assets Reconciliation, Fixed Assets",Government Financial Statistics - GFS,Non-financial assets,Fixed assets,Machinery and equipment,Disposals,,Dollars,6
GFSA.SLS05G06Z616112D,2019.06,70,FINAL,"Local Government, Non-financial Assets Reconciliation, Fixed Assets",Government Financial Statistics - GFS,Non-financial assets,Fixed assets,Machinery and equipment,Disposals,,Dollars,6
GFSA.SLS05G06Z616112D,2020.06,31,FINAL,"Local Government, Non-financial Assets Reconciliation, Fixed Assets",Government Financial Statistics - GFS,Non-financial assets,Fixed assets,Machinery and equipment,Disposals,,Dollars,6
GFSA.SLS05G06Z616112D,2021.06,38,FINAL,"Local Government, Non-financial Assets Reconciliation, Fixed Assets",Government Financial Statistics - GFS,Non-financial assets,Fixed assets,Machinery and equipment,Disposals,,Dollars,6
GFSA.SLS05G06Z616112D,2022.06,27,FINAL,"Local Government, Non-financial Assets Reconciliation, Fixed Assets",Government Financial Statistics - GFS,Non-financial assets,Fixed assets,Machinery and equipment,Disposals,,Dollars,6
GFSA.SLS05G06Z616112D,2023.06,28,REVISED,"Local Government, Non-financial Assets Reconciliation, Fixed Assets",Government Financial Statistics - GFS,Non-financial assets,Fixed assets,Machinery and equipment,Disposals,,Dollars,6
GFSA.SLS05G06Z616112D,2024.06,50,REVISED,"Local Government, Non-financial Assets Reconciliation, Fixed Assets",Government Financial Statistics - GFS,Non-financial assets,Fixed assets,Machinery and equipment,Disposals,,Dollars,6
GFSA.SLS05G06Z616112D,2025.06,35,PROVISIONAL,"Local Government, Non-financial Assets Reconciliation, Fixed Assets",Government Financial Statistics - GFS,Non-financial assets,Fixed assets,Machinery and equipment,Disposals,,Dollars,6
GFSA.SLS05G06Z616112K,2009.06,181,FINAL,"Local Government, Non-financial Assets Reconciliation, Fixed Assets",Government Financial Statistics - GFS,Non-financial assets,Fixed assets,Machinery and equipment,Depreciation,,Dollars,6
GFSA.SLS05G06Z616112K,2010.06,187,FINAL,"Local Government, Non-financial Assets Reconciliation, Fixed Assets",Government Financial Statistics - GFS,Non-financial assets,Fixed assets,Machinery and equipment,Depreciation,,Dollars,6
GFSA.SLS05G06Z616112K,2011.06,185,FINAL,"Local Government, Non-financial Assets Reconciliation, Fixed Assets",Government Financial Statistics - GFS,Non-financial assets,Fixed assets,Machinery and equipment,Depreciation,,Dollars,6
GFSA.SLS05G06Z616112K,2012.06,193,FINAL,"Local Government, Non-financial Assets Reconciliation, Fixed Assets",Government Financial Statistics - GFS,Non-financial assets,Fixed assets,Machinery and equipment,Depreciation,,Dollars,6
GFSA.SLS05G06Z616112K,2013.06,217,FINAL,"Local Government, Non-financial Assets Reconciliation, Fixed Assets",Government Financial Statistics - GFS,Non-financial assets,Fixed assets,Machinery and equipment,Depreciation,,Dollars,6
GFSA.SLS05G06Z616112K,2014.06,267,FINAL,"Local Government, Non-financial Assets Reconciliation, Fixed Assets",Government Financial Statistics - GFS,Non-financial assets,Fixed assets,Machinery and equipment,Depreciation,,Dollars,6
GFSA.SLS05G06Z616112K,2015.06,272,FINAL,"Local Government, Non-financial Assets Reconciliation, Fixed Assets",Government Financial Statistics - GFS,Non-financial assets,Fixed assets,Machinery and equipment,Depreciation,,Dollars,6
GFSA.SLS05G06Z616112K,2016.06,235,FINAL,"Local Government, Non-financial Assets Reconciliation, Fixed Assets",Government Financial Statistics - GFS,Non-financial assets,Fixed assets,Machinery and equipment,Depreciation,,Dollars,6
GFSA.SLS05G06Z616112K,2017.06,243,FINAL,"Local Government, Non-financial Assets Reconciliation, Fixed Assets",Government Financial Statistics - GFS,Non-financial assets,Fixed assets,Machinery and equipment,Depreciation,,Dollars,6
GFSA.SLS05G06Z616112K,2018.06,261,FINAL,"Local Government, Non-financial Assets Reconciliation, Fixed Assets",Government Financial Statistics - GFS,Non-financial assets,Fixed assets,Machinery and equipment,Depreciation,,Dollars,6
GFSA.SLS05G06Z616112K,2019.06,256,FINAL,"Local Government, Non-financial Assets Reconciliation, Fixed Assets",Government Financial Statistics - GFS,Non-financial assets,Fixed assets,Machinery and equipment,Depreciation,,Dollars,6
GFSA.SLS05G06Z616112K,2020.06,237,FINAL,"Local Government, Non-financial Assets Reconciliation, Fixed Assets",Government Financial Statistics - GFS,Non-financial assets,Fixed assets,Machinery and equipment,Depreciation,,Dollars,6
GFSA.SLS05G06Z616112K,2021.06,271,FINAL,"Local Government, Non-financial Assets Reconciliation, Fixed Assets",Government Financial Statistics - GFS,Non-financial assets,Fixed assets,Machinery and equipment,Depreciation,,Dollars,6
GFSA.SLS05G06Z616112K,2022.06,294,FINAL,"Local Government, Non-financial Assets Reconciliation, Fixed Assets",Government Financial Statistics - GFS,Non-financial assets,Fixed assets,Machinery and equipment,Depreciation,,Dollars,6
GFSA.SLS05G06Z616112K,2023.06,307,REVISED,"Local Government, Non-financial Assets Reconciliation, Fixed Assets",Government Financial Statistics - GFS,Non-financial assets,Fixed assets,Machinery and equipment,Depreciation,,Dollars,6
GFSA.SLS05G06Z616112K,2024.06,337,REVISED,"Local Government, Non-financial Assets Reconciliation, Fixed Assets",Government Financial Statistics - GFS,Non-financial assets,Fixed assets,Machinery and equipment,Depreciation,,Dollars,6
GFSA.SLS05G06Z616112K,2025.06,368,PROVISIONAL,"Local Government, Non-financial Assets Reconciliation, Fixed Assets",Government Financial Statistics - GFS,Non-financial assets,Fixed assets,Machinery and equipment,Depreciation,,Dollars,6
GFSA.SLS05G06Z616112O,2009.06,43,FINAL,"Local Government, Non-financial Assets Reconciliation, Fixed Assets",Government Financial Statistics - GFS,Non-financial assets,Fixed assets,Machinery and equipment,Other economic flows,,Dollars,6
GFSA.SLS05G06Z616112O,2010.06,-143,FINAL,"Local Government, Non-financial Assets Reconciliation, Fixed Assets",Government Financial Statistics - GFS,Non-financial assets,Fixed assets,Machinery and equipment,Other economic flows,,Dollars,6
GFSA.SLS05G06Z616112O,2011.06,46,FINAL,"Local Government, Non-financial Assets Reconciliation, Fixed Assets",Government Financial Statistics - GFS,Non-financial assets,Fixed assets,Machinery and equipment,Other economic flows,,Dollars,6
GFSA.SLS05G06Z616112O,2012.06,114,FINAL,"Local Government, Non-financial Assets Reconciliation, Fixed Assets",Government Financial Statistics - GFS,Non-financial assets,Fixed assets,Machinery and equipment,Other economic flows,,Dollars,6
GFSA.SLS05G06Z616112O,2013.06,66,FINAL,"Local Government, Non-financial Assets Reconciliation, Fixed Assets",Government Financial Statistics - GFS,Non-financial assets,Fixed assets,Machinery and equipment,Other economic flows,,Dollars,6
GFSA.SLS05G06Z616112O,2014.06,-95,FINAL,"Local Government, Non-financial Assets Reconciliation, Fixed Assets",Government Financial Statistics - GFS,Non-financial assets,Fixed assets,Machinery and equipment,Other economic flows,,Dollars,6
GFSA.SLS05G06Z616112O,2015.06,-61,FINAL,"Local Government, Non-financial Assets Reconciliation, Fixed Assets",Government Financial Statistics - GFS,Non-financial assets,Fixed assets,Machinery and equipment,Other economic flows,,Dollars,6
GFSA.SLS05G06Z616112O,2016.06,69,FINAL,"Local Government, Non-financial Assets Reconciliation, Fixed Assets",Government Financial Statistics - GFS,Non-financial assets,Fixed assets,Machinery and equipment,Other economic flows,,Dollars,6
GFSA.SLS05G06Z616112O,2017.06,-167,FINAL,"Local Government, Non-financial Assets Reconciliation, Fixed Assets",Government Financial Statistics - GFS,Non-financial assets,Fixed assets,Machinery and equipment,Other economic flows,,Dollars,6
GFSA.SLS05G06Z616112O,2018.06,6,FINAL,"Local Government, Non-financial Assets Reconciliation, Fixed Assets",Government Financial Statistics - GFS,Non-financial assets,Fixed assets,Machinery and equipment,Other economic flows,,Dollars,6
GFSA.SLS05G06Z616112O,2019.06,260,FINAL,"Local Government, Non-financial Assets Reconciliation, Fixed Assets",Government Financial Statistics - GFS,Non-financial assets,Fixed assets,Machinery and equipment,Other economic flows,,Dollars,6
GFSA.SLS05G06Z616112O,2020.06,109,FINAL,"Local Government, Non-financial Assets Reconciliation, Fixed Assets",Government Financial Statistics - GFS,Non-financial assets,Fixed assets,Machinery and equipment,Other economic flows,,Dollars,6
GFSA.SLS05G06Z616112O,2021.06,489,FINAL,"Local Government, Non-financial Assets Reconciliation, Fixed Assets",Government Financial Statistics - GFS,Non-financial assets,Fixed assets,Machinery and equipment,Other economic flows,,Dollars,6
GFSA.SLS05G06Z616112O,2022.06,447,FINAL,"Local Government, Non-financial Assets Reconciliation, Fixed Assets",Government Financial Statistics - GFS,Non-financial assets,Fixed assets,Machinery and equipment,Other economic flows,,Dollars,6
GFSA.SLS05G06Z616112O,2023.06,716,REVISED,"Local Government, Non-financial Assets Reconciliation, Fixed Assets",Government Financial Statistics - GFS,Non-financial assets,Fixed assets,Machinery and equipment,Other economic flows,,Dollars,6
GFSA.SLS05G06Z616112O,2024.06,100,REVISED,"Local Government, Non-financial Assets Reconciliation, Fixed Assets",Government Financial Statistics - GFS,Non-financial assets,Fixed assets,Machinery and equipment,Other economic flows,,Dollars,6
GFSA.SLS05G06Z616112O,2025.06,-575,PROVISIONAL,"Local Government, Non-financial Assets Reconciliation, Fixed Assets",Government Financial Statistics - GFS,Non-financial assets,Fixed assets,Machinery and equipment,Other economic flows,,Dollars,6
GFSA.SLS05G06Z616112Z,2008.06,2229,FINAL,"Local Government, Non-financial Assets Reconciliation, Fixed Assets",Government Financial Statistics - GFS,Non-financial assets,Fixed assets,Machinery and equipment,Total,,Dollars,6
GFSA.SLS05G06Z616112Z,2009.06,2303,FINAL,"Local Government, Non-financial Assets Reconciliation, Fixed Assets",Government Financial Statistics - GFS,Non-financial assets,Fixed assets,Machinery and equipment,Total,,Dollars,6
GFSA.SLS05G06Z616112Z,2010.06,2167,FINAL,"Local Government, Non-financial Assets Reconciliation, Fixed Assets",Government Financial Statistics - GFS,Non-financial assets,Fixed assets,Machinery and equipment,Total,,Dollars,6
GFSA.SLS05G06Z616112Z,2011.06,2193,FINAL,"Local Government, Non-financial Assets Reconciliation, Fixed Assets",Government Financial Statistics - GFS,Non-financial assets,Fixed assets,Machinery and equipment,Total,,Dollars,6
GFSA.SLS05G06Z616112Z,2012.06,2257,FINAL,"Local Government, Non-financial Assets Reconciliation, Fixed Assets",Government Financial Statistics - GFS,Non-financial assets,Fixed assets,Machinery and equipment,Total,,Dollars,6
GFSA.SLS05G06Z616112Z,2013.06,2324,FINAL,"Local Government, Non-financial Assets Reconciliation, Fixed Assets",Government Financial Statistics - GFS,Non-financial assets,Fixed assets,Machinery and equipment,Total,,Dollars,6
GFSA.SLS05G06Z616112Z,2014.06,2390,FINAL,"Local Government, Non-financial Assets Reconciliation, Fixed Assets",Government Financial Statistics - GFS,Non-financial assets,Fixed assets,Machinery and equipment,Total,,Dollars,6
GFSA.SLS05G06Z616112Z,2015.06,2542,FINAL,"Local Government, Non-financial Assets Reconciliation, Fixed Assets",Government Financial Statistics - GFS,Non-financial assets,Fixed assets,Machinery and equipment,Total,,Dollars,6
GFSA.SLS05G06Z616112Z,2016.06,2699,FINAL,"Local Government, Non-financial Assets Reconciliation, Fixed Assets",Government Financial Statistics - GFS,Non-financial assets,Fixed assets,Machinery and equipment,Total,,Dollars,6
GFSA.SLS05G06Z616112Z,2017.06,2652,FINAL,"Local Government, Non-financial Assets Reconciliation, Fixed Assets",Government Financial Statistics - GFS,Non-financial assets,Fixed assets,Machinery and equipment,Total,,Dollars,6
GFSA.SLS05G06Z616112Z,2018.06,2713,FINAL,"Local Government, Non-financial Assets Reconciliation, Fixed Assets",Government Financial Statistics - GFS,Non-financial assets,Fixed assets,Machinery and equipment,Total,,Dollars,6
GFSA.SLS05G06Z616112Z,2019.06,2995,FINAL,"Local Government, Non-financial Assets Reconciliation, Fixed Assets",Government Financial Statistics - GFS,Non-financial assets,Fixed assets,Machinery and equipment,Total,,Dollars,6
GFSA.SLS05G06Z616112Z,2020.06,3187,FINAL,"Local Government, Non-financial Assets Reconciliation, Fixed Assets",Government Financial Statistics - GFS,Non-financial assets,Fixed assets,Machinery and equipment,Total,,Dollars,6
GFSA.SLS05G06Z616112Z,2021.06,3792,FINAL,"Local Government, Non-financial Assets Reconciliation, Fixed Assets",Government Financial Statistics - GFS,Non-financial assets,Fixed assets,Machinery and equipment,Total,,Dollars,6
GFSA.SLS05G06Z616112Z,2022.06,4271,FINAL,"Local Government, Non-financial Assets Reconciliation, Fixed Assets",Government Financial Statistics - GFS,Non-financial assets,Fixed assets,Machinery and equipment,Total,,Dollars,6
GFSA.SLS05G06Z616112Z,2023.06,5524,REVISED,"Local Government, Non-financial Assets Reconciliation, Fixed Assets",Government Financial Statistics - GFS,Non-financial assets,Fixed assets,Machinery and equipment,Total,,Dollars,6
GFSA.SLS05G06Z616112Z,2024.06,6219,REVISED,"Local Government, Non-financial Assets Reconciliation, Fixed Assets",Government Financial Statistics - GFS,Non-financial assets,Fixed assets,Machinery and equipment,Total,,Dollars,6
GFSA.SLS05G06Z616112Z,2025.06,6286,PROVISIONAL,"Local Government, Non-financial Assets Reconciliation, Fixed Assets",Government Financial Statistics - GFS,Non-financial assets,Fixed assets,Machinery and equipment,Total,,Dollars,6
GFSA.SLS05G06Z616113A,2009.06,109,FINAL,"Local Government, Non-financial Assets Reconciliation, Fixed Assets",Government Financial Statistics - GFS,Non-financial assets,Fixed assets,Other fixed assets,Additions,,Dollars,6
GFSA.SLS05G06Z616113A,2010.06,74,FINAL,"Local Government, Non-financial Assets Reconciliation, Fixed Assets",Government Financial Statistics - GFS,Non-financial assets,Fixed assets,Other fixed assets,Additions,,Dollars,6
GFSA.SLS05G06Z616113A,2011.06,114,FINAL,"Local Government, Non-financial Assets Reconciliation, Fixed Assets",Government Financial Statistics - GFS,Non-financial assets,Fixed assets,Other fixed assets,Additions,,Dollars,6
GFSA.SLS05G06Z616113A,2012.06,62,FINAL,"Local Government, Non-financial Assets Reconciliation, Fixed Assets",Government Financial Statistics - GFS,Non-financial assets,Fixed assets,Other fixed assets,Additions,,Dollars,6
GFSA.SLS05G06Z616113A,2013.06,137,FINAL,"Local Government, Non-financial Assets Reconciliation, Fixed Assets",Government Financial Statistics - GFS,Non-financial assets,Fixed assets,Other fixed assets,Additions,,Dollars,6
GFSA.SLS05G06Z616113A,2014.06,101,FINAL,"Local Government, Non-financial Assets Reconciliation, Fixed Assets",Government Financial Statistics - GFS,Non-financial assets,Fixed assets,Other fixed assets,Additions,,Dollars,6
GFSA.SLS05G06Z616113A,2015.06,184,FINAL,"Local Government, Non-financial Assets Reconciliation, Fixed Assets",Government Financial Statistics - GFS,Non-financial assets,Fixed assets,Other fixed assets,Additions,,Dollars,6
GFSA.SLS05G06Z616113A,2016.06,148,FINAL,"Local Government, Non-financial Assets Reconciliation, Fixed Assets",Government Financial Statistics - GFS,Non-financial assets,Fixed assets,Other fixed assets,Additions,,Dollars,6
GFSA.SLS05G06Z616113A,2017.06,140,FINAL,"Local Government, Non-financial Assets Reconciliation, Fixed Assets",Government Financial Statistics - GFS,Non-financial assets,Fixed assets,Other fixed assets,Additions,,Dollars,6
GFSA.SLS05G06Z616113A,2018.06,120,FINAL,"Local Government, Non-financial Assets Reconciliation, Fixed Assets",Government Financial Statistics - GFS,Non-financial assets,Fixed assets,Other fixed assets,Additions,,Dollars,6
GFSA.SLS05G06Z616113A,2019.06,180,FINAL,"Local Government, Non-financial Assets Reconciliation, Fixed Assets",Government Financial Statistics - GFS,Non-financial assets,Fixed assets,Other fixed assets,Additions,,Dollars,6
GFSA.SLS05G06Z616113A,2020.06,155,FINAL,"Local Government, Non-financial Assets Reconciliation, Fixed Assets",Government Financial Statistics - GFS,Non-financial assets,Fixed assets,Other fixed assets,Additions,,Dollars,6
GFSA.SLS05G06Z616113A,2021.06,146,FINAL,"Local Government, Non-financial Assets Reconciliation, Fixed Assets",Government Financial Statistics - GFS,Non-financial assets,Fixed assets,Other fixed assets,Additions,,Dollars,6
GFSA.SLS05G06Z616113A,2022.06,112,FINAL,"Local Government, Non-financial Assets Reconciliation, Fixed Assets",Government Financial Statistics - GFS,Non-financial assets,Fixed assets,Other fixed assets,Additions,,Dollars,6
GFSA.SLS05G06Z616113A,2023.06,152,REVISED,"Local Government, Non-financial Assets Reconciliation, Fixed Assets",Government Financial Statistics - GFS,Non-financial assets,Fixed assets,Other fixed assets,Additions,,Dollars,6
GFSA.SLS05G06Z616113A,2024.06,147,REVISED,"Local Government, Non-financial Assets Reconciliation, Fixed Assets",Government Financial Statistics - GFS,Non-financial assets,Fixed assets,Other fixed assets,Additions,,Dollars,6
GFSA.SLS05G06Z616113A,2025.06,159,PROVISIONAL,"Local Government, Non-financial Assets Reconciliation, Fixed Assets",Government Financial Statistics - GFS,Non-financial assets,Fixed assets,Other fixed assets,Additions,,Dollars,6
GFSA.SLS05G06Z616113D,2009.06,13,FINAL,"Local Government, Non-financial Assets Reconciliation, Fixed Assets",Government Financial Statistics - GFS,Non-financial assets,Fixed assets,Other fixed assets,Disposals,,Dollars,6
GFSA.SLS05G06Z616113D,2010.06,35,FINAL,"Local Government, Non-financial Assets Reconciliation, Fixed Assets",Government Financial Statistics - GFS,Non-financial assets,Fixed assets,Other fixed assets,Disposals,,Dollars,6
GFSA.SLS05G06Z616113D,2011.06,11,FINAL,"Local Government, Non-financial Assets Reconciliation, Fixed Assets",Government Financial Statistics - GFS,Non-financial assets,Fixed assets,Other fixed assets,Disposals,,Dollars,6
GFSA.SLS05G06Z616113D,2012.06,8,FINAL,"Local Government, Non-financial Assets Reconciliation, Fixed Assets",Government Financial Statistics - GFS,Non-financial assets,Fixed assets,Other fixed assets,Disposals,,Dollars,6
GFSA.SLS05G06Z616113D,2013.06,4,FINAL,"Local Government, Non-financial Assets Reconciliation, Fixed Assets",Government Financial Statistics - GFS,Non-financial assets,Fixed assets,Other fixed assets,Disposals,,Dollars,6
GFSA.SLS05G06Z616113D,2014.06,5,FINAL,"Local Government, Non-financial Assets Reconciliation, Fixed Assets",Government Financial Statistics - GFS,Non-financial assets,Fixed assets,Other fixed assets,Disposals,,Dollars,6
GFSA.SLS05G06Z616113D,2015.06,3,FINAL,"Local Government, Non-financial Assets Reconciliation, Fixed Assets",Government Financial Statistics - GFS,Non-financial assets,Fixed assets,Other fixed assets,Disposals,,Dollars,6
GFSA.SLS05G06Z616113D,2016.06,7,FINAL,"Local Government, Non-financial Assets Reconciliation, Fixed Assets",Government Financial Statistics - GFS,Non-financial assets,Fixed assets,Other fixed assets,Disposals,,Dollars,6
GFSA.SLS05G06Z616113D,2017.06,4,FINAL,"Local Government, Non-financial Assets Reconciliation, Fixed Assets",Government Financial Statistics - GFS,Non-financial assets,Fixed assets,Other fixed assets,Disposals,,Dollars,6
GFSA.SLS05G06Z616113D,2018.06,5,FINAL,"Local Government, Non-financial Assets Reconciliation, Fixed Assets",Government Financial Statistics - GFS,Non-financial assets,Fixed assets,Other fixed assets,Disposals,,Dollars,6
GFSA.SLS05G06Z616113D,2019.06,14,FINAL,"Local Government, Non-financial Assets Reconciliation, Fixed Assets",Government Financial Statistics - GFS,Non-financial assets,Fixed assets,Other fixed assets,Disposals,,Dollars,6
GFSA.SLS05G06Z616113D,2020.06,7,FINAL,"Local Government, Non-financial Assets Reconciliation, Fixed Assets",Government Financial Statistics - GFS,Non-financial assets,Fixed assets,Other fixed assets,Disposals,,Dollars,6
GFSA.SLS05G06Z616113D,2021.06,11,FINAL,"Local Government, Non-financial Assets Reconciliation, Fixed Assets",Government Financial Statistics - GFS,Non-financial assets,Fixed assets,Other fixed assets,Disposals,,Dollars,6
GFSA.SLS05G06Z616113D,2022.06,17,FINAL,"Local Government, Non-financial Assets Reconciliation, Fixed Assets",Government Financial Statistics - GFS,Non-financial assets,Fixed assets,Other fixed assets,Disposals,,Dollars,6
GFSA.SLS05G06Z616113D,2023.06,7,FINAL,"Local Government, Non-financial Assets Reconciliation, Fixed Assets",Government Financial Statistics - GFS,Non-financial assets,Fixed assets,Other fixed assets,Disposals,,Dollars,6
GFSA.SLS05G06Z616113D,2024.06,14,REVISED,"Local Government, Non-financial Assets Reconciliation, Fixed Assets",Government Financial Statistics - GFS,Non-financial assets,Fixed assets,Other fixed assets,Disposals,,Dollars,6
GFSA.SLS05G06Z616113D,2025.06,13,PROVISIONAL,"Local Government, Non-financial Assets Reconciliation, Fixed Assets",Government Financial Statistics - GFS,Non-financial assets,Fixed assets,Other fixed assets,Disposals,,Dollars,6
GFSA.SLS05G06Z616113K,2009.06,42,FINAL,"Local Government, Non-financial Assets Reconciliation, Fixed Assets",Government Financial Statistics - GFS,Non-financial assets,Fixed assets,Other fixed assets,Depreciation,,Dollars,6
GFSA.SLS05G06Z616113K,2010.06,47,FINAL,"Local Government, Non-financial Assets Reconciliation, Fixed Assets",Government Financial Statistics - GFS,Non-financial assets,Fixed assets,Other fixed assets,Depreciation,,Dollars,6
GFSA.SLS05G06Z616113K,2011.06,78,FINAL,"Local Government, Non-financial Assets Reconciliation, Fixed Assets",Government Financial Statistics - GFS,Non-financial assets,Fixed assets,Other fixed assets,Depreciation,,Dollars,6
GFSA.SLS05G06Z616113K,2012.06,64,FINAL,"Local Government, Non-financial Assets Reconciliation, Fixed Assets",Government Financial Statistics - GFS,Non-financial assets,Fixed assets,Other fixed assets,Depreciation,,Dollars,6
GFSA.SLS05G06Z616113K,2013.06,66,FINAL,"Local Government, Non-financial Assets Reconciliation, Fixed Assets",Government Financial Statistics - GFS,Non-financial assets,Fixed assets,Other fixed assets,Depreciation,,Dollars,6
GFSA.SLS05G06Z616113K,2014.06,78,FINAL,"Local Government, Non-financial Assets Reconciliation, Fixed Assets",Government Financial Statistics - GFS,Non-financial assets,Fixed assets,Other fixed assets,Depreciation,,Dollars,6
GFSA.SLS05G06Z616113K,2015.06,102,FINAL,"Local Government, Non-financial Assets Reconciliation, Fixed Assets",Government Financial Statistics - GFS,Non-financial assets,Fixed assets,Other fixed assets,Depreciation,,Dollars,6
GFSA.SLS05G06Z616113K,2016.06,109,FINAL,"Local Government, Non-financial Assets Reconciliation, Fixed Assets",Government Financial Statistics - GFS,Non-financial assets,Fixed assets,Other fixed assets,Depreciation,,Dollars,6
GFSA.SLS05G06Z616113K,2017.06,120,FINAL,"Local Government, Non-financial Assets Reconciliation, Fixed Assets",Government Financial Statistics - GFS,Non-financial assets,Fixed assets,Other fixed assets,Depreciation,,Dollars,6
GFSA.SLS05G06Z616113K,2018.06,123,FINAL,"Local Government, Non-financial Assets Reconciliation, Fixed Assets",Government Financial Statistics - GFS,Non-financial assets,Fixed assets,Other fixed assets,Depreciation,,Dollars,6
GFSA.SLS05G06Z616113K,2019.06,134,FINAL,"Local Government, Non-financial Assets Reconciliation, Fixed Assets",Government Financial Statistics - GFS,Non-financial assets,Fixed assets,Other fixed assets,Depreciation,,Dollars,6
GFSA.SLS05G06Z616113K,2020.06,136,FINAL,"Local Government, Non-financial Assets Reconciliation, Fixed Assets",Government Financial Statistics - GFS,Non-financial assets,Fixed assets,Other fixed assets,Depreciation,,Dollars,6
GFSA.SLS05G06Z616113K,2021.06,131,FINAL,"Local Government, Non-financial Assets Reconciliation, Fixed Assets",Government Financial Statistics - GFS,Non-financial assets,Fixed assets,Other fixed assets,Depreciation,,Dollars,6
GFSA.SLS05G06Z616113K,2022.06,136,FINAL,"Local Government, Non-financial Assets Reconciliation, Fixed Assets",Government Financial Statistics - GFS,Non-financial assets,Fixed assets,Other fixed assets,Depreciation,,Dollars,6
GFSA.SLS05G06Z616113K,2023.06,128,FINAL,"Local Government, Non-financial Assets Reconciliation, Fixed Assets",Government Financial Statistics - GFS,Non-financial assets,Fixed assets,Other fixed assets,Depreciation,,Dollars,6
GFSA.SLS05G06Z616113K,2024.06,133,REVISED,"Local Government, Non-financial Assets Reconciliation, Fixed Assets",Government Financial Statistics - GFS,Non-financial assets,Fixed assets,Other fixed assets,Depreciation,,Dollars,6
GFSA.SLS05G06Z616113K,2025.06,143,PROVISIONAL,"Local Government, Non-financial Assets Reconciliation, Fixed Assets",Government Financial Statistics - GFS,Non-financial assets,Fixed assets,Other fixed assets,Depreciation,,Dollars,6
GFSA.SLS05G06Z616113O,2009.06,-62,FINAL,"Local Government, Non-financial Assets Reconciliation, Fixed Assets",Government Financial Statistics - GFS,Non-financial assets,Fixed assets,Other fixed assets,Other economic flows,,Dollars,6
GFSA.SLS05G06Z616113O,2010.06,31,FINAL,"Local Government, Non-financial Assets Reconciliation, Fixed Assets",Government Financial Statistics - GFS,Non-financial assets,Fixed assets,Other fixed assets,Other economic flows,,Dollars,6
GFSA.SLS05G06Z616113O,2011.06,25,FINAL,"Local Government, Non-financial Assets Reconciliation, Fixed Assets",Government Financial Statistics - GFS,Non-financial assets,Fixed assets,Other fixed assets,Other economic flows,,Dollars,6
GFSA.SLS05G06Z616113O,2012.06,10,FINAL,"Local Government, Non-financial Assets Reconciliation, Fixed Assets",Government Financial Statistics - GFS,Non-financial assets,Fixed assets,Other fixed assets,Other economic flows,,Dollars,6
GFSA.SLS05G06Z616113O,2013.06,48,FINAL,"Local Government, Non-financial Assets Reconciliation, Fixed Assets",Government Financial Statistics - GFS,Non-financial assets,Fixed assets,Other fixed assets,Other economic flows,,Dollars,6
GFSA.SLS05G06Z616113O,2014.06,3,FINAL,"Local Government, Non-financial Assets Reconciliation, Fixed Assets",Government Financial Statistics - GFS,Non-financial assets,Fixed assets,Other fixed assets,Other economic flows,,Dollars,6
GFSA.SLS05G06Z616113O,2015.06,9,FINAL,"Local Government, Non-financial Assets Reconciliation, Fixed Assets",Government Financial Statistics - GFS,Non-financial assets,Fixed assets,Other fixed assets,Other economic flows,,Dollars,6
GFSA.SLS05G06Z616113O,2016.06,-91,FINAL,"Local Government, Non-financial Assets Reconciliation, Fixed Assets",Government Financial Statistics - GFS,Non-financial assets,Fixed assets,Other fixed assets,Other economic flows,,Dollars,6
GFSA.SLS05G06Z616113O,2017.06,57,FINAL,"Local Government, Non-financial Assets Reconciliation, Fixed Assets",Government Financial Statistics - GFS,Non-financial assets,Fixed assets,Other fixed assets,Other economic flows,,Dollars,6
GFSA.SLS05G06Z616113O,2018.06,1,FINAL,"Local Government, Non-financial Assets Reconciliation, Fixed Assets",Government Financial Statistics - GFS,Non-financial assets,Fixed assets,Other fixed assets,Other economic flows,,Dollars,6
GFSA.SLS05G06Z616113O,2019.06,109,FINAL,"Local Government, Non-financial Assets Reconciliation, Fixed Assets",Government Financial Statistics - GFS,Non-financial assets,Fixed assets,Other fixed assets,Other economic flows,,Dollars,6
GFSA.SLS05G06Z616113O,2020.06,-29,FINAL,"Local Government, Non-financial Assets Reconciliation, Fixed Assets",Government Financial Statistics - GFS,Non-financial assets,Fixed assets,Other fixed assets,Other economic flows,,Dollars,6
GFSA.SLS05G06Z616113O,2021.06,-53,FINAL,"Local Government, Non-financial Assets Reconciliation, Fixed Assets",Government Financial Statistics - GFS,Non-financial assets,Fixed assets,Other fixed assets,Other economic flows,,Dollars,6
GFSA.SLS05G06Z616113O,2022.06,1,FINAL,"Local Government, Non-financial Assets Reconciliation, Fixed Assets",Government Financial Statistics - GFS,Non-financial assets,Fixed assets,Other fixed assets,Other economic flows,,Dollars,6
GFSA.SLS05G06Z616113O,2023.06,-9,REVISED,"Local Government, Non-financial Assets Reconciliation, Fixed Assets",Government Financial Statistics - GFS,Non-financial assets,Fixed assets,Other fixed assets,Other economic flows,,Dollars,6
GFSA.SLS05G06Z616113O,2024.06,-10,REVISED,"Local Government, Non-financial Assets Reconciliation, Fixed Assets",Government Financial Statistics - GFS,Non-financial assets,Fixed assets,Other fixed assets,Other economic flows,,Dollars,6
GFSA.SLS05G06Z616113O,2025.06,10,PROVISIONAL,"Local Government, Non-financial Assets Reconciliation, Fixed Assets",Government Financial Statistics - GFS,Non-financial assets,Fixed assets,Other fixed assets,Other economic flows,,Dollars,6
GFSA.SLS05G06Z616113Z,2008.06,243,FINAL,"Local Government, Non-financial Assets Reconciliation, Fixed Assets",Government Financial Statistics - GFS,Non-financial assets,Fixed assets,Other fixed assets,Total,,Dollars,6
GFSA.SLS05G06Z616113Z,2009.06,235,FINAL,"Local Government, Non-financial Assets Reconciliation, Fixed Assets",Government Financial Statistics - GFS,Non-financial assets,Fixed assets,Other fixed assets,Total,,Dollars,6
GFSA.SLS05G06Z616113Z,2010.06,258,FINAL,"Local Government, Non-financial Assets Reconciliation, Fixed Assets",Government Financial Statistics - GFS,Non-financial assets,Fixed assets,Other fixed assets,Total,,Dollars,6
GFSA.SLS05G06Z616113Z,2011.06,308,FINAL,"Local Government, Non-financial Assets Reconciliation, Fixed Assets",Government Financial Statistics - GFS,Non-financial assets,Fixed assets,Other fixed assets,Total,,Dollars,6
GFSA.SLS05G06Z616113Z,2012.06,309,FINAL,"Local Government, Non-financial Assets Reconciliation, Fixed Assets",Government Financial Statistics - GFS,Non-financial assets,Fixed assets,Other fixed assets,Total,,Dollars,6
GFSA.SLS05G06Z616113Z,2013.06,425,FINAL,"Local Government, Non-financial Assets Reconciliation, Fixed Assets",Government Financial Statistics - GFS,Non-financial assets,Fixed assets,Other fixed assets,Total,,Dollars,6
GFSA.SLS05G06Z616113Z,2014.06,446,FINAL,"Local Government, Non-financial Assets Reconciliation, Fixed Assets",Government Financial Statistics - GFS,Non-financial assets,Fixed assets,Other fixed assets,Total,,Dollars,6
GFSA.SLS05G06Z616113Z,2015.06,534,FINAL,"Local Government, Non-financial Assets Reconciliation, Fixed Assets",Government Financial Statistics - GFS,Non-financial assets,Fixed assets,Other fixed assets,Total,,Dollars,6
GFSA.SLS05G06Z616113Z,2016.06,473,FINAL,"Local Government, Non-financial Assets Reconciliation, Fixed Assets",Government Financial Statistics - GFS,Non-financial assets,Fixed assets,Other fixed assets,Total,,Dollars,6
GFSA.SLS05G06Z616113Z,2017.06,545,FINAL,"Local Government, Non-financial Assets Reconciliation, Fixed Assets",Government Financial Statistics - GFS,Non-financial assets,Fixed assets,Other fixed assets,Total,,Dollars,6
GFSA.SLS05G06Z616113Z,2018.06,539,FINAL,"Local Government, Non-financial Assets Reconciliation, Fixed Assets",Government Financial Statistics - GFS,Non-financial assets,Fixed assets,Other fixed assets,Total,,Dollars,6
GFSA.SLS05G06Z616113Z,2019.06,681,FINAL,"Local Government, Non-financial Assets Reconciliation, Fixed Assets",Government Financial Statistics - GFS,Non-financial assets,Fixed assets,Other fixed assets,Total,,Dollars,6
GFSA.SLS05G06Z616113Z,2020.06,663,FINAL,"Local Government, Non-financial Assets Reconciliation, Fixed Assets",Government Financial Statistics - GFS,Non-financial assets,Fixed assets,Other fixed assets,Total,,Dollars,6
GFSA.SLS05G06Z616113Z,2021.06,613,FINAL,"Local Government, Non-financial Assets Reconciliation, Fixed Assets",Government Financial Statistics - GFS,Non-financial assets,Fixed assets,Other fixed assets,Total,,Dollars,6
GFSA.SLS05G06Z616113Z,2022.06,572,FINAL,"Local Government, Non-financial Assets Reconciliation, Fixed Assets",Government Financial Statistics - GFS,Non-financial assets,Fixed assets,Other fixed assets,Total,,Dollars,6
GFSA.SLS05G06Z616113Z,2023.06,581,REVISED,"Local Government, Non-financial Assets Reconciliation, Fixed Assets",Government Financial Statistics - GFS,Non-financial assets,Fixed assets,Other fixed assets,Total,,Dollars,6
GFSA.SLS05G06Z616113Z,2024.06,570,REVISED,"Local Government, Non-financial Assets Reconciliation, Fixed Assets",Government Financial Statistics - GFS,Non-financial assets,Fixed assets,Other fixed assets,Total,,Dollars,6
GFSA.SLS05G06Z616113Z,2025.06,583,PROVISIONAL,"Local Government, Non-financial Assets Reconciliation, Fixed Assets",Government Financial Statistics - GFS,Non-financial assets,Fixed assets,Other fixed assets,Total,,Dollars,6
GFSA.SLS05G06Z616114A,2009.06,0,FINAL,"Local Government, Non-financial Assets Reconciliation, Fixed Assets",Government Financial Statistics - GFS,Non-financial assets,Fixed assets,Weapons systems,Additions,,Dollars,6
GFSA.SLS05G06Z616114A,2010.06,0,FINAL,"Local Government, Non-financial Assets Reconciliation, Fixed Assets",Government Financial Statistics - GFS,Non-financial assets,Fixed assets,Weapons systems,Additions,,Dollars,6
GFSA.SLS05G06Z616114A,2011.06,0,FINAL,"Local Government, Non-financial Assets Reconciliation, Fixed Assets",Government Financial Statistics - GFS,Non-financial assets,Fixed assets,Weapons systems,Additions,,Dollars,6
GFSA.SLS05G06Z616114A,2012.06,0,FINAL,"Local Government, Non-financial Assets Reconciliation, Fixed Assets",Government Financial Statistics - GFS,Non-financial assets,Fixed assets,Weapons systems,Additions,,Dollars,6
GFSA.SLS05G06Z616114A,2013.06,0,FINAL,"Local Government, Non-financial Assets Reconciliation, Fixed Assets",Government Financial Statistics - GFS,Non-financial assets,Fixed assets,Weapons systems,Additions,,Dollars,6
GFSA.SLS05G06Z616114A,2014.06,0,FINAL,"Local Government, Non-financial Assets Reconciliation, Fixed Assets",Government Financial Statistics - GFS,Non-financial assets,Fixed assets,Weapons systems,Additions,,Dollars,6
GFSA.SLS05G06Z616114A,2015.06,0,FINAL,"Local Government, Non-financial Assets Reconciliation, Fixed Assets",Government Financial Statistics - GFS,Non-financial assets,Fixed assets,Weapons systems,Additions,,Dollars,6
GFSA.SLS05G06Z616114A,2016.06,0,FINAL,"Local Government, Non-financial Assets Reconciliation, Fixed Assets",Government Financial Statistics - GFS,Non-financial assets,Fixed assets,Weapons systems,Additions,,Dollars,6
GFSA.SLS05G06Z616114A,2017.06,0,FINAL,"Local Government, Non-financial Assets Reconciliation, Fixed Assets",Government Financial Statistics - GFS,Non-financial assets,Fixed assets,Weapons systems,Additions,,Dollars,6
GFSA.SLS05G06Z616114A,2018.06,0,FINAL,"Local Government, Non-financial Assets Reconciliation, Fixed Assets",Government Financial Statistics - GFS,Non-financial assets,Fixed assets,Weapons systems,Additions,,Dollars,6
GFSA.SLS05G06Z616114A,2019.06,0,FINAL,"Local Government, Non-financial Assets Reconciliation, Fixed Assets",Government Financial Statistics - GFS,Non-financial assets,Fixed assets,Weapons systems,Additions,,Dollars,6
GFSA.SLS05G06Z616114A,2020.06,0,FINAL,"Local Government, Non-financial Assets Reconciliation, Fixed Assets",Government Financial Statistics - GFS,Non-financial assets,Fixed assets,Weapons systems,Additions,,Dollars,6
GFSA.SLS05G06Z616114A,2021.06,0,FINAL,"Local Government, Non-financial Assets Reconciliation, Fixed Assets",Government Financial Statistics - GFS,Non-financial assets,Fixed assets,Weapons systems,Additions,,Dollars,6
GFSA.SLS05G06Z616114A,2022.06,0,FINAL,"Local Government, Non-financial Assets Reconciliation, Fixed Assets",Government Financial Statistics - GFS,Non-financial assets,Fixed assets,Weapons systems,Additions,,Dollars,6
GFSA.SLS05G06Z616114A,2023.06,0,FINAL,"Local Government, Non-financial Assets Reconciliation, Fixed Assets",Government Financial Statistics - GFS,Non-financial assets,Fixed assets,Weapons systems,Additions,,Dollars,6
GFSA.SLS05G06Z616114A,2024.06,0,FINAL,"Local Government, Non-financial Assets Reconciliation, Fixed Assets",Government Financial Statistics - GFS,Non-financial assets,Fixed assets,Weapons systems,Additions,,Dollars,6
GFSA.SLS05G06Z616114A,2025.06,0,PROVISIONAL,"Local Government, Non-financial Assets Reconciliation, Fixed Assets",Government Financial Statistics - GFS,Non-financial assets,Fixed assets,Weapons systems,Additions,,Dollars,6
GFSA.SLS05G06Z616114D,2009.06,0,FINAL,"Local Government, Non-financial Assets Reconciliation, Fixed Assets",Government Financial Statistics - GFS,Non-financial assets,Fixed assets,Weapons systems,Disposals,,Dollars,6
GFSA.SLS05G06Z616114D,2010.06,0,FINAL,"Local Government, Non-financial Assets Reconciliation, Fixed Assets",Government Financial Statistics - GFS,Non-financial assets,Fixed assets,Weapons systems,Disposals,,Dollars,6
GFSA.SLS05G06Z616114D,2011.06,0,FINAL,"Local Government, Non-financial Assets Reconciliation, Fixed Assets",Government Financial Statistics - GFS,Non-financial assets,Fixed assets,Weapons systems,Disposals,,Dollars,6
GFSA.SLS05G06Z616114D,2012.06,0,FINAL,"Local Government, Non-financial Assets Reconciliation, Fixed Assets",Government Financial Statistics - GFS,Non-financial assets,Fixed assets,Weapons systems,Disposals,,Dollars,6
GFSA.SLS05G06Z616114D,2013.06,0,FINAL,"Local Government, Non-financial Assets Reconciliation, Fixed Assets",Government Financial Statistics - GFS,Non-financial assets,Fixed assets,Weapons systems,Disposals,,Dollars,6
GFSA.SLS05G06Z616114D,2014.06,0,FINAL,"Local Government, Non-financial Assets Reconciliation, Fixed Assets",Government Financial Statistics - GFS,Non-financial assets,Fixed assets,Weapons systems,Disposals,,Dollars,6
GFSA.SLS05G06Z616114D,2015.06,0,FINAL,"Local Government, Non-financial Assets Reconciliation, Fixed Assets",Government Financial Statistics - GFS,Non-financial assets,Fixed assets,Weapons systems,Disposals,,Dollars,6
GFSA.SLS05G06Z616114D,2016.06,0,FINAL,"Local Government, Non-financial Assets Reconciliation, Fixed Assets",Government Financial Statistics - GFS,Non-financial assets,Fixed assets,Weapons systems,Disposals,,Dollars,6
GFSA.SLS05G06Z616114D,2017.06,0,FINAL,"Local Government, Non-financial Assets Reconciliation, Fixed Assets",Government Financial Statistics - GFS,Non-financial assets,Fixed assets,Weapons systems,Disposals,,Dollars,6
GFSA.SLS05G06Z616114D,2018.06,0,FINAL,"Local Government, Non-financial Assets Reconciliation, Fixed Assets",Government Financial Statistics - GFS,Non-financial assets,Fixed assets,Weapons systems,Disposals,,Dollars,6
GFSA.SLS05G06Z616114D,2019.06,0,FINAL,"Local Government, Non-financial Assets Reconciliation, Fixed Assets",Government Financial Statistics - GFS,Non-financial assets,Fixed assets,Weapons systems,Disposals,,Dollars,6
GFSA.SLS05G06Z616114D,2020.06,0,FINAL,"Local Government, Non-financial Assets Reconciliation, Fixed Assets",Government Financial Statistics - GFS,Non-financial assets,Fixed assets,Weapons systems,Disposals,,Dollars,6
GFSA.SLS05G06Z616114D,2021.06,0,FINAL,"Local Government, Non-financial Assets Reconciliation, Fixed Assets",Government Financial Statistics - GFS,Non-financial assets,Fixed assets,Weapons systems,Disposals,,Dollars,6
GFSA.SLS05G06Z616114D,2022.06,0,FINAL,"Local Government, Non-financial Assets Reconciliation, Fixed Assets",Government Financial Statistics - GFS,Non-financial assets,Fixed assets,Weapons systems,Disposals,,Dollars,6
GFSA.SLS05G06Z616114D,2023.06,0,FINAL,"Local Government, Non-financial Assets Reconciliation, Fixed Assets",Government Financial Statistics - GFS,Non-financial assets,Fixed assets,Weapons systems,Disposals,,Dollars,6
GFSA.SLS05G06Z616114D,2024.06,0,FINAL,"Local Government, Non-financial Assets Reconciliation, Fixed Assets",Government Financial Statistics - GFS,Non-financial assets,Fixed assets,Weapons systems,Disposals,,Dollars,6
GFSA.SLS05G06Z616114D,2025.06,0,PROVISIONAL,"Local Government, Non-financial Assets Reconciliation, Fixed Assets",Government Financial Statistics - GFS,Non-financial assets,Fixed assets,Weapons systems,Disposals,,Dollars,6
GFSA.SLS05G06Z616114K,2009.06,0,FINAL,"Local Government, Non-financial Assets Reconciliation, Fixed Assets",Government Financial Statistics - GFS,Non-financial assets,Fixed assets,Weapons systems,Depreciation,,Dollars,6
GFSA.SLS05G06Z616114K,2010.06,0,FINAL,"Local Government, Non-financial Assets Reconciliation, Fixed Assets",Government Financial Statistics - GFS,Non-financial assets,Fixed assets,Weapons systems,Depreciation,,Dollars,6
GFSA.SLS05G06Z616114K,2011.06,0,FINAL,"Local Government, Non-financial Assets Reconciliation, Fixed Assets",Government Financial Statistics - GFS,Non-financial assets,Fixed assets,Weapons systems,Depreciation,,Dollars,6
GFSA.SLS05G06Z616114K,2012.06,0,FINAL,"Local Government, Non-financial Assets Reconciliation, Fixed Assets",Government Financial Statistics - GFS,Non-financial assets,Fixed assets,Weapons systems,Depreciation,,Dollars,6
GFSA.SLS05G06Z616114K,2013.06,0,FINAL,"Local Government, Non-financial Assets Reconciliation, Fixed Assets",Government Financial Statistics - GFS,Non-financial assets,Fixed assets,Weapons systems,Depreciation,,Dollars,6
GFSA.SLS05G06Z616114K,2014.06,0,FINAL,"Local Government, Non-financial Assets Reconciliation, Fixed Assets",Government Financial Statistics - GFS,Non-financial assets,Fixed assets,Weapons systems,Depreciation,,Dollars,6
GFSA.SLS05G06Z616114K,2015.06,0,FINAL,"Local Government, Non-financial Assets Reconciliation, Fixed Assets",Government Financial Statistics - GFS,Non-financial assets,Fixed assets,Weapons systems,Depreciation,,Dollars,6
GFSA.SLS05G06Z616114K,2016.06,0,FINAL,"Local Government, Non-financial Assets Reconciliation, Fixed Assets",Government Financial Statistics - GFS,Non-financial assets,Fixed assets,Weapons systems,Depreciation,,Dollars,6
GFSA.SLS05G06Z616114K,2017.06,0,FINAL,"Local Government, Non-financial Assets Reconciliation, Fixed Assets",Government Financial Statistics - GFS,Non-financial assets,Fixed assets,Weapons systems,Depreciation,,Dollars,6
GFSA.SLS05G06Z616114K,2018.06,0,FINAL,"Local Government, Non-financial Assets Reconciliation, Fixed Assets",Government Financial Statistics - GFS,Non-financial assets,Fixed assets,Weapons systems,Depreciation,,Dollars,6
GFSA.SLS05G06Z616114K,2019.06,0,FINAL,"Local Government, Non-financial Assets Reconciliation, Fixed Assets",Government Financial Statistics - GFS,Non-financial assets,Fixed assets,Weapons systems,Depreciation,,Dollars,6
GFSA.SLS05G06Z616114K,2020.06,0,FINAL,"Local Government, Non-financial Assets Reconciliation, Fixed Assets",Government Financial Statistics - GFS,Non-financial assets,Fixed assets,Weapons systems,Depreciation,,Dollars,6
GFSA.SLS05G06Z616114K,2021.06,0,FINAL,"Local Government, Non-financial Assets Reconciliation, Fixed Assets",Government Financial Statistics - GFS,Non-financial assets,Fixed assets,Weapons systems,Depreciation,,Dollars,6
GFSA.SLS05G06Z616114K,2022.06,0,FINAL,"Local Government, Non-financial Assets Reconciliation, Fixed Assets",Government Financial Statistics - GFS,Non-financial assets,Fixed assets,Weapons systems,Depreciation,,Dollars,6
GFSA.SLS05G06Z616114K,2023.06,0,FINAL,"Local Government, Non-financial Assets Reconciliation, Fixed Assets",Government Financial Statistics - GFS,Non-financial assets,Fixed assets,Weapons systems,Depreciation,,Dollars,6
GFSA.SLS05G06Z616114K,2024.06,0,FINAL,"Local Government, Non-financial Assets Reconciliation, Fixed Assets",Government Financial Statistics - GFS,Non-financial assets,Fixed assets,Weapons systems,Depreciation,,Dollars,6
GFSA.SLS05G06Z616114K,2025.06,0,PROVISIONAL,"Local Government, Non-financial Assets Reconciliation, Fixed Assets",Government Financial Statistics - GFS,Non-financial assets,Fixed assets,Weapons systems,Depreciation,,Dollars,6
GFSA.SLS05G06Z616114O,2009.06,0,FINAL,"Local Government, Non-financial Assets Reconciliation, Fixed Assets",Government Financial Statistics - GFS,Non-financial assets,Fixed assets,Weapons systems,Other economic flows,,Dollars,6
GFSA.SLS05G06Z616114O,2010.06,0,FINAL,"Local Government, Non-financial Assets Reconciliation, Fixed Assets",Government Financial Statistics - GFS,Non-financial assets,Fixed assets,Weapons systems,Other economic flows,,Dollars,6
GFSA.SLS05G06Z616114O,2011.06,0,FINAL,"Local Government, Non-financial Assets Reconciliation, Fixed Assets",Government Financial Statistics - GFS,Non-financial assets,Fixed assets,Weapons systems,Other economic flows,,Dollars,6
GFSA.SLS05G06Z616114O,2012.06,0,FINAL,"Local Government, Non-financial Assets Reconciliation, Fixed Assets",Government Financial Statistics - GFS,Non-financial assets,Fixed assets,Weapons systems,Other economic flows,,Dollars,6
GFSA.SLS05G06Z616114O,2013.06,0,FINAL,"Local Government, Non-financial Assets Reconciliation, Fixed Assets",Government Financial Statistics - GFS,Non-financial assets,Fixed assets,Weapons systems,Other economic flows,,Dollars,6
GFSA.SLS05G06Z616114O,2014.06,0,FINAL,"Local Government, Non-financial Assets Reconciliation, Fixed Assets",Government Financial Statistics - GFS,Non-financial assets,Fixed assets,Weapons systems,Other economic flows,,Dollars,6
GFSA.SLS05G06Z616114O,2015.06,0,FINAL,"Local Government, Non-financial Assets Reconciliation, Fixed Assets",Government Financial Statistics - GFS,Non-financial assets,Fixed assets,Weapons systems,Other economic flows,,Dollars,6
GFSA.SLS05G06Z616114O,2016.06,0,FINAL,"Local Government, Non-financial Assets Reconciliation, Fixed Assets",Government Financial Statistics - GFS,Non-financial assets,Fixed assets,Weapons systems,Other economic flows,,Dollars,6
GFSA.SLS05G06Z616114O,2017.06,0,FINAL,"Local Government, Non-financial Assets Reconciliation, Fixed Assets",Government Financial Statistics - GFS,Non-financial assets,Fixed assets,Weapons systems,Other economic flows,,Dollars,6
GFSA.SLS05G06Z616114O,2018.06,0,FINAL,"Local Government, Non-financial Assets Reconciliation, Fixed Assets",Government Financial Statistics - GFS,Non-financial assets,Fixed assets,Weapons systems,Other economic flows,,Dollars,6
GFSA.SLS05G06Z616114O,2019.06,0,FINAL,"Local Government, Non-financial Assets Reconciliation, Fixed Assets",Government Financial Statistics - GFS,Non-financial assets,Fixed assets,Weapons systems,Other economic flows,,Dollars,6
GFSA.SLS05G06Z616114O,2020.06,0,FINAL,"Local Government, Non-financial Assets Reconciliation, Fixed Assets",Government Financial Statistics - GFS,Non-financial assets,Fixed assets,Weapons systems,Other economic flows,,Dollars,6
GFSA.SLS05G06Z616114O,2021.06,0,FINAL,"Local Government, Non-financial Assets Reconciliation, Fixed Assets",Government Financial Statistics - GFS,Non-financial assets,Fixed assets,Weapons systems,Other economic flows,,Dollars,6
GFSA.SLS05G06Z616114O,2022.06,0,FINAL,"Local Government, Non-financial Assets Reconciliation, Fixed Assets",Government Financial Statistics - GFS,Non-financial assets,Fixed assets,Weapons systems,Other economic flows,,Dollars,6
GFSA.SLS05G06Z616114O,2023.06,0,FINAL,"Local Government, Non-financial Assets Reconciliation, Fixed Assets",Government Financial Statistics - GFS,Non-financial assets,Fixed assets,Weapons systems,Other economic flows,,Dollars,6
GFSA.SLS05G06Z616114O,2024.06,0,FINAL,"Local Government, Non-financial Assets Reconciliation, Fixed Assets",Government Financial Statistics - GFS,Non-financial assets,Fixed assets,Weapons systems,Other economic flows,,Dollars,6
GFSA.SLS05G06Z616114O,2025.06,0,PROVISIONAL,"Local Government, Non-financial Assets Reconciliation, Fixed Assets",Government Financial Statistics - GFS,Non-financial assets,Fixed assets,Weapons systems,Other economic flows,,Dollars,6
GFSA.SLS05G06Z616114Z,2008.06,0,FINAL,"Local Government, Non-financial Assets Reconciliation, Fixed Assets",Government Financial Statistics - GFS,Non-financial assets,Fixed assets,Weapons systems,Total,,Dollars,6
GFSA.SLS05G06Z616114Z,2009.06,0,FINAL,"Local Government, Non-financial Assets Reconciliation, Fixed Assets",Government Financial Statistics - GFS,Non-financial assets,Fixed assets,Weapons systems,Total,,Dollars,6
GFSA.SLS05G06Z616114Z,2010.06,0,FINAL,"Local Government, Non-financial Assets Reconciliation, Fixed Assets",Government Financial Statistics - GFS,Non-financial assets,Fixed assets,Weapons systems,Total,,Dollars,6
GFSA.SLS05G06Z616114Z,2011.06,0,FINAL,"Local Government, Non-financial Assets Reconciliation, Fixed Assets",Government Financial Statistics - GFS,Non-financial assets,Fixed assets,Weapons systems,Total,,Dollars,6
GFSA.SLS05G06Z616114Z,2012.06,0,FINAL,"Local Government, Non-financial Assets Reconciliation, Fixed Assets",Government Financial Statistics - GFS,Non-financial assets,Fixed assets,Weapons systems,Total,,Dollars,6
GFSA.SLS05G06Z616114Z,2013.06,0,FINAL,"Local Government, Non-financial Assets Reconciliation, Fixed Assets",Government Financial Statistics - GFS,Non-financial assets,Fixed assets,Weapons systems,Total,,Dollars,6
GFSA.SLS05G06Z616114Z,2014.06,0,FINAL,"Local Government, Non-financial Assets Reconciliation, Fixed Assets",Government Financial Statistics - GFS,Non-financial assets,Fixed assets,Weapons systems,Total,,Dollars,6
GFSA.SLS05G06Z616114Z,2015.06,0,FINAL,"Local Government, Non-financial Assets Reconciliation, Fixed Assets",Government Financial Statistics - GFS,Non-financial assets,Fixed assets,Weapons systems,Total,,Dollars,6
GFSA.SLS05G06Z616114Z,2016.06,0,FINAL,"Local Government, Non-financial Assets Reconciliation, Fixed Assets",Government Financial Statistics - GFS,Non-financial assets,Fixed assets,Weapons systems,Total,,Dollars,6
GFSA.SLS05G06Z616114Z,2017.06,0,FINAL,"Local Government, Non-financial Assets Reconciliation, Fixed Assets",Government Financial Statistics - GFS,Non-financial assets,Fixed assets,Weapons systems,Total,,Dollars,6
GFSA.SLS05G06Z616114Z,2018.06,0,FINAL,"Local Government, Non-financial Assets Reconciliation, Fixed Assets",Government Financial Statistics - GFS,Non-financial assets,Fixed assets,Weapons systems,Total,,Dollars,6
GFSA.SLS05G06Z616114Z,2019.06,0,FINAL,"Local Government, Non-financial Assets Reconciliation, Fixed Assets",Government Financial Statistics - GFS,Non-financial assets,Fixed assets,Weapons systems,Total,,Dollars,6
GFSA.SLS05G06Z616114Z,2020.06,0,FINAL,"Local Government, Non-financial Assets Reconciliation, Fixed Assets",Government Financial Statistics - GFS,Non-financial assets,Fixed assets,Weapons systems,Total,,Dollars,6
GFSA.SLS05G06Z616114Z,2021.06,0,FINAL,"Local Government, Non-financial Assets Reconciliation, Fixed Assets",Government Financial Statistics - GFS,Non-financial assets,Fixed assets,Weapons systems,Total,,Dollars,6
GFSA.SLS05G06Z616114Z,2022.06,0,FINAL,"Local Government, Non-financial Assets Reconciliation, Fixed Assets",Government Financial Statistics - GFS,Non-financial assets,Fixed assets,Weapons systems,Total,,Dollars,6
GFSA.SLS05G06Z616114Z,2023.06,0,FINAL,"Local Government, Non-financial Assets Reconciliation, Fixed Assets",Government Financial Statistics - GFS,Non-financial assets,Fixed assets,Weapons systems,Total,,Dollars,6
GFSA.SLS05G06Z616114Z,2024.06,0,FINAL,"Local Government, Non-financial Assets Reconciliation, Fixed Assets",Government Financial Statistics - GFS,Non-financial assets,Fixed assets,Weapons systems,Total,,Dollars,6
GFSA.SLS05G06Z616114Z,2025.06,0,PROVISIONAL,"Local Government, Non-financial Assets Reconciliation, Fixed Assets",Government Financial Statistics - GFS,Non-financial assets,Fixed assets,Weapons systems,Total,,Dollars,6
GFSA.SLS05G07Z616141A,2009.06,386,FINAL,"Local Government, Non-financial Assets Reconciliation, Non-produced Assets",Government Financial Statistics - GFS,Non-financial assets,Non-produced assets,Land,Additions,,Dollars,6
GFSA.SLS05G07Z616141A,2010.06,272,FINAL,"Local Government, Non-financial Assets Reconciliation, Non-produced Assets",Government Financial Statistics - GFS,Non-financial assets,Non-produced assets,Land,Additions,,Dollars,6
GFSA.SLS05G07Z616141A,2011.06,238,FINAL,"Local Government, Non-financial Assets Reconciliation, Non-produced Assets",Government Financial Statistics - GFS,Non-financial assets,Non-produced assets,Land,Additions,,Dollars,6
GFSA.SLS05G07Z616141A,2012.06,314,FINAL,"Local Government, Non-financial Assets Reconciliation, Non-produced Assets",Government Financial Statistics - GFS,Non-financial assets,Non-produced assets,Land,Additions,,Dollars,6
GFSA.SLS05G07Z616141A,2013.06,675,FINAL,"Local Government, Non-financial Assets Reconciliation, Non-produced Assets",Government Financial Statistics - GFS,Non-financial assets,Non-produced assets,Land,Additions,,Dollars,6
GFSA.SLS05G07Z616141A,2014.06,305,FINAL,"Local Government, Non-financial Assets Reconciliation, Non-produced Assets",Government Financial Statistics - GFS,Non-financial assets,Non-produced assets,Land,Additions,,Dollars,6
GFSA.SLS05G07Z616141A,2015.06,393,FINAL,"Local Government, Non-financial Assets Reconciliation, Non-produced Assets",Government Financial Statistics - GFS,Non-financial assets,Non-produced assets,Land,Additions,,Dollars,6
GFSA.SLS05G07Z616141A,2016.06,428,FINAL,"Local Government, Non-financial Assets Reconciliation, Non-produced Assets",Government Financial Statistics - GFS,Non-financial assets,Non-produced assets,Land,Additions,,Dollars,6
GFSA.SLS05G07Z616141A,2017.06,402,FINAL,"Local Government, Non-financial Assets Reconciliation, Non-produced Assets",Government Financial Statistics - GFS,Non-financial assets,Non-produced assets,Land,Additions,,Dollars,6
GFSA.SLS05G07Z616141A,2018.06,665,FINAL,"Local Government, Non-financial Assets Reconciliation, Non-produced Assets",Government Financial Statistics - GFS,Non-financial assets,Non-produced assets,Land,Additions,,Dollars,6
GFSA.SLS05G07Z616141A,2019.06,609,FINAL,"Local Government, Non-financial Assets Reconciliation, Non-produced Assets",Government Financial Statistics - GFS,Non-financial assets,Non-produced assets,Land,Additions,,Dollars,6
GFSA.SLS05G07Z616141A,2020.06,615,FINAL,"Local Government, Non-financial Assets Reconciliation, Non-produced Assets",Government Financial Statistics - GFS,Non-financial assets,Non-produced assets,Land,Additions,,Dollars,6
GFSA.SLS05G07Z616141A,2021.06,441,FINAL,"Local Government, Non-financial Assets Reconciliation, Non-produced Assets",Government Financial Statistics - GFS,Non-financial assets,Non-produced assets,Land,Additions,,Dollars,6
GFSA.SLS05G07Z616141A,2022.06,548,FINAL,"Local Government, Non-financial Assets Reconciliation, Non-produced Assets",Government Financial Statistics - GFS,Non-financial assets,Non-produced assets,Land,Additions,,Dollars,6
GFSA.SLS05G07Z616141A,2023.06,692,FINAL,"Local Government, Non-financial Assets Reconciliation, Non-produced Assets",Government Financial Statistics - GFS,Non-financial assets,Non-produced assets,Land,Additions,,Dollars,6
GFSA.SLS05G07Z616141A,2024.06,604,REVISED,"Local Government, Non-financial Assets Reconciliation, Non-produced Assets",Government Financial Statistics - GFS,Non-financial assets,Non-produced assets,Land,Additions,,Dollars,6
GFSA.SLS05G07Z616141A,2025.06,754,PROVISIONAL,"Local Government, Non-financial Assets Reconciliation, Non-produced Assets",Government Financial Statistics - GFS,Non-financial assets,Non-produced assets,Land,Additions,,Dollars,6
GFSA.SLS05G07Z616141D,2009.06,32,FINAL,"Local Government, Non-financial Assets Reconciliation, Non-produced Assets",Government Financial Statistics - GFS,Non-financial assets,Non-produced assets,Land,Disposals,,Dollars,6
GFSA.SLS05G07Z616141D,2010.06,52,FINAL,"Local Government, Non-financial Assets Reconciliation, Non-produced Assets",Government Financial Statistics - GFS,Non-financial assets,Non-produced assets,Land,Disposals,,Dollars,6
GFSA.SLS05G07Z616141D,2011.06,68,FINAL,"Local Government, Non-financial Assets Reconciliation, Non-produced Assets",Government Financial Statistics - GFS,Non-financial assets,Non-produced assets,Land,Disposals,,Dollars,6
GFSA.SLS05G07Z616141D,2012.06,199,FINAL,"Local Government, Non-financial Assets Reconciliation, Non-produced Assets",Government Financial Statistics - GFS,Non-financial assets,Non-produced assets,Land,Disposals,,Dollars,6
GFSA.SLS05G07Z616141D,2013.06,81,FINAL,"Local Government, Non-financial Assets Reconciliation, Non-produced Assets",Government Financial Statistics - GFS,Non-financial assets,Non-produced assets,Land,Disposals,,Dollars,6
GFSA.SLS05G07Z616141D,2014.06,70,FINAL,"Local Government, Non-financial Assets Reconciliation, Non-produced Assets",Government Financial Statistics - GFS,Non-financial assets,Non-produced assets,Land,Disposals,,Dollars,6
GFSA.SLS05G07Z616141D,2015.06,115,FINAL,"Local Government, Non-financial Assets Reconciliation, Non-produced Assets",Government Financial Statistics - GFS,Non-financial assets,Non-produced assets,Land,Disposals,,Dollars,6
GFSA.SLS05G07Z616141D,2016.06,305,FINAL,"Local Government, Non-financial Assets Reconciliation, Non-produced Assets",Government Financial Statistics - GFS,Non-financial assets,Non-produced assets,Land,Disposals,,Dollars,6
GFSA.SLS05G07Z616141D,2017.06,227,FINAL,"Local Government, Non-financial Assets Reconciliation, Non-produced Assets",Government Financial Statistics - GFS,Non-financial assets,Non-produced assets,Land,Disposals,,Dollars,6
GFSA.SLS05G07Z616141D,2018.06,207,FINAL,"Local Government, Non-financial Assets Reconciliation, Non-produced Assets",Government Financial Statistics - GFS,Non-financial assets,Non-produced assets,Land,Disposals,,Dollars,6
GFSA.SLS05G07Z616141D,2019.06,163,FINAL,"Local Government, Non-financial Assets Reconciliation, Non-produced Assets",Government Financial Statistics - GFS,Non-financial assets,Non-produced assets,Land,Disposals,,Dollars,6
GFSA.SLS05G07Z616141D,2020.06,173,FINAL,"Local Government, Non-financial Assets Reconciliation, Non-produced Assets",Government Financial Statistics - GFS,Non-financial assets,Non-produced assets,Land,Disposals,,Dollars,6
GFSA.SLS05G07Z616141D,2021.06,195,FINAL,"Local Government, Non-financial Assets Reconciliation, Non-produced Assets",Government Financial Statistics - GFS,Non-financial assets,Non-produced assets,Land,Disposals,,Dollars,6
GFSA.SLS05G07Z616141D,2022.06,135,FINAL,"Local Government, Non-financial Assets Reconciliation, Non-produced Assets",Government Financial Statistics - GFS,Non-financial assets,Non-produced assets,Land,Disposals,,Dollars,6
GFSA.SLS05G07Z616141D,2023.06,135,REVISED,"Local Government, Non-financial Assets Reconciliation, Non-produced Assets",Government Financial Statistics - GFS,Non-financial assets,Non-produced assets,Land,Disposals,,Dollars,6
GFSA.SLS05G07Z616141D,2024.06,199,REVISED,"Local Government, Non-financial Assets Reconciliation, Non-produced Assets",Government Financial Statistics - GFS,Non-financial assets,Non-produced assets,Land,Disposals,,Dollars,6
GFSA.SLS05G07Z616141D,2025.06,155,PROVISIONAL,"Local Government, Non-financial Assets Reconciliation, Non-produced Assets",Government Financial Statistics - GFS,Non-financial assets,Non-produced assets,Land,Disposals,,Dollars,6
GFSA.SLS05G07Z616141K,2009.06,0,FINAL,"Local Government, Non-financial Assets Reconciliation, Non-produced Assets",Government Financial Statistics - GFS,Non-financial assets,Non-produced assets,Land,Depreciation,,Dollars,6
GFSA.SLS05G07Z616141K,2010.06,0,FINAL,"Local Government, Non-financial Assets Reconciliation, Non-produced Assets",Government Financial Statistics - GFS,Non-financial assets,Non-produced assets,Land,Depreciation,,Dollars,6
GFSA.SLS05G07Z616141K,2011.06,0,FINAL,"Local Government, Non-financial Assets Reconciliation, Non-produced Assets",Government Financial Statistics - GFS,Non-financial assets,Non-produced assets,Land,Depreciation,,Dollars,6
GFSA.SLS05G07Z616141K,2012.06,0,FINAL,"Local Government, Non-financial Assets Reconciliation, Non-produced Assets",Government Financial Statistics - GFS,Non-financial assets,Non-produced assets,Land,Depreciation,,Dollars,6
GFSA.SLS05G07Z616141K,2013.06,0,FINAL,"Local Government, Non-financial Assets Reconciliation, Non-produced Assets",Government Financial Statistics - GFS,Non-financial assets,Non-produced assets,Land,Depreciation,,Dollars,6
GFSA.SLS05G07Z616141K,2014.06,0,FINAL,"Local Government, Non-financial Assets Reconciliation, Non-produced Assets",Government Financial Statistics - GFS,Non-financial assets,Non-produced assets,Land,Depreciation,,Dollars,6
GFSA.SLS05G07Z616141K,2015.06,0,FINAL,"Local Government, Non-financial Assets Reconciliation, Non-produced Assets",Government Financial Statistics - GFS,Non-financial assets,Non-produced assets,Land,Depreciation,,Dollars,6
GFSA.SLS05G07Z616141K,2016.06,0,FINAL,"Local Government, Non-financial Assets Reconciliation, Non-produced Assets",Government Financial Statistics - GFS,Non-financial assets,Non-produced assets,Land,Depreciation,,Dollars,6
GFSA.SLS05G07Z616141K,2017.06,0,FINAL,"Local Government, Non-financial Assets Reconciliation, Non-produced Assets",Government Financial Statistics - GFS,Non-financial assets,Non-produced assets,Land,Depreciation,,Dollars,6
GFSA.SLS05G07Z616141K,2018.06,0,FINAL,"Local Government, Non-financial Assets Reconciliation, Non-produced Assets",Government Financial Statistics - GFS,Non-financial assets,Non-produced assets,Land,Depreciation,,Dollars,6
GFSA.SLS05G07Z616141K,2019.06,0,FINAL,"Local Government, Non-financial Assets Reconciliation, Non-produced Assets",Government Financial Statistics - GFS,Non-financial assets,Non-produced assets,Land,Depreciation,,Dollars,6
GFSA.SLS05G07Z616141K,2020.06,0,FINAL,"Local Government, Non-financial Assets Reconciliation, Non-produced Assets",Government Financial Statistics - GFS,Non-financial assets,Non-produced assets,Land,Depreciation,,Dollars,6
GFSA.SLS05G07Z616141K,2021.06,0,FINAL,"Local Government, Non-financial Assets Reconciliation, Non-produced Assets",Government Financial Statistics - GFS,Non-financial assets,Non-produced assets,Land,Depreciation,,Dollars,6
GFSA.SLS05G07Z616141K,2022.06,0,FINAL,"Local Government, Non-financial Assets Reconciliation, Non-produced Assets",Government Financial Statistics - GFS,Non-financial assets,Non-produced assets,Land,Depreciation,,Dollars,6
GFSA.SLS05G07Z616141K,2023.06,0,FINAL,"Local Government, Non-financial Assets Reconciliation, Non-produced Assets",Government Financial Statistics - GFS,Non-financial assets,Non-produced assets,Land,Depreciation,,Dollars,6
GFSA.SLS05G07Z616141K,2024.06,0,FINAL,"Local Government, Non-financial Assets Reconciliation, Non-produced Assets",Government Financial Statistics - GFS,Non-financial assets,Non-produced assets,Land,Depreciation,,Dollars,6
GFSA.SLS05G07Z616141K,2025.06,0,PROVISIONAL,"Local Government, Non-financial Assets Reconciliation, Non-produced Assets",Government Financial Statistics - GFS,Non-financial assets,Non-produced assets,Land,Depreciation,,Dollars,6
GFSA.SLS05G07Z616141O,2009.06,718,FINAL,"Local Government, Non-financial Assets Reconciliation, Non-produced Assets",Government Financial Statistics - GFS,Non-financial assets,Non-produced assets,Land,Other economic flows,,Dollars,6
GFSA.SLS05G07Z616141O,2010.06,748,FINAL,"Local Government, Non-financial Assets Reconciliation, Non-produced Assets",Government Financial Statistics - GFS,Non-financial assets,Non-produced assets,Land,Other economic flows,,Dollars,6
GFSA.SLS05G07Z616141O,2011.06,2490,FINAL,"Local Government, Non-financial Assets Reconciliation, Non-produced Assets",Government Financial Statistics - GFS,Non-financial assets,Non-produced assets,Land,Other economic flows,,Dollars,6
GFSA.SLS05G07Z616141O,2012.06,-619,FINAL,"Local Government, Non-financial Assets Reconciliation, Non-produced Assets",Government Financial Statistics - GFS,Non-financial assets,Non-produced assets,Land,Other economic flows,,Dollars,6
GFSA.SLS05G07Z616141O,2013.06,-640,FINAL,"Local Government, Non-financial Assets Reconciliation, Non-produced Assets",Government Financial Statistics - GFS,Non-financial assets,Non-produced assets,Land,Other economic flows,,Dollars,6
GFSA.SLS05G07Z616141O,2014.06,1644,FINAL,"Local Government, Non-financial Assets Reconciliation, Non-produced Assets",Government Financial Statistics - GFS,Non-financial assets,Non-produced assets,Land,Other economic flows,,Dollars,6
GFSA.SLS05G07Z616141O,2015.06,752,FINAL,"Local Government, Non-financial Assets Reconciliation, Non-produced Assets",Government Financial Statistics - GFS,Non-financial assets,Non-produced assets,Land,Other economic flows,,Dollars,6
GFSA.SLS05G07Z616141O,2016.06,1429,FINAL,"Local Government, Non-financial Assets Reconciliation, Non-produced Assets",Government Financial Statistics - GFS,Non-financial assets,Non-produced assets,Land,Other economic flows,,Dollars,6
GFSA.SLS05G07Z616141O,2017.06,873,FINAL,"Local Government, Non-financial Assets Reconciliation, Non-produced Assets",Government Financial Statistics - GFS,Non-financial assets,Non-produced assets,Land,Other economic flows,,Dollars,6
GFSA.SLS05G07Z616141O,2018.06,1573,FINAL,"Local Government, Non-financial Assets Reconciliation, Non-produced Assets",Government Financial Statistics - GFS,Non-financial assets,Non-produced assets,Land,Other economic flows,,Dollars,6
GFSA.SLS05G07Z616141O,2019.06,792,FINAL,"Local Government, Non-financial Assets Reconciliation, Non-produced Assets",Government Financial Statistics - GFS,Non-financial assets,Non-produced assets,Land,Other economic flows,,Dollars,6
GFSA.SLS05G07Z616141O,2020.06,1137,FINAL,"Local Government, Non-financial Assets Reconciliation, Non-produced Assets",Government Financial Statistics - GFS,Non-financial assets,Non-produced assets,Land,Other economic flows,,Dollars,6
GFSA.SLS05G07Z616141O,2021.06,1748,FINAL,"Local Government, Non-financial Assets Reconciliation, Non-produced Assets",Government Financial Statistics - GFS,Non-financial assets,Non-produced assets,Land,Other economic flows,,Dollars,6
GFSA.SLS05G07Z616141O,2022.06,4607,FINAL,"Local Government, Non-financial Assets Reconciliation, Non-produced Assets",Government Financial Statistics - GFS,Non-financial assets,Non-produced assets,Land,Other economic flows,,Dollars,6
GFSA.SLS05G07Z616141O,2023.06,-1169,REVISED,"Local Government, Non-financial Assets Reconciliation, Non-produced Assets",Government Financial Statistics - GFS,Non-financial assets,Non-produced assets,Land,Other economic flows,,Dollars,6
GFSA.SLS05G07Z616141O,2024.06,651,REVISED,"Local Government, Non-financial Assets Reconciliation, Non-produced Assets",Government Financial Statistics - GFS,Non-financial assets,Non-produced assets,Land,Other economic flows,,Dollars,6
GFSA.SLS05G07Z616141O,2025.06,1045,PROVISIONAL,"Local Government, Non-financial Assets Reconciliation, Non-produced Assets",Government Financial Statistics - GFS,Non-financial assets,Non-produced assets,Land,Other economic flows,,Dollars,6
GFSA.SLS05G07Z616141Z,2008.06,23613,FINAL,"Local Government, Non-financial Assets Reconciliation, Non-produced Assets",Government Financial Statistics - GFS,Non-financial assets,Non-produced assets,Land,Total,,Dollars,6
GFSA.SLS05G07Z616141Z,2009.06,24684,FINAL,"Local Government, Non-financial Assets Reconciliation, Non-produced Assets",Government Financial Statistics - GFS,Non-financial assets,Non-produced assets,Land,Total,,Dollars,6
GFSA.SLS05G07Z616141Z,2010.06,25652,FINAL,"Local Government, Non-financial Assets Reconciliation, Non-produced Assets",Government Financial Statistics - GFS,Non-financial assets,Non-produced assets,Land,Total,,Dollars,6
GFSA.SLS05G07Z616141Z,2011.06,28312,FINAL,"Local Government, Non-financial Assets Reconciliation, Non-produced Assets",Government Financial Statistics - GFS,Non-financial assets,Non-produced assets,Land,Total,,Dollars,6
GFSA.SLS05G07Z616141Z,2012.06,27807,FINAL,"Local Government, Non-financial Assets Reconciliation, Non-produced Assets",Government Financial Statistics - GFS,Non-financial assets,Non-produced assets,Land,Total,,Dollars,6
GFSA.SLS05G07Z616141Z,2013.06,27761,FINAL,"Local Government, Non-financial Assets Reconciliation, Non-produced Assets",Government Financial Statistics - GFS,Non-financial assets,Non-produced assets,Land,Total,,Dollars,6
GFSA.SLS05G07Z616141Z,2014.06,29640,FINAL,"Local Government, Non-financial Assets Reconciliation, Non-produced Assets",Government Financial Statistics - GFS,Non-financial assets,Non-produced assets,Land,Total,,Dollars,6
GFSA.SLS05G07Z616141Z,2015.06,30670,FINAL,"Local Government, Non-financial Assets Reconciliation, Non-produced Assets",Government Financial Statistics - GFS,Non-financial assets,Non-produced assets,Land,Total,,Dollars,6
GFSA.SLS05G07Z616141Z,2016.06,32222,FINAL,"Local Government, Non-financial Assets Reconciliation, Non-produced Assets",Government Financial Statistics - GFS,Non-financial assets,Non-produced assets,Land,Total,,Dollars,6
GFSA.SLS05G07Z616141Z,2017.06,33269,FINAL,"Local Government, Non-financial Assets Reconciliation, Non-produced Assets",Government Financial Statistics - GFS,Non-financial assets,Non-produced assets,Land,Total,,Dollars,6
GFSA.SLS05G07Z616141Z,2018.06,35302,FINAL,"Local Government, Non-financial Assets Reconciliation, Non-produced Assets",Government Financial Statistics - GFS,Non-financial assets,Non-produced assets,Land,Total,,Dollars,6
GFSA.SLS05G07Z616141Z,2019.06,36540,FINAL,"Local Government, Non-financial Assets Reconciliation, Non-produced Assets",Government Financial Statistics - GFS,Non-financial assets,Non-produced assets,Land,Total,,Dollars,6
GFSA.SLS05G07Z616141Z,2020.06,38120,FINAL,"Local Government, Non-financial Assets Reconciliation, Non-produced Assets",Government Financial Statistics - GFS,Non-financial assets,Non-produced assets,Land,Total,,Dollars,6
GFSA.SLS05G07Z616141Z,2021.06,40115,FINAL,"Local Government, Non-financial Assets Reconciliation, Non-produced Assets",Government Financial Statistics - GFS,Non-financial assets,Non-produced assets,Land,Total,,Dollars,6
GFSA.SLS05G07Z616141Z,2022.06,45135,FINAL,"Local Government, Non-financial Assets Reconciliation, Non-produced Assets",Government Financial Statistics - GFS,Non-financial assets,Non-produced assets,Land,Total,,Dollars,6
GFSA.SLS05G07Z616141Z,2023.06,44522,REVISED,"Local Government, Non-financial Assets Reconciliation, Non-produced Assets",Government Financial Statistics - GFS,Non-financial assets,Non-produced assets,Land,Total,,Dollars,6
GFSA.SLS05G07Z616141Z,2024.06,45578,REVISED,"Local Government, Non-financial Assets Reconciliation, Non-produced Assets",Government Financial Statistics - GFS,Non-financial assets,Non-produced assets,Land,Total,,Dollars,6
GFSA.SLS05G07Z616141Z,2025.06,47221,PROVISIONAL,"Local Government, Non-financial Assets Reconciliation, Non-produced Assets",Government Financial Statistics - GFS,Non-financial assets,Non-produced assets,Land,Total,,Dollars,6
GFSA.SLS05G07Z616144A,2009.06,13,FINAL,"Local Government, Non-financial Assets Reconciliation, Non-produced Assets",Government Financial Statistics - GFS,Non-financial assets,Non-produced assets,Intangible non-produced assets,Additions,,Dollars,6
GFSA.SLS05G07Z616144A,2010.06,6,FINAL,"Local Government, Non-financial Assets Reconciliation, Non-produced Assets",Government Financial Statistics - GFS,Non-financial assets,Non-produced assets,Intangible non-produced assets,Additions,,Dollars,6
GFSA.SLS05G07Z616144A,2011.06,11,FINAL,"Local Government, Non-financial Assets Reconciliation, Non-produced Assets",Government Financial Statistics - GFS,Non-financial assets,Non-produced assets,Intangible non-produced assets,Additions,,Dollars,6
GFSA.SLS05G07Z616144A,2012.06,24,FINAL,"Local Government, Non-financial Assets Reconciliation, Non-produced Assets",Government Financial Statistics - GFS,Non-financial assets,Non-produced assets,Intangible non-produced assets,Additions,,Dollars,6
GFSA.SLS05G07Z616144A,2013.06,22,FINAL,"Local Government, Non-financial Assets Reconciliation, Non-produced Assets",Government Financial Statistics - GFS,Non-financial assets,Non-produced assets,Intangible non-produced assets,Additions,,Dollars,6
GFSA.SLS05G07Z616144A,2014.06,48,FINAL,"Local Government, Non-financial Assets Reconciliation, Non-produced Assets",Government Financial Statistics - GFS,Non-financial assets,Non-produced assets,Intangible non-produced assets,Additions,,Dollars,6
GFSA.SLS05G07Z616144A,2015.06,13,FINAL,"Local Government, Non-financial Assets Reconciliation, Non-produced Assets",Government Financial Statistics - GFS,Non-financial assets,Non-produced assets,Intangible non-produced assets,Additions,,Dollars,6
GFSA.SLS05G07Z616144A,2016.06,15,FINAL,"Local Government, Non-financial Assets Reconciliation, Non-produced Assets",Government Financial Statistics - GFS,Non-financial assets,Non-produced assets,Intangible non-produced assets,Additions,,Dollars,6
GFSA.SLS05G07Z616144A,2017.06,26,FINAL,"Local Government, Non-financial Assets Reconciliation, Non-produced Assets",Government Financial Statistics - GFS,Non-financial assets,Non-produced assets,Intangible non-produced assets,Additions,,Dollars,6
GFSA.SLS05G07Z616144A,2018.06,32,FINAL,"Local Government, Non-financial Assets Reconciliation, Non-produced Assets",Government Financial Statistics - GFS,Non-financial assets,Non-produced assets,Intangible non-produced assets,Additions,,Dollars,6
GFSA.SLS05G07Z616144A,2019.06,11,FINAL,"Local Government, Non-financial Assets Reconciliation, Non-produced Assets",Government Financial Statistics - GFS,Non-financial assets,Non-produced assets,Intangible non-produced assets,Additions,,Dollars,6
GFSA.SLS05G07Z616144A,2020.06,55,FINAL,"Local Government, Non-financial Assets Reconciliation, Non-produced Assets",Government Financial Statistics - GFS,Non-financial assets,Non-produced assets,Intangible non-produced assets,Additions,,Dollars,6
GFSA.SLS05G07Z616144A,2021.06,49,FINAL,"Local Government, Non-financial Assets Reconciliation, Non-produced Assets",Government Financial Statistics - GFS,Non-financial assets,Non-produced assets,Intangible non-produced assets,Additions,,Dollars,6
GFSA.SLS05G07Z616144A,2022.06,43,FINAL,"Local Government, Non-financial Assets Reconciliation, Non-produced Assets",Government Financial Statistics - GFS,Non-financial assets,Non-produced assets,Intangible non-produced assets,Additions,,Dollars,6
GFSA.SLS05G07Z616144A,2023.06,44,FINAL,"Local Government, Non-financial Assets Reconciliation, Non-produced Assets",Government Financial Statistics - GFS,Non-financial assets,Non-produced assets,Intangible non-produced assets,Additions,,Dollars,6
GFSA.SLS05G07Z616144A,2024.06,58,REVISED,"Local Government, Non-financial Assets Reconciliation, Non-produced Assets",Government Financial Statistics - GFS,Non-financial assets,Non-produced assets,Intangible non-produced assets,Additions,,Dollars,6
GFSA.SLS05G07Z616144A,2025.06,63,PROVISIONAL,"Local Government, Non-financial Assets Reconciliation, Non-produced Assets",Government Financial Statistics - GFS,Non-financial assets,Non-produced assets,Intangible non-produced assets,Additions,,Dollars,6
GFSA.SLS05G07Z616144D,2009.06,0,FINAL,"Local Government, Non-financial Assets Reconciliation, Non-produced Assets",Government Financial Statistics - GFS,Non-financial assets,Non-produced assets,Intangible non-produced assets,Disposals,,Dollars,6
GFSA.SLS05G07Z616144D,2010.06,0,FINAL,"Local Government, Non-financial Assets Reconciliation, Non-produced Assets",Government Financial Statistics - GFS,Non-financial assets,Non-produced assets,Intangible non-produced assets,Disposals,,Dollars,6
GFSA.SLS05G07Z616144D,2011.06,1,FINAL,"Local Government, Non-financial Assets Reconciliation, Non-produced Assets",Government Financial Statistics - GFS,Non-financial assets,Non-produced assets,Intangible non-produced assets,Disposals,,Dollars,6
GFSA.SLS05G07Z616144D,2012.06,0,FINAL,"Local Government, Non-financial Assets Reconciliation, Non-produced Assets",Government Financial Statistics - GFS,Non-financial assets,Non-produced assets,Intangible non-produced assets,Disposals,,Dollars,6
GFSA.SLS05G07Z616144D,2013.06,16,FINAL,"Local Government, Non-financial Assets Reconciliation, Non-produced Assets",Government Financial Statistics - GFS,Non-financial assets,Non-produced assets,Intangible non-produced assets,Disposals,,Dollars,6
GFSA.SLS05G07Z616144D,2014.06,2,FINAL,"Local Government, Non-financial Assets Reconciliation, Non-produced Assets",Government Financial Statistics - GFS,Non-financial assets,Non-produced assets,Intangible non-produced assets,Disposals,,Dollars,6
GFSA.SLS05G07Z616144D,2015.06,0,FINAL,"Local Government, Non-financial Assets Reconciliation, Non-produced Assets",Government Financial Statistics - GFS,Non-financial assets,Non-produced assets,Intangible non-produced assets,Disposals,,Dollars,6
GFSA.SLS05G07Z616144D,2016.06,1,FINAL,"Local Government, Non-financial Assets Reconciliation, Non-produced Assets",Government Financial Statistics - GFS,Non-financial assets,Non-produced assets,Intangible non-produced assets,Disposals,,Dollars,6
GFSA.SLS05G07Z616144D,2017.06,7,FINAL,"Local Government, Non-financial Assets Reconciliation, Non-produced Assets",Government Financial Statistics - GFS,Non-financial assets,Non-produced assets,Intangible non-produced assets,Disposals,,Dollars,6
GFSA.SLS05G07Z616144D,2018.06,1,FINAL,"Local Government, Non-financial Assets Reconciliation, Non-produced Assets",Government Financial Statistics - GFS,Non-financial assets,Non-produced assets,Intangible non-produced assets,Disposals,,Dollars,6
GFSA.SLS05G07Z616144D,2019.06,3,FINAL,"Local Government, Non-financial Assets Reconciliation, Non-produced Assets",Government Financial Statistics - GFS,Non-financial assets,Non-produced assets,Intangible non-produced assets,Disposals,,Dollars,6
GFSA.SLS05G07Z616144D,2020.06,6,FINAL,"Local Government, Non-financial Assets Reconciliation, Non-produced Assets",Government Financial Statistics - GFS,Non-financial assets,Non-produced assets,Intangible non-produced assets,Disposals,,Dollars,6
GFSA.SLS05G07Z616144D,2021.06,6,FINAL,"Local Government, Non-financial Assets Reconciliation, Non-produced Assets",Government Financial Statistics - GFS,Non-financial assets,Non-produced assets,Intangible non-produced assets,Disposals,,Dollars,6
GFSA.SLS05G07Z616144D,2022.06,8,FINAL,"Local Government, Non-financial Assets Reconciliation, Non-produced Assets",Government Financial Statistics - GFS,Non-financial assets,Non-produced assets,Intangible non-produced assets,Disposals,,Dollars,6
GFSA.SLS05G07Z616144D,2023.06,12,FINAL,"Local Government, Non-financial Assets Reconciliation, Non-produced Assets",Government Financial Statistics - GFS,Non-financial assets,Non-produced assets,Intangible non-produced assets,Disposals,,Dollars,6
GFSA.SLS05G07Z616144D,2024.06,30,REVISED,"Local Government, Non-financial Assets Reconciliation, Non-produced Assets",Government Financial Statistics - GFS,Non-financial assets,Non-produced assets,Intangible non-produced assets,Disposals,,Dollars,6
GFSA.SLS05G07Z616144D,2025.06,16,PROVISIONAL,"Local Government, Non-financial Assets Reconciliation, Non-produced Assets",Government Financial Statistics - GFS,Non-financial assets,Non-produced assets,Intangible non-produced assets,Disposals,,Dollars,6
GFSA.SLS05G07Z616144K,2009.06,5,FINAL,"Local Government, Non-financial Assets Reconciliation, Non-produced Assets",Government Financial Statistics - GFS,Non-financial assets,Non-produced assets,Intangible non-produced assets,Depreciation,,Dollars,6
GFSA.SLS05G07Z616144K,2010.06,8,FINAL,"Local Government, Non-financial Assets Reconciliation, Non-produced Assets",Government Financial Statistics - GFS,Non-financial assets,Non-produced assets,Intangible non-produced assets,Depreciation,,Dollars,6
GFSA.SLS05G07Z616144K,2011.06,7,FINAL,"Local Government, Non-financial Assets Reconciliation, Non-produced Assets",Government Financial Statistics - GFS,Non-financial assets,Non-produced assets,Intangible non-produced assets,Depreciation,,Dollars,6
GFSA.SLS05G07Z616144K,2012.06,5,FINAL,"Local Government, Non-financial Assets Reconciliation, Non-produced Assets",Government Financial Statistics - GFS,Non-financial assets,Non-produced assets,Intangible non-produced assets,Depreciation,,Dollars,6
GFSA.SLS05G07Z616144K,2013.06,14,FINAL,"Local Government, Non-financial Assets Reconciliation, Non-produced Assets",Government Financial Statistics - GFS,Non-financial assets,Non-produced assets,Intangible non-produced assets,Depreciation,,Dollars,6
GFSA.SLS05G07Z616144K,2014.06,11,FINAL,"Local Government, Non-financial Assets Reconciliation, Non-produced Assets",Government Financial Statistics - GFS,Non-financial assets,Non-produced assets,Intangible non-produced assets,Depreciation,,Dollars,6
GFSA.SLS05G07Z616144K,2015.06,13,FINAL,"Local Government, Non-financial Assets Reconciliation, Non-produced Assets",Government Financial Statistics - GFS,Non-financial assets,Non-produced assets,Intangible non-produced assets,Depreciation,,Dollars,6
GFSA.SLS05G07Z616144K,2016.06,18,FINAL,"Local Government, Non-financial Assets Reconciliation, Non-produced Assets",Government Financial Statistics - GFS,Non-financial assets,Non-produced assets,Intangible non-produced assets,Depreciation,,Dollars,6
GFSA.SLS05G07Z616144K,2017.06,12,FINAL,"Local Government, Non-financial Assets Reconciliation, Non-produced Assets",Government Financial Statistics - GFS,Non-financial assets,Non-produced assets,Intangible non-produced assets,Depreciation,,Dollars,6
GFSA.SLS05G07Z616144K,2018.06,16,FINAL,"Local Government, Non-financial Assets Reconciliation, Non-produced Assets",Government Financial Statistics - GFS,Non-financial assets,Non-produced assets,Intangible non-produced assets,Depreciation,,Dollars,6
GFSA.SLS05G07Z616144K,2019.06,14,FINAL,"Local Government, Non-financial Assets Reconciliation, Non-produced Assets",Government Financial Statistics - GFS,Non-financial assets,Non-produced assets,Intangible non-produced assets,Depreciation,,Dollars,6
GFSA.SLS05G07Z616144K,2020.06,15,FINAL,"Local Government, Non-financial Assets Reconciliation, Non-produced Assets",Government Financial Statistics - GFS,Non-financial assets,Non-produced assets,Intangible non-produced assets,Depreciation,,Dollars,6
GFSA.SLS05G07Z616144K,2021.06,19,FINAL,"Local Government, Non-financial Assets Reconciliation, Non-produced Assets",Government Financial Statistics - GFS,Non-financial assets,Non-produced assets,Intangible non-produced assets,Depreciation,,Dollars,6
GFSA.SLS05G07Z616144K,2022.06,20,FINAL,"Local Government, Non-financial Assets Reconciliation, Non-produced Assets",Government Financial Statistics - GFS,Non-financial assets,Non-produced assets,Intangible non-produced assets,Depreciation,,Dollars,6
GFSA.SLS05G07Z616144K,2023.06,22,FINAL,"Local Government, Non-financial Assets Reconciliation, Non-produced Assets",Government Financial Statistics - GFS,Non-financial assets,Non-produced assets,Intangible non-produced assets,Depreciation,,Dollars,6
GFSA.SLS05G07Z616144K,2024.06,24,FINAL,"Local Government, Non-financial Assets Reconciliation, Non-produced Assets",Government Financial Statistics - GFS,Non-financial assets,Non-produced assets,Intangible non-produced assets,Depreciation,,Dollars,6
GFSA.SLS05G07Z616144K,2025.06,27,PROVISIONAL,"Local Government, Non-financial Assets Reconciliation, Non-produced Assets",Government Financial Statistics - GFS,Non-financial assets,Non-produced assets,Intangible non-produced assets,Depreciation,,Dollars,6
GFSA.SLS05G07Z616144O,2009.06,0,FINAL,"Local Government, Non-financial Assets Reconciliation, Non-produced Assets",Government Financial Statistics - GFS,Non-financial assets,Non-produced assets,Intangible non-produced assets,Other economic flows,,Dollars,6
GFSA.SLS05G07Z616144O,2010.06,-3,FINAL,"Local Government, Non-financial Assets Reconciliation, Non-produced Assets",Government Financial Statistics - GFS,Non-financial assets,Non-produced assets,Intangible non-produced assets,Other economic flows,,Dollars,6
GFSA.SLS05G07Z616144O,2011.06,52,FINAL,"Local Government, Non-financial Assets Reconciliation, Non-produced Assets",Government Financial Statistics - GFS,Non-financial assets,Non-produced assets,Intangible non-produced assets,Other economic flows,,Dollars,6
GFSA.SLS05G07Z616144O,2012.06,7,FINAL,"Local Government, Non-financial Assets Reconciliation, Non-produced Assets",Government Financial Statistics - GFS,Non-financial assets,Non-produced assets,Intangible non-produced assets,Other economic flows,,Dollars,6
GFSA.SLS05G07Z616144O,2013.06,7,FINAL,"Local Government, Non-financial Assets Reconciliation, Non-produced Assets",Government Financial Statistics - GFS,Non-financial assets,Non-produced assets,Intangible non-produced assets,Other economic flows,,Dollars,6
GFSA.SLS05G07Z616144O,2014.06,18,FINAL,"Local Government, Non-financial Assets Reconciliation, Non-produced Assets",Government Financial Statistics - GFS,Non-financial assets,Non-produced assets,Intangible non-produced assets,Other economic flows,,Dollars,6
GFSA.SLS05G07Z616144O,2015.06,-67,FINAL,"Local Government, Non-financial Assets Reconciliation, Non-produced Assets",Government Financial Statistics - GFS,Non-financial assets,Non-produced assets,Intangible non-produced assets,Other economic flows,,Dollars,6
GFSA.SLS05G07Z616144O,2016.06,89,FINAL,"Local Government, Non-financial Assets Reconciliation, Non-produced Assets",Government Financial Statistics - GFS,Non-financial assets,Non-produced assets,Intangible non-produced assets,Other economic flows,,Dollars,6
GFSA.SLS05G07Z616144O,2017.06,-7,FINAL,"Local Government, Non-financial Assets Reconciliation, Non-produced Assets",Government Financial Statistics - GFS,Non-financial assets,Non-produced assets,Intangible non-produced assets,Other economic flows,,Dollars,6
GFSA.SLS05G07Z616144O,2018.06,7,FINAL,"Local Government, Non-financial Assets Reconciliation, Non-produced Assets",Government Financial Statistics - GFS,Non-financial assets,Non-produced assets,Intangible non-produced assets,Other economic flows,,Dollars,6
GFSA.SLS05G07Z616144O,2019.06,-89,FINAL,"Local Government, Non-financial Assets Reconciliation, Non-produced Assets",Government Financial Statistics - GFS,Non-financial assets,Non-produced assets,Intangible non-produced assets,Other economic flows,,Dollars,6
GFSA.SLS05G07Z616144O,2020.06,38,FINAL,"Local Government, Non-financial Assets Reconciliation, Non-produced Assets",Government Financial Statistics - GFS,Non-financial assets,Non-produced assets,Intangible non-produced assets,Other economic flows,,Dollars,6
GFSA.SLS05G07Z616144O,2021.06,36,FINAL,"Local Government, Non-financial Assets Reconciliation, Non-produced Assets",Government Financial Statistics - GFS,Non-financial assets,Non-produced assets,Intangible non-produced assets,Other economic flows,,Dollars,6
GFSA.SLS05G07Z616144O,2022.06,35,FINAL,"Local Government, Non-financial Assets Reconciliation, Non-produced Assets",Government Financial Statistics - GFS,Non-financial assets,Non-produced assets,Intangible non-produced assets,Other economic flows,,Dollars,6
GFSA.SLS05G07Z616144O,2023.06,-43,FINAL,"Local Government, Non-financial Assets Reconciliation, Non-produced Assets",Government Financial Statistics - GFS,Non-financial assets,Non-produced assets,Intangible non-produced assets,Other economic flows,,Dollars,6
GFSA.SLS05G07Z616144O,2024.06,19,REVISED,"Local Government, Non-financial Assets Reconciliation, Non-produced Assets",Government Financial Statistics - GFS,Non-financial assets,Non-produced assets,Intangible non-produced assets,Other economic flows,,Dollars,6
GFSA.SLS05G07Z616144O,2025.06,-9,PROVISIONAL,"Local Government, Non-financial Assets Reconciliation, Non-produced Assets",Government Financial Statistics - GFS,Non-financial assets,Non-produced assets,Intangible non-produced assets,Other economic flows,,Dollars,6
GFSA.SLS05G07Z616144Z,2008.06,100,FINAL,"Local Government, Non-financial Assets Reconciliation, Non-produced Assets",Government Financial Statistics - GFS,Non-financial assets,Non-produced assets,Intangible non-produced assets,Total,,Dollars,6
GFSA.SLS05G07Z616144Z,2009.06,107,FINAL,"Local Government, Non-financial Assets Reconciliation, Non-produced Assets",Government Financial Statistics - GFS,Non-financial assets,Non-produced assets,Intangible non-produced assets,Total,,Dollars,6
GFSA.SLS05G07Z616144Z,2010.06,103,FINAL,"Local Government, Non-financial Assets Reconciliation, Non-produced Assets",Government Financial Statistics - GFS,Non-financial assets,Non-produced assets,Intangible non-produced assets,Total,,Dollars,6
GFSA.SLS05G07Z616144Z,2011.06,158,FINAL,"Local Government, Non-financial Assets Reconciliation, Non-produced Assets",Government Financial Statistics - GFS,Non-financial assets,Non-produced assets,Intangible non-produced assets,Total,,Dollars,6
GFSA.SLS05G07Z616144Z,2012.06,185,FINAL,"Local Government, Non-financial Assets Reconciliation, Non-produced Assets",Government Financial Statistics - GFS,Non-financial assets,Non-produced assets,Intangible non-produced assets,Total,,Dollars,6
GFSA.SLS05G07Z616144Z,2013.06,184,FINAL,"Local Government, Non-financial Assets Reconciliation, Non-produced Assets",Government Financial Statistics - GFS,Non-financial assets,Non-produced assets,Intangible non-produced assets,Total,,Dollars,6
GFSA.SLS05G07Z616144Z,2014.06,237,FINAL,"Local Government, Non-financial Assets Reconciliation, Non-produced Assets",Government Financial Statistics - GFS,Non-financial assets,Non-produced assets,Intangible non-produced assets,Total,,Dollars,6
GFSA.SLS05G07Z616144Z,2015.06,170,FINAL,"Local Government, Non-financial Assets Reconciliation, Non-produced Assets",Government Financial Statistics - GFS,Non-financial assets,Non-produced assets,Intangible non-produced assets,Total,,Dollars,6
GFSA.SLS05G07Z616144Z,2016.06,256,FINAL,"Local Government, Non-financial Assets Reconciliation, Non-produced Assets",Government Financial Statistics - GFS,Non-financial assets,Non-produced assets,Intangible non-produced assets,Total,,Dollars,6
GFSA.SLS05G07Z616144Z,2017.06,257,FINAL,"Local Government, Non-financial Assets Reconciliation, Non-produced Assets",Government Financial Statistics - GFS,Non-financial assets,Non-produced assets,Intangible non-produced assets,Total,,Dollars,6
GFSA.SLS05G07Z616144Z,2018.06,279,FINAL,"Local Government, Non-financial Assets Reconciliation, Non-produced Assets",Government Financial Statistics - GFS,Non-financial assets,Non-produced assets,Intangible non-produced assets,Total,,Dollars,6
GFSA.SLS05G07Z616144Z,2019.06,184,FINAL,"Local Government, Non-financial Assets Reconciliation, Non-produced Assets",Government Financial Statistics - GFS,Non-financial assets,Non-produced assets,Intangible non-produced assets,Total,,Dollars,6
GFSA.SLS05G07Z616144Z,2020.06,255,FINAL,"Local Government, Non-financial Assets Reconciliation, Non-produced Assets",Government Financial Statistics - GFS,Non-financial assets,Non-produced assets,Intangible non-produced assets,Total,,Dollars,6
GFSA.SLS05G07Z616144Z,2021.06,317,FINAL,"Local Government, Non-financial Assets Reconciliation, Non-produced Assets",Government Financial Statistics - GFS,Non-financial assets,Non-produced assets,Intangible non-produced assets,Total,,Dollars,6
GFSA.SLS05G07Z616144Z,2022.06,365,FINAL,"Local Government, Non-financial Assets Reconciliation, Non-produced Assets",Government Financial Statistics - GFS,Non-financial assets,Non-produced assets,Intangible non-produced assets,Total,,Dollars,6
GFSA.SLS05G07Z616144Z,2023.06,333,FINAL,"Local Government, Non-financial Assets Reconciliation, Non-produced Assets",Government Financial Statistics - GFS,Non-financial assets,Non-produced assets,Intangible non-produced assets,Total,,Dollars,6
GFSA.SLS05G07Z616144Z,2024.06,355,REVISED,"Local Government, Non-financial Assets Reconciliation, Non-produced Assets",Government Financial Statistics - GFS,Non-financial assets,Non-produced assets,Intangible non-produced assets,Total,,Dollars,6
GFSA.SLS05G07Z616144Z,2025.06,365,PROVISIONAL,"Local Government, Non-financial Assets Reconciliation, Non-produced Assets",Government Financial Statistics - GFS,Non-financial assets,Non-produced assets,Intangible non-produced assets,Total,,Dollars,6
GFSA.SLS05G08Z61613A,2009.06,0,FINAL,"Local Government, Non-financial Assets Reconciliation, Valuables",Government Financial Statistics - GFS,Non-financial assets,Valuables,Additions,,,Dollars,6
GFSA.SLS05G08Z61613A,2010.06,0,FINAL,"Local Government, Non-financial Assets Reconciliation, Valuables",Government Financial Statistics - GFS,Non-financial assets,Valuables,Additions,,,Dollars,6
GFSA.SLS05G08Z61613A,2011.06,0,FINAL,"Local Government, Non-financial Assets Reconciliation, Valuables",Government Financial Statistics - GFS,Non-financial assets,Valuables,Additions,,,Dollars,6
GFSA.SLS05G08Z61613A,2012.06,0,FINAL,"Local Government, Non-financial Assets Reconciliation, Valuables",Government Financial Statistics - GFS,Non-financial assets,Valuables,Additions,,,Dollars,6
GFSA.SLS05G08Z61613A,2013.06,0,FINAL,"Local Government, Non-financial Assets Reconciliation, Valuables",Government Financial Statistics - GFS,Non-financial assets,Valuables,Additions,,,Dollars,6
GFSA.SLS05G08Z61613A,2014.06,0,FINAL,"Local Government, Non-financial Assets Reconciliation, Valuables",Government Financial Statistics - GFS,Non-financial assets,Valuables,Additions,,,Dollars,6
GFSA.SLS05G08Z61613A,2015.06,0,FINAL,"Local Government, Non-financial Assets Reconciliation, Valuables",Government Financial Statistics - GFS,Non-financial assets,Valuables,Additions,,,Dollars,6
GFSA.SLS05G08Z61613A,2016.06,0,FINAL,"Local Government, Non-financial Assets Reconciliation, Valuables",Government Financial Statistics - GFS,Non-financial assets,Valuables,Additions,,,Dollars,6
GFSA.SLS05G08Z61613A,2017.06,0,FINAL,"Local Government, Non-financial Assets Reconciliation, Valuables",Government Financial Statistics - GFS,Non-financial assets,Valuables,Additions,,,Dollars,6
GFSA.SLS05G08Z61613A,2018.06,0,FINAL,"Local Government, Non-financial Assets Reconciliation, Valuables",Government Financial Statistics - GFS,Non-financial assets,Valuables,Additions,,,Dollars,6
GFSA.SLS05G08Z61613A,2019.06,0,FINAL,"Local Government, Non-financial Assets Reconciliation, Valuables",Government Financial Statistics - GFS,Non-financial assets,Valuables,Additions,,,Dollars,6
GFSA.SLS05G08Z61613A,2020.06,0,FINAL,"Local Government, Non-financial Assets Reconciliation, Valuables",Government Financial Statistics - GFS,Non-financial assets,Valuables,Additions,,,Dollars,6
GFSA.SLS05G08Z61613A,2021.06,0,FINAL,"Local Government, Non-financial Assets Reconciliation, Valuables",Government Financial Statistics - GFS,Non-financial assets,Valuables,Additions,,,Dollars,6
GFSA.SLS05G08Z61613A,2022.06,0,FINAL,"Local Government, Non-financial Assets Reconciliation, Valuables",Government Financial Statistics - GFS,Non-financial assets,Valuables,Additions,,,Dollars,6
GFSA.SLS05G08Z61613A,2023.06,0,FINAL,"Local Government, Non-financial Assets Reconciliation, Valuables",Government Financial Statistics - GFS,Non-financial assets,Valuables,Additions,,,Dollars,6
GFSA.SLS05G08Z61613A,2024.06,0,FINAL,"Local Government, Non-financial Assets Reconciliation, Valuables",Government Financial Statistics - GFS,Non-financial assets,Valuables,Additions,,,Dollars,6
GFSA.SLS05G08Z61613A,2025.06,0,PROVISIONAL,"Local Government, Non-financial Assets Reconciliation, Valuables",Government Financial Statistics - GFS,Non-financial assets,Valuables,Additions,,,Dollars,6
GFSA.SLS05G08Z61613D,2009.06,0,FINAL,"Local Government, Non-financial Assets Reconciliation, Valuables",Government Financial Statistics - GFS,Non-financial assets,Valuables,Disposals,,,Dollars,6
GFSA.SLS05G08Z61613D,2010.06,0,FINAL,"Local Government, Non-financial Assets Reconciliation, Valuables",Government Financial Statistics - GFS,Non-financial assets,Valuables,Disposals,,,Dollars,6
GFSA.SLS05G08Z61613D,2011.06,0,FINAL,"Local Government, Non-financial Assets Reconciliation, Valuables",Government Financial Statistics - GFS,Non-financial assets,Valuables,Disposals,,,Dollars,6
GFSA.SLS05G08Z61613D,2012.06,0,FINAL,"Local Government, Non-financial Assets Reconciliation, Valuables",Government Financial Statistics - GFS,Non-financial assets,Valuables,Disposals,,,Dollars,6
GFSA.SLS05G08Z61613D,2013.06,0,FINAL,"Local Government, Non-financial Assets Reconciliation, Valuables",Government Financial Statistics - GFS,Non-financial assets,Valuables,Disposals,,,Dollars,6
GFSA.SLS05G08Z61613D,2014.06,0,FINAL,"Local Government, Non-financial Assets Reconciliation, Valuables",Government Financial Statistics - GFS,Non-financial assets,Valuables,Disposals,,,Dollars,6
GFSA.SLS05G08Z61613D,2015.06,0,FINAL,"Local Government, Non-financial Assets Reconciliation, Valuables",Government Financial Statistics - GFS,Non-financial assets,Valuables,Disposals,,,Dollars,6
GFSA.SLS05G08Z61613D,2016.06,0,FINAL,"Local Government, Non-financial Assets Reconciliation, Valuables",Government Financial Statistics - GFS,Non-financial assets,Valuables,Disposals,,,Dollars,6
GFSA.SLS05G08Z61613D,2017.06,0,FINAL,"Local Government, Non-financial Assets Reconciliation, Valuables",Government Financial Statistics - GFS,Non-financial assets,Valuables,Disposals,,,Dollars,6
GFSA.SLS05G08Z61613D,2018.06,0,FINAL,"Local Government, Non-financial Assets Reconciliation, Valuables",Government Financial Statistics - GFS,Non-financial assets,Valuables,Disposals,,,Dollars,6
GFSA.SLS05G08Z61613D,2019.06,0,FINAL,"Local Government, Non-financial Assets Reconciliation, Valuables",Government Financial Statistics - GFS,Non-financial assets,Valuables,Disposals,,,Dollars,6
GFSA.SLS05G08Z61613D,2020.06,0,FINAL,"Local Government, Non-financial Assets Reconciliation, Valuables",Government Financial Statistics - GFS,Non-financial assets,Valuables,Disposals,,,Dollars,6
GFSA.SLS05G08Z61613D,2021.06,0,FINAL,"Local Government, Non-financial Assets Reconciliation, Valuables",Government Financial Statistics - GFS,Non-financial assets,Valuables,Disposals,,,Dollars,6
GFSA.SLS05G08Z61613D,2022.06,0,FINAL,"Local Government, Non-financial Assets Reconciliation, Valuables",Government Financial Statistics - GFS,Non-financial assets,Valuables,Disposals,,,Dollars,6
GFSA.SLS05G08Z61613D,2023.06,0,FINAL,"Local Government, Non-financial Assets Reconciliation, Valuables",Government Financial Statistics - GFS,Non-financial assets,Valuables,Disposals,,,Dollars,6
GFSA.SLS05G08Z61613D,2024.06,0,FINAL,"Local Government, Non-financial Assets Reconciliation, Valuables",Government Financial Statistics - GFS,Non-financial assets,Valuables,Disposals,,,Dollars,6
GFSA.SLS05G08Z61613D,2025.06,0,PROVISIONAL,"Local Government, Non-financial Assets Reconciliation, Valuables",Government Financial Statistics - GFS,Non-financial assets,Valuables,Disposals,,,Dollars,6
GFSA.SLS05G08Z61613K,2009.06,0,FINAL,"Local Government, Non-financial Assets Reconciliation, Valuables",Government Financial Statistics - GFS,Non-financial assets,Valuables,Depreciation,,,Dollars,6
GFSA.SLS05G08Z61613K,2010.06,0,FINAL,"Local Government, Non-financial Assets Reconciliation, Valuables",Government Financial Statistics - GFS,Non-financial assets,Valuables,Depreciation,,,Dollars,6
GFSA.SLS05G08Z61613K,2011.06,0,FINAL,"Local Government, Non-financial Assets Reconciliation, Valuables",Government Financial Statistics - GFS,Non-financial assets,Valuables,Depreciation,,,Dollars,6
GFSA.SLS05G08Z61613K,2012.06,0,FINAL,"Local Government, Non-financial Assets Reconciliation, Valuables",Government Financial Statistics - GFS,Non-financial assets,Valuables,Depreciation,,,Dollars,6
GFSA.SLS05G08Z61613K,2013.06,0,FINAL,"Local Government, Non-financial Assets Reconciliation, Valuables",Government Financial Statistics - GFS,Non-financial assets,Valuables,Depreciation,,,Dollars,6
GFSA.SLS05G08Z61613K,2014.06,0,FINAL,"Local Government, Non-financial Assets Reconciliation, Valuables",Government Financial Statistics - GFS,Non-financial assets,Valuables,Depreciation,,,Dollars,6
GFSA.SLS05G08Z61613K,2015.06,0,FINAL,"Local Government, Non-financial Assets Reconciliation, Valuables",Government Financial Statistics - GFS,Non-financial assets,Valuables,Depreciation,,,Dollars,6
GFSA.SLS05G08Z61613K,2016.06,0,FINAL,"Local Government, Non-financial Assets Reconciliation, Valuables",Government Financial Statistics - GFS,Non-financial assets,Valuables,Depreciation,,,Dollars,6
GFSA.SLS05G08Z61613K,2017.06,0,FINAL,"Local Government, Non-financial Assets Reconciliation, Valuables",Government Financial Statistics - GFS,Non-financial assets,Valuables,Depreciation,,,Dollars,6
GFSA.SLS05G08Z61613K,2018.06,0,FINAL,"Local Government, Non-financial Assets Reconciliation, Valuables",Government Financial Statistics - GFS,Non-financial assets,Valuables,Depreciation,,,Dollars,6
GFSA.SLS05G08Z61613K,2019.06,0,FINAL,"Local Government, Non-financial Assets Reconciliation, Valuables",Government Financial Statistics - GFS,Non-financial assets,Valuables,Depreciation,,,Dollars,6
GFSA.SLS05G08Z61613K,2020.06,0,FINAL,"Local Government, Non-financial Assets Reconciliation, Valuables",Government Financial Statistics - GFS,Non-financial assets,Valuables,Depreciation,,,Dollars,6
GFSA.SLS05G08Z61613K,2021.06,0,FINAL,"Local Government, Non-financial Assets Reconciliation, Valuables",Government Financial Statistics - GFS,Non-financial assets,Valuables,Depreciation,,,Dollars,6
GFSA.SLS05G08Z61613K,2022.06,0,FINAL,"Local Government, Non-financial Assets Reconciliation, Valuables",Government Financial Statistics - GFS,Non-financial assets,Valuables,Depreciation,,,Dollars,6
GFSA.SLS05G08Z61613K,2023.06,0,FINAL,"Local Government, Non-financial Assets Reconciliation, Valuables",Government Financial Statistics - GFS,Non-financial assets,Valuables,Depreciation,,,Dollars,6
GFSA.SLS05G08Z61613K,2024.06,0,FINAL,"Local Government, Non-financial Assets Reconciliation, Valuables",Government Financial Statistics - GFS,Non-financial assets,Valuables,Depreciation,,,Dollars,6
GFSA.SLS05G08Z61613K,2025.06,0,PROVISIONAL,"Local Government, Non-financial Assets Reconciliation, Valuables",Government Financial Statistics - GFS,Non-financial assets,Valuables,Depreciation,,,Dollars,6
GFSA.SLS05G08Z61613O,2009.06,0,FINAL,"Local Government, Non-financial Assets Reconciliation, Valuables",Government Financial Statistics - GFS,Non-financial assets,Valuables,Other economic flows,,,Dollars,6
GFSA.SLS05G08Z61613O,2010.06,0,FINAL,"Local Government, Non-financial Assets Reconciliation, Valuables",Government Financial Statistics - GFS,Non-financial assets,Valuables,Other economic flows,,,Dollars,6
GFSA.SLS05G08Z61613O,2011.06,0,FINAL,"Local Government, Non-financial Assets Reconciliation, Valuables",Government Financial Statistics - GFS,Non-financial assets,Valuables,Other economic flows,,,Dollars,6
GFSA.SLS05G08Z61613O,2012.06,0,FINAL,"Local Government, Non-financial Assets Reconciliation, Valuables",Government Financial Statistics - GFS,Non-financial assets,Valuables,Other economic flows,,,Dollars,6
GFSA.SLS05G08Z61613O,2013.06,0,FINAL,"Local Government, Non-financial Assets Reconciliation, Valuables",Government Financial Statistics - GFS,Non-financial assets,Valuables,Other economic flows,,,Dollars,6
GFSA.SLS05G08Z61613O,2014.06,0,FINAL,"Local Government, Non-financial Assets Reconciliation, Valuables",Government Financial Statistics - GFS,Non-financial assets,Valuables,Other economic flows,,,Dollars,6
GFSA.SLS05G08Z61613O,2015.06,0,FINAL,"Local Government, Non-financial Assets Reconciliation, Valuables",Government Financial Statistics - GFS,Non-financial assets,Valuables,Other economic flows,,,Dollars,6
GFSA.SLS05G08Z61613O,2016.06,0,FINAL,"Local Government, Non-financial Assets Reconciliation, Valuables",Government Financial Statistics - GFS,Non-financial assets,Valuables,Other economic flows,,,Dollars,6
GFSA.SLS05G08Z61613O,2017.06,0,FINAL,"Local Government, Non-financial Assets Reconciliation, Valuables",Government Financial Statistics - GFS,Non-financial assets,Valuables,Other economic flows,,,Dollars,6
GFSA.SLS05G08Z61613O,2018.06,0,FINAL,"Local Government, Non-financial Assets Reconciliation, Valuables",Government Financial Statistics - GFS,Non-financial assets,Valuables,Other economic flows,,,Dollars,6
GFSA.SLS05G08Z61613O,2019.06,0,FINAL,"Local Government, Non-financial Assets Reconciliation, Valuables",Government Financial Statistics - GFS,Non-financial assets,Valuables,Other economic flows,,,Dollars,6
GFSA.SLS05G08Z61613O,2020.06,0,FINAL,"Local Government, Non-financial Assets Reconciliation, Valuables",Government Financial Statistics - GFS,Non-financial assets,Valuables,Other economic flows,,,Dollars,6
GFSA.SLS05G08Z61613O,2021.06,0,FINAL,"Local Government, Non-financial Assets Reconciliation, Valuables",Government Financial Statistics - GFS,Non-financial assets,Valuables,Other economic flows,,,Dollars,6
GFSA.SLS05G08Z61613O,2022.06,0,FINAL,"Local Government, Non-financial Assets Reconciliation, Valuables",Government Financial Statistics - GFS,Non-financial assets,Valuables,Other economic flows,,,Dollars,6
GFSA.SLS05G08Z61613O,2023.06,0,FINAL,"Local Government, Non-financial Assets Reconciliation, Valuables",Government Financial Statistics - GFS,Non-financial assets,Valuables,Other economic flows,,,Dollars,6
GFSA.SLS05G08Z61613O,2024.06,0,FINAL,"Local Government, Non-financial Assets Reconciliation, Valuables",Government Financial Statistics - GFS,Non-financial assets,Valuables,Other economic flows,,,Dollars,6
GFSA.SLS05G08Z61613O,2025.06,0,PROVISIONAL,"Local Government, Non-financial Assets Reconciliation, Valuables",Government Financial Statistics - GFS,Non-financial assets,Valuables,Other economic flows,,,Dollars,6
GFSA.SLS05G08Z61613Z,2008.06,0,FINAL,"Local Government, Non-financial Assets Reconciliation, Valuables",Government Financial Statistics - GFS,Non-financial assets,Valuables,Total,,,Dollars,6
GFSA.SLS05G08Z61613Z,2009.06,0,FINAL,"Local Government, Non-financial Assets Reconciliation, Valuables",Government Financial Statistics - GFS,Non-financial assets,Valuables,Total,,,Dollars,6
GFSA.SLS05G08Z61613Z,2010.06,0,FINAL,"Local Government, Non-financial Assets Reconciliation, Valuables",Government Financial Statistics - GFS,Non-financial assets,Valuables,Total,,,Dollars,6
GFSA.SLS05G08Z61613Z,2011.06,0,FINAL,"Local Government, Non-financial Assets Reconciliation, Valuables",Government Financial Statistics - GFS,Non-financial assets,Valuables,Total,,,Dollars,6
GFSA.SLS05G08Z61613Z,2012.06,0,FINAL,"Local Government, Non-financial Assets Reconciliation, Valuables",Government Financial Statistics - GFS,Non-financial assets,Valuables,Total,,,Dollars,6
GFSA.SLS05G08Z61613Z,2013.06,0,FINAL,"Local Government, Non-financial Assets Reconciliation, Valuables",Government Financial Statistics - GFS,Non-financial assets,Valuables,Total,,,Dollars,6
GFSA.SLS05G08Z61613Z,2014.06,0,FINAL,"Local Government, Non-financial Assets Reconciliation, Valuables",Government Financial Statistics - GFS,Non-financial assets,Valuables,Total,,,Dollars,6
GFSA.SLS05G08Z61613Z,2015.06,0,FINAL,"Local Government, Non-financial Assets Reconciliation, Valuables",Government Financial Statistics - GFS,Non-financial assets,Valuables,Total,,,Dollars,6
GFSA.SLS05G08Z61613Z,2016.06,0,FINAL,"Local Government, Non-financial Assets Reconciliation, Valuables",Government Financial Statistics - GFS,Non-financial assets,Valuables,Total,,,Dollars,6
GFSA.SLS05G08Z61613Z,2017.06,0,FINAL,"Local Government, Non-financial Assets Reconciliation, Valuables",Government Financial Statistics - GFS,Non-financial assets,Valuables,Total,,,Dollars,6
GFSA.SLS05G08Z61613Z,2018.06,0,FINAL,"Local Government, Non-financial Assets Reconciliation, Valuables",Government Financial Statistics - GFS,Non-financial assets,Valuables,Total,,,Dollars,6
GFSA.SLS05G08Z61613Z,2019.06,0,FINAL,"Local Government, Non-financial Assets Reconciliation, Valuables",Government Financial Statistics - GFS,Non-financial assets,Valuables,Total,,,Dollars,6
GFSA.SLS05G08Z61613Z,2020.06,0,FINAL,"Local Government, Non-financial Assets Reconciliation, Valuables",Government Financial Statistics - GFS,Non-financial assets,Valuables,Total,,,Dollars,6
GFSA.SLS05G08Z61613Z,2021.06,0,FINAL,"Local Government, Non-financial Assets Reconciliation, Valuables",Government Financial Statistics - GFS,Non-financial assets,Valuables,Total,,,Dollars,6
GFSA.SLS05G08Z61613Z,2022.06,0,FINAL,"Local Government, Non-financial Assets Reconciliation, Valuables",Government Financial Statistics - GFS,Non-financial assets,Valuables,Total,,,Dollars,6
GFSA.SLS05G08Z61613Z,2023.06,0,FINAL,"Local Government, Non-financial Assets Reconciliation, Valuables",Government Financial Statistics - GFS,Non-financial assets,Valuables,Total,,,Dollars,6
GFSA.SLS05G08Z61613Z,2024.06,0,FINAL,"Local Government, Non-financial Assets Reconciliation, Valuables",Government Financial Statistics - GFS,Non-financial assets,Valuables,Total,,,Dollars,6
GFSA.SLS05G08Z61613Z,2025.06,0,PROVISIONAL,"Local Government, Non-financial Assets Reconciliation, Valuables",Government Financial Statistics - GFS,Non-financial assets,Valuables,Total,,,Dollars,6
